prior_mode,forward_method,tau_fixed_value,loss_mode,diluent_encoding,hidden_size,n_hidden_layers,activation,dropout,standardize_cont,lr,mean_rmse,std_rmse,optimizer,use_scheduler,rel_eps,seed,ode_method,ode_rtol,ode_atol,cf_beta_eps,cf_blend_k,cf_base_softplus
tau_fixed,closed_form,1.0,absolute,continuous,34,2,mish,0.2,True,0.002225144604874549,0.062097035348415375,0.014821380364396987,adamw,False,,1,,,,0.001,6.0,True
tau_fixed,closed_form,1.0,absolute,continuous,58,3,mish,0.2,True,0.033106242124873814,0.05658868253231049,0.010277917565905856,adamw,False,,1,,,,0.001,6.0,True
tau_fixed,closed_form,1.0,absolute,continuous,16,4,leakyrelu,0.2,True,0.0010741655866324071,0.07199610546231269,0.017330711606168944,adamw,False,,1,,,,0.001,6.0,True
tau_fixed,closed_form,1.0,absolute,continuous,51,2,gelu,0.0,True,0.014233811441826113,0.04290260896086693,0.007952141841036037,adamw,False,,1,,,,0.001,6.0,True
tau_fixed,closed_form,1.0,absolute,continuous,23,5,gelu,0.1,True,0.0012158204064810275,0.059278766810894015,0.010260281676124123,adamw,False,,1,,,,0.001,6.0,True
tau_fixed,closed_form,1.0,absolute,continuous,40,4,swish,0.2,True,0.003898017317845035,0.051851458847522736,0.01351558650381688,adamw,False,,1,,,,0.001,6.0,True
tau_fixed,closed_form,1.0,absolute,continuous,51,3,gelu,0.0,True,0.0015665705795640376,0.04215588122606277,0.01024745613161121,adamw,False,,1,,,,0.001,6.0,True
tau_fixed,closed_form,1.0,absolute,continuous,62,3,swish,0.2,True,0.0040456714034066,0.04262538850307465,0.006418621303447968,adamw,False,,1,,,,0.001,6.0,True
tau_fixed,closed_form,1.0,absolute,continuous,60,4,swish,0.2,True,0.019090312215059413,0.04723562151193618,0.007706725830413265,adamw,False,,1,,,,0.001,6.0,True
tau_fixed,closed_form,1.0,absolute,continuous,60,2,gelu,0.1,True,0.002980744122943109,0.0494772270321846,0.007999129834031733,adamw,False,,1,,,,0.001,6.0,True
tau_fixed,closed_form,1.0,absolute,continuous,43,3,leakyrelu,0.0,True,0.008415701983484871,0.04848396182060242,0.012394071363434123,adamw,False,,1,,,,0.001,6.0,True
tau_fixed,closed_form,1.0,absolute,continuous,50,3,swish,0.0,True,0.004780190900488397,0.04450841285288334,0.01344672510984896,adamw,False,,1,,,,0.001,6.0,True
tau_fixed,closed_form,1.0,absolute,continuous,64,3,gelu,0.0,True,0.0021804136137123856,0.04232758358120918,0.008583917300580238,adamw,False,,1,,,,0.001,6.0,True
tau_fixed,closed_form,1.0,absolute,continuous,49,3,gelu,0.0,True,0.0018049707261546801,0.04628414288163185,0.011240737380253505,adamw,False,,1,,,,0.001,6.0,True
tau_fixed,closed_form,1.0,absolute,continuous,32,5,gelu,0.0,True,0.0017554091292364944,0.03884014934301376,0.0047510974032882475,adamw,False,,1,,,,0.001,6.0,True
tau_fixed,closed_form,1.0,absolute,continuous,30,5,gelu,0.0,True,0.006818115962710984,0.0364919763058424,0.0070817928527192545,adamw,False,,1,,,,0.001,6.0,True
tau_fixed,closed_form,1.0,absolute,continuous,29,5,gelu,0.0,True,0.010164173937473773,0.043402081727981566,0.012308781060800321,adamw,False,,1,,,,0.001,6.0,True
tau_fixed,closed_form,1.0,absolute,continuous,25,5,gelu,0.0,True,0.04966377157300191,0.05667361840605736,0.02741342197959813,adamw,False,,1,,,,0.001,6.0,True
tau_fixed,closed_form,1.0,absolute,continuous,33,5,mish,0.1,True,0.005863520508252529,0.04932138845324517,0.02136399310117496,adamw,False,,1,,,,0.001,6.0,True
tau_fixed,closed_form,1.0,absolute,continuous,13,5,leakyrelu,0.0,True,0.007022685279021584,0.051064009219408034,0.018269895194764355,adamw,False,,1,,,,0.001,6.0,True
tau_fixed,closed_form,1.0,absolute,continuous,20,5,gelu,0.0,True,0.02093291062364053,0.03685080520808697,0.004933740792657666,adamw,False,,1,,,,0.001,6.0,True
tau_fixed,closed_form,1.0,absolute,continuous,22,5,gelu,0.0,True,0.02254412914266124,0.04053126350045204,0.0065675415425083756,adamw,False,,1,,,,0.001,6.0,True
tau_fixed,closed_form,1.0,absolute,continuous,19,5,gelu,0.0,True,0.015568246310881185,0.04761764705181122,0.012335769937126215,adamw,False,,1,,,,0.001,6.0,True
tau_fixed,closed_form,1.0,absolute,continuous,29,5,gelu,0.0,True,0.010911756783408224,0.04447217881679535,0.008444383660106079,adamw,False,,1,,,,0.001,6.0,True
tau_fixed,closed_form,1.0,absolute,continuous,29,5,gelu,0.0,True,0.02773459151682232,0.0511325865983963,0.021329098502251342,adamw,False,,1,,,,0.001,6.0,True
tau_fixed,closed_form,1.0,absolute,continuous,37,5,gelu,0.1,True,0.04249233837543975,0.060665079951286324,0.009217939469559571,adamw,False,,1,,,,0.001,6.0,True
tau_fixed,closed_form,1.0,absolute,continuous,26,5,gelu,0.0,True,0.0029767974850783948,0.04000617302954197,0.01005290088141992,adamw,False,,1,,,,0.001,6.0,True
tau_fixed,closed_form,1.0,absolute,continuous,19,5,leakyrelu,0.0,True,0.012530002069672707,0.04614197835326195,0.00846877759356836,adamw,False,,1,,,,0.001,6.0,True
tau_fixed,closed_form,1.0,absolute,continuous,33,5,mish,0.0,True,0.008599575296644828,0.0426298588514328,0.015068419987273571,adamw,False,,1,,,,0.001,6.0,True
tau_fixed,closed_form,1.0,absolute,continuous,42,2,mish,0.1,True,0.002665368491446224,0.05132643207907677,0.010266530786249778,adamw,False,,1,,,,0.001,6.0,True
tau_fixed,closed_form,1.0,absolute,continuous,36,5,gelu,0.0,True,0.018160420315446627,0.04329062029719353,0.004733008266252872,adamw,False,,1,,,,0.001,6.0,True
tau_fixed,closed_form,1.0,absolute,continuous,26,5,gelu,0.0,True,0.0014459934097728268,0.0404957301914692,0.006678287275356964,adamw,False,,1,,,,0.001,6.0,True
tau_fixed,closed_form,1.0,absolute,continuous,30,5,gelu,0.0,True,0.0027614979059225795,0.045637264102697375,0.016934346610144285,adamw,False,,1,,,,0.001,6.0,True
tau_fixed,closed_form,1.0,absolute,continuous,12,5,gelu,0.0,True,0.0020779878865331367,0.04899034425616265,0.011248976755894893,adamw,False,,1,,,,0.001,6.0,True
tau_fixed,closed_form,1.0,absolute,continuous,19,4,gelu,0.0,True,0.003442086772071309,0.04099746979773045,0.009119053853662035,adamw,False,,1,,,,0.001,6.0,True
tau_fixed,closed_form,1.0,absolute,continuous,26,2,mish,0.2,True,0.005159318816482412,0.0589232437312603,0.02378142020851273,adamw,False,,1,,,,0.001,6.0,True
tau_fixed,closed_form,1.0,absolute,continuous,16,5,gelu,0.0,True,0.0010959273305725752,0.04519145712256432,0.014976281906517643,adamw,False,,1,,,,0.001,6.0,True
tau_fixed,closed_form,1.0,absolute,continuous,33,4,leakyrelu,0.0,True,0.006494339397315715,0.04627954438328743,0.015148839860285722,adamw,False,,1,,,,0.001,6.0,True
tau_fixed,closed_form,1.0,absolute,continuous,23,5,gelu,0.2,True,0.001599716382567095,0.06102467924356461,0.014795716934450403,adamw,False,,1,,,,0.001,6.0,True
tau_fixed,closed_form,1.0,absolute,continuous,22,5,swish,0.0,True,0.001305146055737938,0.04753203392028808,0.014101447547160912,adamw,False,,1,,,,0.001,6.0,True
tau_fixed,closed_form,1.0,absolute,continuous,40,4,gelu,0.1,True,0.004382304483688964,0.04353256896138191,0.006809337184693006,adamw,False,,1,,,,0.001,6.0,True
tau_fixed,closed_form,1.0,absolute,continuous,26,5,gelu,0.0,True,0.0012661040794510108,0.044537775963544836,0.01580174688799853,adamw,False,,1,,,,0.001,6.0,True
tau_fixed,closed_form,1.0,absolute,continuous,26,5,gelu,0.0,True,0.0010084013950833195,0.04423695057630539,0.005220765135048934,adamw,False,,1,,,,0.001,6.0,True
tau_fixed,closed_form,1.0,absolute,continuous,31,5,gelu,0.0,True,0.001556278821296145,0.039531576260924337,0.0073387635651533875,adamw,False,,1,,,,0.001,6.0,True
tau_fixed,closed_form,1.0,absolute,continuous,30,2,gelu,0.2,True,0.0018103289688193914,0.05425324514508247,0.013182254602823398,adamw,False,,1,,,,0.001,6.0,True
tau_fixed,closed_form,1.0,absolute,continuous,46,5,swish,0.0,True,0.0033477858396709546,0.04564760774374008,0.01889496057851421,adamw,False,,1,,,,0.001,6.0,True
tau_fixed,closed_form,1.0,absolute,continuous,36,5,gelu,0.0,True,0.002417861676134616,0.049417789280414584,0.024600584644513847,adamw,False,,1,,,,0.001,6.0,True
tau_fixed,closed_form,1.0,absolute,continuous,31,5,gelu,0.0,True,0.0017600606449081672,0.038825616240501404,0.005264194467388096,adamw,False,,1,,,,0.001,6.0,True
tau_fixed,closed_form,1.0,absolute,continuous,31,3,gelu,0.0,True,0.0017261600698150056,0.042965407669544216,0.004024713095073121,adamw,False,,1,,,,0.001,6.0,True
tau_fixed,closed_form,1.0,absolute,continuous,38,5,swish,0.2,True,0.0020141462086848546,0.050685444474220284,0.01249750506152718,adamw,False,,1,,,,0.001,6.0,True
tau_fixed,closed_form,1.0,absolute,continuous,35,2,leakyrelu,0.0,True,0.027919986343826524,0.04373252615332603,0.00886482946947652,adamw,False,,1,,,,0.001,6.0,True
tau_fixed,closed_form,1.0,absolute,continuous,32,5,gelu,0.0,True,0.0014180183834526401,0.03900985643267632,0.005093660359621545,adamw,False,,1,,,,0.001,6.0,True
tau_fixed,closed_form,1.0,absolute,continuous,33,5,gelu,0.0,True,0.001402856509668162,0.046613364666700366,0.015006533847745644,adamw,False,,1,,,,0.001,6.0,True
tau_fixed,closed_form,1.0,absolute,continuous,39,5,gelu,0.0,True,0.0023414271455544666,0.043081377819180484,0.01704318286961676,adamw,False,,1,,,,0.001,6.0,True
tau_fixed,closed_form,1.0,absolute,continuous,31,5,gelu,0.0,True,0.0012234840782992312,0.049767079204320906,0.021039032646761786,adamw,False,,1,,,,0.001,6.0,True
tau_fixed,closed_form,1.0,absolute,continuous,54,5,gelu,0.0,True,0.0018881656148523266,0.03640025369822979,0.005776704311847276,adamw,False,,1,,,,0.001,6.0,True
tau_fixed,closed_form,1.0,absolute,continuous,58,3,gelu,0.1,True,0.003592710698210303,0.04715370684862137,0.010499227156152284,adamw,False,,1,,,,0.001,6.0,True
tau_fixed,closed_form,1.0,absolute,continuous,56,5,gelu,0.0,True,0.008196008331680908,0.04749896377325058,0.016769966817181663,adamw,False,,1,,,,0.001,6.0,True
tau_fixed,closed_form,1.0,absolute,continuous,54,4,mish,0.0,True,0.001753956316571507,0.03929222784936428,0.008720853375465779,adamw,False,,1,,,,0.001,6.0,True
tau_fixed,closed_form,1.0,absolute,continuous,43,5,gelu,0.0,True,0.01455807320593758,0.04037064909934997,0.002763815448985382,adamw,False,,1,,,,0.001,6.0,True
tau_fixed,closed_form,1.0,absolute,continuous,48,5,gelu,0.0,True,0.0019910608177415557,0.04484169855713845,0.02094438295319786,adamw,False,,1,,,,0.001,6.0,True
tau_fixed,closed_form,1.0,absolute,continuous,56,4,mish,0.0,True,0.002382196660313488,0.04748171754181385,0.024579627024105537,adamw,False,,1,,,,0.001,6.0,True
tau_fixed,closed_form,1.0,absolute,continuous,53,4,mish,0.0,True,0.001669124855983457,0.046305828541517255,0.01817047991935473,adamw,False,,1,,,,0.001,6.0,True
tau_fixed,closed_form,1.0,absolute,continuous,64,4,mish,0.0,True,0.0014841275097656427,0.047257020324468615,0.01782839485532525,adamw,False,,1,,,,0.001,6.0,True
tau_fixed,closed_form,1.0,absolute,continuous,52,4,mish,0.0,True,0.0011218419565784275,0.04512402191758156,0.013603051835925565,adamw,False,,1,,,,0.001,6.0,True
tau_fixed,closed_form,1.0,absolute,continuous,46,5,mish,0.0,True,0.02313555657381994,0.042438735440373423,0.009471419277597896,adamw,False,,1,,,,0.001,6.0,True
tau_fixed,closed_form,1.0,absolute,continuous,28,4,leakyrelu,0.1,True,0.03734560263615234,0.05491575002670288,0.010512009448041213,adamw,False,,1,,,,0.001,6.0,True
tau_fixed,closed_form,1.0,absolute,continuous,54,5,gelu,0.0,True,0.001885467802596896,0.035171575844287865,0.0042140763286224155,adamw,False,,1,,,,0.001,6.0,True
tau_fixed,closed_form,1.0,absolute,continuous,28,5,gelu,0.0,True,0.00259623353109248,0.03882376998662949,0.007472629514852475,adamw,False,,1,,,,0.001,6.0,True
tau_fixed,closed_form,1.0,absolute,continuous,24,5,gelu,0.0,True,0.002720289131021791,0.03841145187616348,0.004947777304178904,adamw,False,,1,,,,0.001,6.0,True
tau_fixed,closed_form,1.0,absolute,continuous,17,5,gelu,0.2,True,0.002719047426060625,0.06516015455126763,0.014615109466558631,adamw,False,,1,,,,0.001,6.0,True
tau_fixed,closed_form,1.0,absolute,continuous,24,5,gelu,0.0,True,0.0019593462173677213,0.04249454624950886,0.009091202998006549,adamw,False,,1,,,,0.001,6.0,True
tau_fixed,closed_form,1.0,absolute,continuous,19,5,gelu,0.0,True,0.0021986514942572122,0.04384139142930508,0.016036557105145097,adamw,False,,1,,,,0.001,6.0,True
tau_fixed,closed_form,1.0,absolute,continuous,21,5,gelu,0.0,True,0.0052785041575162134,0.03995326682925224,0.006801199287067503,adamw,False,,1,,,,0.001,6.0,True
tau_fixed,closed_form,1.0,absolute,continuous,28,5,gelu,0.0,True,0.0039789833240247065,0.03690820187330246,0.00804838780710385,adamw,False,,1,,,,0.001,6.0,True
tau_fixed,closed_form,1.0,absolute,continuous,28,5,gelu,0.0,True,0.003103664376832568,0.0382709801197052,0.0025857160344990183,adamw,False,,1,,,,0.001,6.0,True
tau_fixed,closed_form,1.0,absolute,continuous,28,5,gelu,0.0,True,0.003001011808516462,0.036752736568450926,0.004806552602919647,adamw,False,,1,,,,0.001,6.0,True
tau_fixed,closed_form,1.0,absolute,continuous,24,5,gelu,0.0,True,0.003070108144038523,0.041772944480180735,0.005608689202659546,adamw,False,,1,,,,0.001,6.0,True
tau_fixed,closed_form,1.0,absolute,continuous,28,3,gelu,0.0,True,0.00409715014063964,0.04247389733791351,0.003997456178589695,adamw,False,,1,,,,0.001,6.0,True
tau_fixed,closed_form,1.0,absolute,continuous,21,5,swish,0.0,True,0.0044859122971994,0.04155086688697338,0.014238167492764615,adamw,False,,1,,,,0.001,6.0,True
tau_fixed,closed_form,1.0,absolute,continuous,60,2,gelu,0.1,True,0.005955005515505644,0.0467458538711071,0.010037117381883755,adamw,False,,1,,,,0.001,6.0,True
tau_fixed,closed_form,1.0,absolute,continuous,28,5,gelu,0.0,True,0.0037131462127381093,0.04006622992455959,0.010027617369769109,adamw,False,,1,,,,0.001,6.0,True
tau_fixed,closed_form,1.0,absolute,continuous,27,5,gelu,0.0,True,0.003130018336074237,0.041305249184370035,0.00942085151582028,adamw,False,,1,,,,0.001,6.0,True
tau_fixed,closed_form,1.0,absolute,continuous,25,5,gelu,0.0,True,0.002595670749299665,0.04583314917981625,0.014671987462105076,adamw,False,,1,,,,0.001,6.0,True
tau_fixed,closed_form,1.0,absolute,continuous,23,5,gelu,0.0,True,0.003269398005618171,0.03824165463447572,0.005686491009322846,adamw,False,,1,,,,0.001,6.0,True
tau_fixed,closed_form,1.0,absolute,continuous,23,5,gelu,0.0,True,0.003365133089652531,0.04122496694326401,0.0053447850179740046,adamw,False,,1,,,,0.001,6.0,True
tau_fixed,closed_form,1.0,absolute,continuous,21,5,gelu,0.0,True,0.004927192410184438,0.0461485393345356,0.02273355017531673,adamw,False,,1,,,,0.001,6.0,True
tau_fixed,closed_form,1.0,absolute,continuous,25,5,gelu,0.0,True,0.0039711126546603795,0.038878049701452255,0.00462960385485109,adamw,False,,1,,,,0.001,6.0,True
tau_fixed,closed_form,1.0,absolute,continuous,15,5,gelu,0.2,True,0.005618765232595318,0.06321174278855324,0.013802128881463907,adamw,False,,1,,,,0.001,6.0,True
tau_fixed,closed_form,1.0,absolute,continuous,17,5,leakyrelu,0.0,True,0.0029815968166852416,0.056503538787364964,0.025360223300399533,adamw,False,,1,,,,0.001,6.0,True
tau_fixed,closed_form,1.0,absolute,continuous,20,5,gelu,0.0,True,0.011897447914416244,0.045052072405815116,0.012065025706487764,adamw,False,,1,,,,0.001,6.0,True
tau_fixed,closed_form,1.0,absolute,continuous,29,5,gelu,0.0,True,0.002547567195645639,0.0404059000313282,0.008819968082814938,adamw,False,,1,,,,0.001,6.0,True
tau_fixed,closed_form,1.0,absolute,continuous,27,5,gelu,0.0,True,0.002951703334689625,0.04111623913049698,0.005056247561123736,adamw,False,,1,,,,0.001,6.0,True
tau_fixed,closed_form,1.0,absolute,continuous,23,5,gelu,0.0,True,0.007323696873827125,0.03972121067345143,0.009352097651467543,adamw,False,,1,,,,0.001,6.0,True
tau_fixed,closed_form,1.0,absolute,continuous,34,5,gelu,0.0,True,0.004283904457658556,0.045731055364012715,0.01519615539843827,adamw,False,,1,,,,0.001,6.0,True
tau_fixed,closed_form,1.0,absolute,continuous,27,5,gelu,0.0,True,0.002192175101611848,0.04048733226954937,0.016230753922315416,adamw,False,,1,,,,0.001,6.0,True
tau_fixed,closed_form,1.0,absolute,continuous,30,5,gelu,0.0,True,0.002827330208441265,0.04385152235627175,0.019774295646143063,adamw,False,,1,,,,0.001,6.0,True
tau_fixed,closed_form,1.0,absolute,continuous,24,3,swish,0.0,True,0.0036868709675942813,0.047263677790761,0.015445586851958284,adamw,False,,1,,,,0.001,6.0,True
tau_fixed,closed_form,1.0,absolute,continuous,22,5,gelu,0.0,True,0.0033087927878184217,0.04086420461535454,0.014932988565620304,adamw,False,,1,,,,0.001,6.0,True
tau_fixed,closed_form,1.0,absolute,continuous,49,2,gelu,0.0,True,0.002366499147515205,0.051633299142122266,0.012877533074836573,adamw,False,,1,,,,0.001,6.0,True
tau_fixed,closed_form,1.0,absolute,continuous,30,5,gelu,0.1,True,0.004629196577878571,0.044348584860563284,0.0014984285442780295,adamw,False,,1,,,,0.001,6.0,True
tau_fixed,closed_form,1.0,absolute,continuous,32,5,gelu,0.0,True,0.0018786447287092148,0.04004606381058693,0.0087476796743253,adamw,False,,1,,,,0.001,6.0,True
tau_fixed,closed_form,1.0,absolute,continuous,28,5,gelu,0.0,True,0.009887165098254241,0.04290749169886112,0.01172257174321754,adamw,False,,1,,,,0.001,6.0,True
tau_fixed,closed_form,1.0,absolute,continuous,25,5,gelu,0.0,True,0.002151223113083195,0.03785617128014565,0.007423878400350676,adamw,False,,1,,,,0.001,6.0,True
tau_fixed,closed_form,1.0,absolute,continuous,25,5,gelu,0.0,True,0.002518475221763527,0.0370369378477335,0.007286662699362988,adamw,False,,1,,,,0.001,6.0,True
tau_fixed,closed_form,1.0,absolute,continuous,25,5,gelu,0.0,True,0.002087538992138413,0.04422980695962906,0.014005638178552887,adamw,False,,1,,,,0.001,6.0,True
tau_fixed,closed_form,1.0,absolute,continuous,23,5,gelu,0.0,True,0.0024840820590475536,0.047908907383680345,0.014518819539199968,adamw,False,,1,,,,0.001,6.0,True
tau_fixed,closed_form,1.0,absolute,continuous,18,5,gelu,0.2,True,0.003230039413343806,0.05229658335447311,0.010200490210538718,adamw,False,,1,,,,0.001,6.0,True
tau_fixed,closed_form,1.0,absolute,continuous,25,5,leakyrelu,0.0,True,0.0028353511579745885,0.046827576309442516,0.00916273070993583,adamw,False,,1,,,,0.001,6.0,True
tau_fixed,closed_form,1.0,absolute,continuous,22,5,gelu,0.0,True,0.018653176492913103,0.049512590467929836,0.019293131227307584,adamw,False,,1,,,,0.001,6.0,True
tau_fixed,closed_form,1.0,absolute,continuous,26,5,gelu,0.0,True,0.01687564999566664,0.04216579906642437,0.008670029636557938,adamw,False,,1,,,,0.001,6.0,True
tau_fixed,closed_form,1.0,absolute,continuous,27,5,gelu,0.0,True,0.0022994807219152377,0.04028926119208336,0.007180143915555009,adamw,False,,1,,,,0.001,6.0,True
tau_fixed,closed_form,1.0,absolute,continuous,56,5,gelu,0.0,True,0.002606157063020689,0.04256994239985943,0.017993921298459482,adamw,False,,1,,,,0.001,6.0,True
tau_fixed,closed_form,1.0,absolute,continuous,29,5,gelu,0.0,True,0.0021046124946080755,0.04308658801019192,0.01594720958927611,adamw,False,,1,,,,0.001,6.0,True
tau_fixed,closed_form,1.0,absolute,continuous,54,5,gelu,0.0,True,0.001900134817614264,0.05424334220588208,0.022815567645324428,adamw,False,,1,,,,0.001,6.0,True
tau_fixed,closed_form,1.0,absolute,continuous,20,5,gelu,0.0,True,0.003619829120355264,0.040120299905538566,0.005795732993649206,adamw,False,,1,,,,0.001,6.0,True
tau_fixed,closed_form,1.0,absolute,continuous,26,5,gelu,0.0,True,0.0027889127944880033,0.03900672271847725,0.008598701531967777,adamw,False,,1,,,,0.001,6.0,True
tau_fixed,closed_form,1.0,absolute,continuous,24,3,swish,0.0,True,0.001569826119459283,0.04965506717562675,0.018091775282507702,adamw,False,,1,,,,0.001,6.0,True
tau_fixed,closed_form,1.0,absolute,continuous,29,2,gelu,0.0,True,0.0039735267784566574,0.050096216797828684,0.014117964042665956,adamw,False,,1,,,,0.001,6.0,True
tau_fixed,closed_form,1.0,absolute,continuous,51,5,gelu,0.0,True,0.002243586466519814,0.04444343186914921,0.020674858735744813,adamw,False,,1,,,,0.001,6.0,True
tau_fixed,closed_form,1.0,absolute,continuous,24,5,gelu,0.0,True,0.002551551209353279,0.03749313540756703,0.008448311154712134,adamw,False,,1,,,,0.001,6.0,True
tau_fixed,closed_form,1.0,absolute,continuous,20,5,gelu,0.0,True,0.0025761271706269155,0.041084254533052436,0.005293286610642135,adamw,False,,1,,,,0.001,6.0,True
tau_fixed,closed_form,1.0,absolute,continuous,25,5,gelu,0.0,True,0.003071324077748425,0.04401074349880218,0.015214412047244224,adamw,False,,1,,,,0.001,6.0,True
tau_fixed,closed_form,1.0,absolute,continuous,27,5,gelu,0.0,True,0.0034250137874565537,0.04573959186673164,0.017607680397540557,adamw,False,,1,,,,0.001,6.0,True
tau_fixed,closed_form,1.0,absolute,continuous,58,5,gelu,0.0,True,0.002455957333401163,0.037136375531554223,0.008194722965025757,adamw,False,,1,,,,0.001,6.0,True
tau_fixed,closed_form,1.0,absolute,continuous,61,5,gelu,0.1,True,0.002371098164540174,0.04047150388360024,0.004311422002643951,adamw,False,,1,,,,0.001,6.0,True
tau_fixed,closed_form,1.0,absolute,continuous,57,5,gelu,0.0,True,0.001936901917514807,0.03606661185622216,0.003304017133196653,adamw,False,,1,,,,0.001,6.0,True
tau_fixed,closed_form,1.0,absolute,continuous,55,5,gelu,0.0,True,0.001823071409866073,0.042385610938072214,0.018851124804409626,adamw,False,,1,,,,0.001,6.0,True
tau_fixed,closed_form,1.0,absolute,continuous,62,5,gelu,0.0,True,0.0016620786647158108,0.043908851221203804,0.01960300418782658,adamw,False,,1,,,,0.001,6.0,True
tau_fixed,closed_form,1.0,absolute,continuous,58,5,gelu,0.2,True,0.0020115980675653915,0.04450154229998589,0.003552126016716864,adamw,False,,1,,,,0.001,6.0,True
tau_fixed,closed_form,1.0,absolute,continuous,57,5,leakyrelu,0.0,True,0.006532360691308823,0.04453482553362846,0.0071125624738239785,adamw,False,,1,,,,0.001,6.0,True
tau_fixed,closed_form,1.0,absolute,continuous,59,5,gelu,0.0,True,0.002189852534058069,0.03738274499773979,0.0076847257200252815,adamw,False,,1,,,,0.001,6.0,True
tau_fixed,closed_form,1.0,absolute,continuous,59,5,gelu,0.0,True,0.002149176830673735,0.043883961811661716,0.01779973938512322,adamw,False,,1,,,,0.001,6.0,True
tau_fixed,closed_form,1.0,absolute,continuous,60,5,gelu,0.0,True,0.02189773856559184,0.04860649816691876,0.02069583610751934,adamw,False,,1,,,,0.001,6.0,True
tau_fixed,closed_form,1.0,absolute,continuous,58,5,gelu,0.0,True,0.04591568418547514,0.10014006346464158,0.06704510300956815,adamw,False,,1,,,,0.001,6.0,True
tau_fixed,closed_form,1.0,absolute,continuous,54,5,gelu,0.0,True,0.0013488861252371144,0.04254785627126693,0.01811428842614429,adamw,False,,1,,,,0.001,6.0,True
tau_fixed,closed_form,1.0,absolute,continuous,63,5,gelu,0.0,True,0.009345635412169104,0.040998411178588864,0.0042515314298140865,adamw,False,,1,,,,0.001,6.0,True
tau_fixed,closed_form,1.0,absolute,continuous,57,5,gelu,0.0,True,0.0019154436455980234,0.04279801845550537,0.011909441577855024,adamw,False,,1,,,,0.001,6.0,True
tau_fixed,closed_form,1.0,absolute,continuous,55,5,gelu,0.0,True,0.0023665530157657203,0.038447634875774385,0.0037031510527691853,adamw,False,,1,,,,0.001,6.0,True
tau_fixed,closed_form,1.0,absolute,continuous,59,3,gelu,0.0,True,0.002906925824535461,0.040084759891033175,0.005653932923616571,adamw,False,,1,,,,0.001,6.0,True
tau_fixed,closed_form,1.0,absolute,continuous,52,5,swish,0.0,True,0.0017568880999390714,0.04611346051096917,0.018626793303793708,adamw,False,,1,,,,0.001,6.0,True
tau_fixed,closed_form,1.0,absolute,continuous,24,5,gelu,0.0,True,0.002773714745837916,0.04270127564668656,0.014626548343267213,adamw,False,,1,,,,0.001,6.0,True
tau_fixed,closed_form,1.0,absolute,continuous,23,5,gelu,0.0,True,0.002490115921825628,0.044287030026316634,0.016377413681885528,adamw,False,,1,,,,0.001,6.0,True
tau_fixed,closed_form,1.0,absolute,continuous,22,5,gelu,0.0,True,0.003125193943463517,0.04484961815178394,0.018994475467846317,adamw,False,,1,,,,0.001,6.0,True
tau_fixed,closed_form,1.0,absolute,continuous,57,5,gelu,0.0,True,0.0021667956978840795,0.037273707985877993,0.0054487527337537325,adamw,False,,1,,,,0.001,6.0,True
tau_fixed,closed_form,1.0,absolute,continuous,57,5,gelu,0.0,True,0.002056162298560329,0.039316368848085405,0.007906454750083294,adamw,False,,1,,,,0.001,6.0,True
tau_fixed,closed_form,1.0,absolute,continuous,59,5,gelu,0.0,True,0.002216594235963366,0.04021200239658355,0.00717524022378772,adamw,False,,1,,,,0.001,6.0,True
tau_fixed,closed_form,1.0,absolute,continuous,53,2,gelu,0.0,True,0.0015453276301065214,0.0520935483276844,0.007254256667104453,adamw,False,,1,,,,0.001,6.0,True
tau_fixed,closed_form,1.0,absolute,continuous,56,5,gelu,0.1,True,0.0018610280166243926,0.040692925453186035,0.005893277028614879,adamw,False,,1,,,,0.001,6.0,True
tau_fixed,closed_form,1.0,absolute,continuous,62,5,gelu,0.0,True,0.03243002413436424,0.052805174887180326,0.008927269277064442,adamw,False,,1,,,,0.001,6.0,True
tau_fixed,closed_form,1.0,absolute,continuous,41,5,mish,0.0,True,0.0022288499823764933,0.03888114131987095,0.008273413748629234,adamw,False,,1,,,,0.001,6.0,True
tau_fixed,closed_form,1.0,absolute,continuous,21,5,gelu,0.0,True,0.0026564946100166857,0.03966274186968803,0.0049269711955340755,adamw,False,,1,,,,0.001,6.0,True
tau_fixed,closed_form,1.0,absolute,continuous,26,5,gelu,0.0,True,0.0024637573453612106,0.04205930791795254,0.019437259112052383,adamw,False,,1,,,,0.001,6.0,True
tau_fixed,closed_form,1.0,absolute,continuous,55,5,gelu,0.0,True,0.0020556438064473787,0.04601888172328472,0.020660192354552697,adamw,False,,1,,,,0.001,6.0,True
tau_fixed,closed_form,1.0,absolute,continuous,45,5,gelu,0.0,True,0.007614375022106594,0.03725121058523655,0.009752387125793214,adamw,False,,1,,,,0.001,6.0,True
tau_fixed,closed_form,1.0,absolute,continuous,58,5,gelu,0.0,True,0.012822007106226784,0.035340970009565355,0.0029376784011950576,adamw,False,,1,,,,0.001,6.0,True
tau_fixed,closed_form,1.0,absolute,continuous,58,5,gelu,0.0,True,0.013220060316428884,0.042098518460989,0.01062207791893198,adamw,False,,1,,,,0.001,6.0,True
tau_fixed,closed_form,1.0,absolute,continuous,44,4,gelu,0.0,True,0.008213086791352206,0.03907760605216026,0.009069769313192151,adamw,False,,1,,,,0.001,6.0,True
tau_fixed,closed_form,1.0,absolute,continuous,60,5,gelu,0.0,True,0.02043330739240395,0.04137861356139183,0.008270329991053251,adamw,False,,1,,,,0.001,6.0,True
tau_fixed,closed_form,1.0,absolute,continuous,61,5,leakyrelu,0.2,True,0.0257636819840895,0.050541672855615616,0.007284534713726966,adamw,False,,1,,,,0.001,6.0,True
tau_fixed,closed_form,1.0,absolute,continuous,46,5,gelu,0.0,True,0.010842730571190664,0.04167272001504898,0.004568484045974618,adamw,False,,1,,,,0.001,6.0,True
tau_fixed,closed_form,1.0,absolute,continuous,48,5,gelu,0.0,True,0.0154177872559953,0.041138363629579545,0.004728685697508636,adamw,False,,1,,,,0.001,6.0,True
tau_fixed,closed_form,1.0,absolute,continuous,57,5,gelu,0.0,True,0.006871663993637741,0.0453281469643116,0.015084544804814241,adamw,False,,1,,,,0.001,6.0,True
tau_fixed,closed_form,1.0,absolute,continuous,53,5,gelu,0.0,True,0.0131388728481243,0.0396945808082819,0.006424850925225365,adamw,False,,1,,,,0.001,6.0,True
tau_fixed,closed_form,1.0,absolute,continuous,56,5,gelu,0.0,True,0.007573605842539181,0.03669676333665848,0.010036302849715595,adamw,False,,1,,,,0.001,6.0,True
tau_fixed,closed_form,1.0,absolute,continuous,56,5,gelu,0.0,True,0.007868312877379397,0.03630061596632004,0.007128272190563775,adamw,False,,1,,,,0.001,6.0,True
tau_fixed,closed_form,1.0,absolute,continuous,55,5,gelu,0.0,True,0.007161719615404091,0.03829365260899067,0.0073671096277615955,adamw,False,,1,,,,0.001,6.0,True
tau_fixed,closed_form,1.0,absolute,continuous,56,5,gelu,0.0,True,0.007652432488124155,0.039473919942975035,0.005899222690674555,adamw,False,,1,,,,0.001,6.0,True
tau_fixed,closed_form,1.0,absolute,continuous,58,5,gelu,0.0,True,0.009413617268367609,0.04038775414228439,0.007859213947729381,adamw,False,,1,,,,0.001,6.0,True
tau_fixed,closed_form,1.0,absolute,continuous,59,5,gelu,0.0,True,0.0057995673516251355,0.035915404185652734,0.0075662835602227346,adamw,False,,1,,,,0.001,6.0,True
tau_fixed,closed_form,1.0,absolute,continuous,59,5,gelu,0.0,True,0.005764586060538985,0.040351510792970655,0.008904553948415737,adamw,False,,1,,,,0.001,6.0,True
tau_fixed,closed_form,1.0,absolute,continuous,57,5,gelu,0.0,True,0.008775284396287358,0.0431484080851078,0.00989464956628497,adamw,False,,1,,,,0.001,6.0,True
tau_fixed,closed_form,1.0,absolute,continuous,54,5,gelu,0.0,True,0.007458407931111388,0.041440485045313835,0.008886904393945225,adamw,False,,1,,,,0.001,6.0,True
tau_fixed,closed_form,1.0,absolute,continuous,60,5,gelu,0.0,True,0.008109838535810158,0.044365246593952176,0.017574134911903273,adamw,False,,1,,,,0.001,6.0,True
tau_fixed,closed_form,1.0,absolute,continuous,61,5,gelu,0.0,True,0.0069208732234579285,0.0415118508040905,0.010967809869614622,adamw,False,,1,,,,0.001,6.0,True
tau_fixed,closed_form,1.0,absolute,continuous,56,5,gelu,0.0,True,0.006214375710266891,0.0385222889482975,0.009909448571966866,adamw,False,,1,,,,0.001,6.0,True
tau_fixed,closed_form,1.0,absolute,continuous,59,3,gelu,0.0,True,0.005085539110398582,0.040009337663650515,0.006251620610145164,adamw,False,,1,,,,0.001,6.0,True
tau_fixed,closed_form,1.0,absolute,continuous,51,5,swish,0.0,True,0.0065271629011027215,0.04013083465397358,0.013329450752097185,adamw,False,,1,,,,0.001,6.0,True
tau_fixed,closed_form,1.0,absolute,continuous,58,2,gelu,0.0,True,0.005438601084759525,0.047968512028455736,0.00955315532692613,adamw,False,,1,,,,0.001,6.0,True
tau_fixed,closed_form,1.0,absolute,continuous,57,5,gelu,0.0,True,0.011036563526120416,0.03843486905097961,0.008238100470919956,adamw,False,,1,,,,0.001,6.0,True
tau_fixed,closed_form,1.0,absolute,continuous,14,5,gelu,0.1,True,0.007822426454390576,0.052150703966617584,0.018604966373806136,adamw,False,,1,,,,0.001,6.0,True
tau_fixed,closed_form,1.0,absolute,continuous,55,5,gelu,0.0,True,0.006209646560815609,0.04541423730552197,0.01917769814526073,adamw,False,,1,,,,0.001,6.0,True
tau_fixed,closed_form,1.0,absolute,continuous,37,5,gelu,0.0,True,0.001658908817452719,0.04788764417171478,0.017710364444845417,adamw,False,,1,,,,0.001,6.0,True
tau_fixed,closed_form,1.0,absolute,continuous,53,5,gelu,0.0,True,0.0019936358258735945,0.036765776947140685,0.006640694369192275,adamw,False,,1,,,,0.001,6.0,True
tau_fixed,closed_form,1.0,absolute,continuous,53,5,gelu,0.0,True,0.0019247163359843813,0.04648187495768071,0.021166807362921262,adamw,False,,1,,,,0.001,6.0,True
tau_fixed,closed_form,1.0,absolute,continuous,50,5,gelu,0.0,True,0.002232661392558118,0.03910438716411591,0.010691856583124007,adamw,False,,1,,,,0.001,6.0,True
tau_fixed,closed_form,1.0,absolute,continuous,54,5,gelu,0.0,True,0.0017286424345824033,0.04320365078747272,0.01854477797032277,adamw,False,,1,,,,0.001,6.0,True
tau_fixed,closed_form,1.0,absolute,continuous,56,5,gelu,0.0,True,0.00896628177636978,0.03755910359323025,0.006720115573658223,adamw,False,,1,,,,0.001,6.0,True
tau_fixed,closed_form,1.0,absolute,continuous,56,5,gelu,0.0,True,0.009166295842418987,0.036018732562661165,0.0036887396975843726,adamw,False,,1,,,,0.001,6.0,True
tau_fixed,closed_form,1.0,absolute,continuous,52,4,mish,0.2,True,0.008459593766576195,0.04783863723278047,0.007593540161240095,adamw,False,,1,,,,0.001,6.0,True
tau_fixed,closed_form,1.0,absolute,continuous,58,5,gelu,0.0,True,0.007645873701417755,0.037098411470651634,0.0060613695217583965,adamw,False,,1,,,,0.001,6.0,True
tau_fixed,closed_form,1.0,absolute,continuous,58,5,gelu,0.0,True,0.008169334441758826,0.04047692641615866,0.007835997223410366,adamw,False,,1,,,,0.001,6.0,True
tau_fixed,closed_form,1.0,absolute,continuous,57,5,gelu,0.0,True,0.0069727377133131825,0.037855100631713864,0.007003635044587885,adamw,False,,1,,,,0.001,6.0,True
tau_fixed,closed_form,1.0,absolute,continuous,55,5,gelu,0.0,True,0.007365465929464016,0.03577364981174469,0.0053943450452246895,adamw,False,,1,,,,0.001,6.0,True
tau_fixed,closed_form,1.0,absolute,continuous,55,5,gelu,0.0,True,0.007321207956429238,0.04398836642503738,0.01363177282323016,adamw,False,,1,,,,0.001,6.0,True
tau_fixed,closed_form,1.0,absolute,continuous,56,5,gelu,0.0,True,0.010362187816916871,0.034908882528543475,0.003123407547995123,adamw,False,,1,,,,0.001,6.0,True
tau_fixed,closed_form,1.0,absolute,continuous,54,5,gelu,0.0,True,0.009632176302298266,0.03731353022158146,0.005633792899584264,adamw,False,,1,,,,0.001,6.0,True
tau_fixed,closed_form,1.0,absolute,continuous,55,5,gelu,0.0,True,0.007725032291236576,0.04676335379481315,0.01025675176454332,adamw,False,,1,,,,0.001,6.0,True
tau_fixed,closed_form,1.0,absolute,continuous,56,5,leakyrelu,0.0,True,0.010001700309767216,0.04057185128331185,0.003155507953425741,adamw,False,,1,,,,0.001,6.0,True
tau_fixed,closed_form,1.0,absolute,continuous,53,5,gelu,0.0,True,0.010610349806547669,0.0409304216504097,0.0025780076622572857,adamw,False,,1,,,,0.001,6.0,True
tau_fixed,closed_form,1.0,absolute,continuous,56,5,gelu,0.0,True,0.008512692747483086,0.041727583110332485,0.007074728121756353,adamw,False,,1,,,,0.001,6.0,True
tau_fixed,closed_form,1.0,absolute,continuous,54,5,gelu,0.0,True,0.009244077299135154,0.0375077735632658,0.006655734178039574,adamw,False,,1,,,,0.001,6.0,True
tau_fixed,closed_form,1.0,absolute,continuous,57,5,gelu,0.0,True,0.007623032214810838,0.03748393394052983,0.00956280724817313,adamw,False,,1,,,,0.001,6.0,True
tau_fixed,closed_form,1.0,absolute,continuous,53,5,gelu,0.0,True,0.006662448815416449,0.04155318439006805,0.01062792467430429,adamw,False,,1,,,,0.001,6.0,True
tau_fixed,closed_form,1.0,absolute,continuous,55,5,gelu,0.0,True,0.011578135900210049,0.04214542582631111,0.00654775376872426,adamw,False,,1,,,,0.001,6.0,True
tau_fixed,closed_form,1.0,absolute,continuous,54,5,gelu,0.0,True,0.00993662743447931,0.0392781913280487,0.00593480933120817,adamw,False,,1,,,,0.001,6.0,True
tau_fixed,closed_form,1.0,absolute,continuous,57,5,gelu,0.0,True,0.008784699145822856,0.03614642843604088,0.003977434779685495,adamw,False,,1,,,,0.001,6.0,True
tau_fixed,closed_form,1.0,absolute,continuous,58,5,gelu,0.0,True,0.008659309351972308,0.038451766967773436,0.003258388077585164,adamw,False,,1,,,,0.001,6.0,True
tau_fixed,closed_form,1.0,absolute,continuous,57,5,gelu,0.0,True,0.007342411507552495,0.03705393634736538,0.006414152628481724,adamw,False,,1,,,,0.001,6.0,True
tau_fixed,closed_form,1.0,absolute,continuous,56,5,gelu,0.0,True,0.006235132316998246,0.03669264167547226,0.006536222455949725,adamw,False,,1,,,,0.001,6.0,True
tau_fixed,closed_form,1.0,absolute,continuous,56,5,gelu,0.0,True,0.0065575318911454,0.03593570068478584,0.004361278522372103,adamw,False,,1,,,,0.001,6.0,True
tau_fixed,closed_form,1.0,absolute,continuous,56,5,gelu,0.0,True,0.006027648875026558,0.034812990203499795,0.004336735973321761,adamw,False,,1,,,,0.001,6.0,True
tau_fixed,closed_form,1.0,absolute,continuous,56,5,gelu,0.0,True,0.0053591680846269965,0.036964595317840576,0.005410567575091312,adamw,False,,1,,,,0.001,6.0,True
tau_fixed,closed_form,1.0,absolute,continuous,56,5,gelu,0.0,True,0.005812800826793942,0.039300668239593516,0.00727084535580383,adamw,False,,1,,,,0.001,6.0,True
tau_fixed,closed_form,1.0,absolute,continuous,56,5,gelu,0.0,True,0.006289996040297534,0.03796233870089054,0.008381715038900046,adamw,False,,1,,,,0.001,6.0,True
tau_fixed,closed_form,1.0,absolute,continuous,55,5,gelu,0.0,True,0.005359238255239874,0.04292837008833885,0.01664486046672992,adamw,False,,1,,,,0.001,6.0,True
tau_fixed,closed_form,1.0,absolute,continuous,57,3,swish,0.0,True,0.00611895208935853,0.03710501119494438,0.007719662117191908,adamw,False,,1,,,,0.001,6.0,True
tau_fixed,closed_form,1.0,absolute,continuous,56,5,gelu,0.0,True,0.004664127503788229,0.03529535606503486,0.0037766313634602687,adamw,False,,1,,,,0.001,6.0,True
tau_fixed,closed_form,1.0,absolute,continuous,52,5,gelu,0.1,True,0.004891981333328979,0.042688351869583134,0.002987553531399898,adamw,False,,1,,,,0.001,6.0,True
tau_fixed,closed_form,1.0,absolute,continuous,55,2,gelu,0.0,True,0.004578447163406981,0.0505601167678833,0.008948077867320504,adamw,False,,1,,,,0.001,6.0,True
tau_fixed,closed_form,1.0,absolute,continuous,56,5,gelu,0.0,True,0.005573621545312161,0.03815289735794068,0.003842470964709113,adamw,False,,1,,,,0.001,6.0,True
tau_fixed,closed_form,1.0,absolute,continuous,57,5,gelu,0.0,True,0.0066070380491146715,0.03980784937739372,0.007257868206857991,adamw,False,,1,,,,0.001,6.0,True
tau_fixed,closed_form,1.0,absolute,continuous,56,5,gelu,0.0,True,0.005846188420260685,0.039498635753989216,0.011949641837591148,adamw,False,,1,,,,0.001,6.0,True
tau_fixed,closed_form,1.0,absolute,continuous,59,5,gelu,0.0,True,0.005070419126437739,0.04111303016543389,0.013907824976933415,adamw,False,,1,,,,0.001,6.0,True
tau_fixed,closed_form,1.0,absolute,continuous,55,5,gelu,0.0,True,0.006942450469897945,0.03704422153532505,0.005276819754788562,adamw,False,,1,,,,0.001,6.0,True
tau_fixed,closed_form,1.0,absolute,continuous,55,5,gelu,0.0,True,0.004152660520551631,0.04577367678284645,0.015706226421047322,adamw,False,,1,,,,0.001,6.0,True
tau_fixed,closed_form,1.0,absolute,continuous,54,5,gelu,0.0,True,0.006710145097026183,0.0365957647562027,0.007276060283082873,adamw,False,,1,,,,0.001,6.0,True
tau_fixed,closed_form,1.0,absolute,continuous,54,5,gelu,0.0,True,0.00564211125945195,0.04744345173239708,0.026390202457130932,adamw,False,,1,,,,0.001,6.0,True
tau_fixed,closed_form,1.0,absolute,continuous,53,5,mish,0.0,True,0.004666899895398648,0.040385955944657326,0.011148383898852421,adamw,False,,1,,,,0.001,6.0,True
tau_fixed,closed_form,1.0,absolute,continuous,54,5,gelu,0.2,True,0.006621449625077664,0.04371226318180561,0.0077477690414953235,adamw,False,,1,,,,0.001,6.0,True
tau_fixed,closed_form,1.0,absolute,continuous,56,4,gelu,0.0,True,0.006101574490506497,0.046440714597702035,0.0202278744890896,adamw,False,,1,,,,0.001,6.0,True
tau_fixed,closed_form,1.0,absolute,continuous,55,5,gelu,0.0,True,0.006972408658282113,0.0439417727291584,0.014722181655089688,adamw,False,,1,,,,0.001,6.0,True
tau_fixed,closed_form,1.0,absolute,continuous,57,5,gelu,0.0,True,0.0063671409559028285,0.03859019577503205,0.004325789243027131,adamw,False,,1,,,,0.001,6.0,True
tau_fixed,closed_form,1.0,absolute,continuous,54,5,gelu,0.0,True,0.0053021810966247356,0.035799578577280035,0.006366563376708786,adamw,False,,1,,,,0.001,6.0,True
tau_fixed,closed_form,1.0,absolute,continuous,52,5,gelu,0.0,True,0.00499202560902472,0.03761747218668461,0.00734551489597547,adamw,False,,1,,,,0.001,6.0,True
tau_fixed,closed_form,1.0,absolute,continuous,54,5,gelu,0.0,True,0.005230739798787632,0.042013294994831085,0.019853309335405148,adamw,False,,1,,,,0.001,6.0,True
tau_fixed,closed_form,1.0,absolute,continuous,56,5,gelu,0.0,True,0.005490117333389991,0.034259405732154836,0.007201272589797909,adamw,False,,1,,,,0.001,6.0,True
tau_fixed,closed_form,1.0,absolute,continuous,35,5,gelu,0.0,True,0.0056161029780936785,0.038101928681135176,0.008400711966892084,adamw,False,,1,,,,0.001,6.0,True
tau_fixed,closed_form,1.0,absolute,continuous,56,5,gelu,0.0,True,0.004397071793789452,0.038706901296973226,0.007882549373683535,adamw,False,,1,,,,0.001,6.0,True
tau_fixed,closed_form,1.0,absolute,continuous,58,5,gelu,0.0,True,0.0059115131118669725,0.03906779251992702,0.008232633042263418,adamw,False,,1,,,,0.001,6.0,True
tau_fixed,closed_form,1.0,absolute,continuous,54,5,leakyrelu,0.0,True,0.005313369169565153,0.04151148572564125,0.0023159804066868487,adamw,False,,1,,,,0.001,6.0,True
tau_fixed,closed_form,1.0,absolute,continuous,56,5,gelu,0.0,True,0.006021035724609303,0.03826044835150242,0.006372264601181382,adamw,False,,1,,,,0.001,6.0,True
tau_fixed,closed_form,1.0,absolute,continuous,57,5,gelu,0.0,True,0.0048617093047016256,0.037727358192205435,0.004609605691210534,adamw,False,,1,,,,0.001,6.0,True
tau_fixed,closed_form,1.0,absolute,continuous,55,5,gelu,0.0,True,0.006576313293454361,0.044026815518736835,0.013203534303311492,adamw,False,,1,,,,0.001,6.0,True
tau_fixed,closed_form,1.0,absolute,continuous,30,5,gelu,0.0,True,0.007992356730928008,0.043047834932804105,0.012350450805715034,adamw,False,,1,,,,0.001,6.0,True
tau_fixed,closed_form,1.0,absolute,continuous,53,5,gelu,0.0,True,0.005351823740304193,0.039382912963628766,0.011010231648135405,adamw,False,,1,,,,0.001,6.0,True
tau_fixed,closed_form,1.0,absolute,continuous,56,5,gelu,0.0,True,0.009066813815734152,0.036766293644905086,0.003458569337877517,adamw,False,,1,,,,0.001,6.0,True
tau_fixed,closed_form,1.0,absolute,continuous,58,5,gelu,0.0,True,0.00883160232686885,0.03953501507639885,0.0050723443941337355,adamw,False,,1,,,,0.001,6.0,True
tau_fixed,closed_form,1.0,absolute,continuous,55,5,gelu,0.0,True,0.009167732374195041,0.0358792781829834,0.0038371834830186985,adamw,False,,1,,,,0.001,6.0,True
tau_fixed,closed_form,1.0,absolute,continuous,55,5,gelu,0.0,True,0.009383892338954569,0.04044435806572437,0.009575017943230056,adamw,False,,1,,,,0.001,6.0,True
tau_fixed,closed_form,1.0,absolute,continuous,59,5,gelu,0.0,True,0.010510043127978808,0.03788281269371509,0.0067758719465509905,adamw,False,,1,,,,0.001,6.0,True
tau_fixed,closed_form,1.0,absolute,continuous,39,5,gelu,0.0,True,0.008348954038478181,0.04847127981483936,0.016322017856228038,adamw,False,,1,,,,0.001,6.0,True
tau_fixed,closed_form,1.0,absolute,continuous,12,5,gelu,0.0,True,0.007105716417738359,0.04958080053329468,0.01616089569970151,adamw,False,,1,,,,0.001,6.0,True
tau_fixed,closed_form,1.0,absolute,continuous,53,5,gelu,0.0,True,0.01632993872611237,0.04496329799294472,0.009107759354452887,adamw,False,,1,,,,0.001,6.0,True
tau_fixed,closed_form,1.0,absolute,continuous,57,3,gelu,0.0,True,0.008929040883569514,0.044402769207954405,0.008783546517861108,adamw,False,,1,,,,0.001,6.0,True
tau_fixed,closed_form,1.0,absolute,continuous,55,5,swish,0.1,True,0.007932766162253085,0.04102558940649033,0.01043687420367493,adamw,False,,1,,,,0.001,6.0,True
tau_fixed,closed_form,1.0,absolute,continuous,54,5,gelu,0.0,True,0.011745129936926032,0.042464471980929376,0.008373991384575109,adamw,False,,1,,,,0.001,6.0,True
tau_fixed,closed_form,1.0,absolute,continuous,56,2,gelu,0.0,True,0.014184436021271141,0.042862529307603835,0.007174265003905559,adamw,False,,1,,,,0.001,6.0,True
tau_fixed,closed_form,1.0,absolute,continuous,58,5,gelu,0.0,True,0.009026881784083576,0.042234801873564716,0.009936881567791994,adamw,False,,1,,,,0.001,6.0,True
tau_fixed,closed_form,1.0,absolute,continuous,57,5,gelu,0.0,True,0.010133952900740666,0.04003280587494373,0.008923580227032041,adamw,False,,1,,,,0.001,6.0,True
tau_fixed,closed_form,1.0,absolute,continuous,56,5,gelu,0.0,True,0.007193508198248664,0.04181864783167839,0.013954153693903442,adamw,False,,1,,,,0.001,6.0,True
tau_fixed,closed_form,1.0,absolute,continuous,52,5,gelu,0.0,True,0.006445487172984893,0.047176094353199007,0.01642004309114662,adamw,False,,1,,,,0.001,6.0,True
tau_fixed,closed_form,1.0,absolute,continuous,54,5,gelu,0.2,True,0.003865329709935032,0.04714934229850769,0.0073740893183375875,adamw,False,,1,,,,0.001,6.0,True
tau_fixed,closed_form,1.0,absolute,continuous,55,5,mish,0.0,True,0.008244826359855744,0.03840030618011951,0.0062674746051415535,adamw,False,,1,,,,0.001,6.0,True
tau_fixed,closed_form,1.0,absolute,continuous,60,4,gelu,0.0,True,0.005955559556772911,0.03749951310455799,0.005172085121150653,adamw,False,,1,,,,0.001,6.0,True
tau_fixed,closed_form,1.0,absolute,continuous,32,5,gelu,0.0,True,0.007338712807402648,0.04667195230722428,0.016684998992299728,adamw,False,,1,,,,0.001,6.0,True
tau_fixed,closed_form,1.0,absolute,continuous,57,5,gelu,0.0,True,0.03203134659682552,0.0468593530356884,0.011596818675408184,adamw,False,,1,,,,0.001,6.0,True
tau_fixed,closed_form,1.0,absolute,continuous,53,5,gelu,0.0,True,0.009824046197226969,0.038925932720303535,0.007561958340637051,adamw,False,,1,,,,0.001,6.0,True
tau_fixed,closed_form,1.0,absolute,continuous,55,5,gelu,0.0,True,0.006673232046146063,0.03890358358621597,0.007925215291150778,adamw,False,,1,,,,0.001,6.0,True
tau_fixed,closed_form,1.0,absolute,continuous,56,5,leakyrelu,0.0,True,0.001849785746763444,0.050204770267009736,0.00894310920565815,adamw,False,,1,,,,0.001,6.0,True
tau_fixed,closed_form,1.0,absolute,continuous,51,5,gelu,0.0,True,0.009239537502257776,0.03608376756310463,0.008692186557878456,adamw,False,,1,,,,0.001,6.0,True
tau_fixed,closed_form,1.0,absolute,continuous,51,5,gelu,0.0,True,0.009363611687922655,0.03686591610312462,0.005388286412008081,adamw,False,,1,,,,0.001,6.0,True
tau_fixed,closed_form,1.0,absolute,continuous,53,5,gelu,0.0,True,0.008428404823120739,0.04063232205808163,0.011141736355708696,adamw,False,,1,,,,0.001,6.0,True
tau_fixed,closed_form,1.0,absolute,continuous,54,5,gelu,0.0,True,0.008900521477156802,0.041602656617760664,0.01101503443823562,adamw,False,,1,,,,0.001,6.0,True
tau_fixed,closed_form,1.0,absolute,continuous,50,5,gelu,0.0,True,0.0077663902857611706,0.042602206021547316,0.00770434841297133,adamw,False,,1,,,,0.001,6.0,True
tau_fixed,closed_form,1.0,absolute,continuous,59,5,gelu,0.0,True,0.010894916884500292,0.04628576599061489,0.02100506582675361,adamw,False,,1,,,,0.001,6.0,True
tau_fixed,closed_form,1.0,absolute,continuous,55,5,gelu,0.0,True,0.03755971518324719,0.0669531412422657,0.021624684520879275,adamw,False,,1,,,,0.001,6.0,True
tau_fixed,closed_form,1.0,absolute,continuous,57,5,gelu,0.0,True,0.007318420397205758,0.03862064518034458,0.00680867943561825,adamw,False,,1,,,,0.001,6.0,True
tau_fixed,closed_form,1.0,absolute,continuous,54,5,gelu,0.1,True,0.010202243166332005,0.047610038518905634,0.009040462941791649,adamw,False,,1,,,,0.001,6.0,True
tau_fixed,closed_form,1.0,absolute,continuous,56,5,gelu,0.0,True,0.0079724860239315,0.03709345757961273,0.007898287160172086,adamw,False,,1,,,,0.001,6.0,True
tau_fixed,closed_form,1.0,absolute,continuous,52,3,gelu,0.0,True,0.006824874671970561,0.04075544886291027,0.009108521006267632,adamw,False,,1,,,,0.001,6.0,True
tau_fixed,closed_form,1.0,absolute,continuous,58,5,swish,0.0,True,0.012127247307498718,0.04441392943263054,0.016455727268997092,adamw,False,,1,,,,0.001,6.0,True
tau_fixed,closed_form,1.0,absolute,continuous,56,2,gelu,0.0,True,0.02452581689723754,0.04384821839630604,0.012882057675315249,adamw,False,,1,,,,0.001,6.0,True
tau_fixed,closed_form,1.0,absolute,continuous,54,5,gelu,0.0,True,0.0058875423785642545,0.03792115226387978,0.005116822652843926,adamw,False,,1,,,,0.001,6.0,True
tau_fixed,closed_form,1.0,absolute,continuous,58,5,gelu,0.0,True,0.0014765993860944113,0.040419308096170434,0.015889545134647805,adamw,False,,1,,,,0.001,6.0,True
tau_fixed,closed_form,1.0,absolute,continuous,55,5,gelu,0.2,True,0.006315151137653005,0.044872095435857774,0.009734962259104528,adamw,False,,1,,,,0.001,6.0,True
tau_fixed,closed_form,1.0,absolute,continuous,60,5,gelu,0.0,True,0.008515877831269962,0.04769353196024895,0.01166949191671808,adamw,False,,1,,,,0.001,6.0,True
tau_fixed,closed_form,1.0,absolute,continuous,57,5,mish,0.0,True,0.009613932243244052,0.03922274000942707,0.007717361711692595,adamw,False,,1,,,,0.001,6.0,True
tau_fixed,closed_form,1.0,absolute,continuous,51,5,gelu,0.0,True,0.0019881993565737696,0.044250113889575005,0.019810664179770617,adamw,False,,1,,,,0.001,6.0,True
tau_fixed,closed_form,1.0,absolute,continuous,53,4,gelu,0.0,True,0.0016802885978604053,0.04287775829434395,0.011970153521935816,adamw,False,,1,,,,0.001,6.0,True
tau_fixed,closed_form,1.0,absolute,continuous,55,5,gelu,0.0,True,0.0074919262167781565,0.040173152089118966,0.00988516319703808,adamw,False,,1,,,,0.001,6.0,True
tau_fixed,closed_form,1.0,absolute,continuous,16,5,gelu,0.0,True,0.019979877881784475,0.04084511362016202,0.008337889955497859,adamw,False,,1,,,,0.001,6.0,True
tau_fixed,closed_form,1.0,absolute,continuous,57,5,gelu,0.0,True,0.005610295899799007,0.035961090400815014,0.006016213402548266,adamw,False,,1,,,,0.001,6.0,True
tau_fixed,closed_form,1.0,absolute,continuous,59,5,gelu,0.0,True,0.005681486006618238,0.03906258642673492,0.005788510673353383,adamw,False,,1,,,,0.001,6.0,True
tau_fixed,closed_form,1.0,absolute,continuous,57,5,gelu,0.0,True,0.012866340617278076,0.04324003532528877,0.010102336874325796,adamw,False,,1,,,,0.001,6.0,True
tau_fixed,closed_form,1.0,absolute,continuous,56,5,gelu,0.0,True,0.006157459656393254,0.040021325647830966,0.008621891768099157,adamw,False,,1,,,,0.001,6.0,True
tau_fixed,closed_form,1.0,absolute,continuous,58,5,leakyrelu,0.0,True,0.00541990649291261,0.04731466621160507,0.01072136278602665,adamw,False,,1,,,,0.001,6.0,True
tau_fixed,closed_form,1.0,absolute,continuous,56,5,gelu,0.0,True,0.006838273036857814,0.03920048289000988,0.009804451062914896,adamw,False,,1,,,,0.001,6.0,True
tau_fixed,closed_form,1.0,absolute,continuous,52,5,gelu,0.0,True,0.0048494567032176476,0.03795932494103908,0.006461604628951232,adamw,False,,1,,,,0.001,6.0,True
tau_fixed,closed_form,1.0,absolute,continuous,54,5,gelu,0.0,True,0.0062852146305580215,0.03771066218614578,0.007109943482331324,adamw,False,,1,,,,0.001,6.0,True
tau_fixed,odeint,1.0,absolute,continuous,34,2,mish,0.2,True,0.002225144604874549,0.06211104393005371,0.014794303067303888,adamw,False,,1,dopri5,1e-06,1e-08,,,False
tau_fixed,odeint,1.0,absolute,continuous,58,3,mish,0.2,True,0.033106242124873814,0.05956380516290664,0.009016215299707937,adamw,False,,1,dopri5,1e-06,1e-08,,,False
tau_fixed,odeint,1.0,absolute,continuous,16,4,leakyrelu,0.2,True,0.0010741655866324071,0.08397112935781477,0.012702828996315016,adamw,False,,1,dopri5,1e-06,1e-08,,,False
tau_fixed,odeint,1.0,absolute,continuous,51,2,gelu,0.0,True,0.014233811441826113,0.04702686741948128,0.015324715030496856,adamw,False,,1,dopri5,1e-06,1e-08,,,False
tau_fixed,odeint,1.0,absolute,continuous,23,5,gelu,0.1,True,0.0012158204064810275,0.05272064059972763,0.008037956084078665,adamw,False,,1,dopri5,1e-06,1e-08,,,False
tau_fixed,odeint,1.0,absolute,continuous,40,4,swish,0.2,True,0.003898017317845035,0.05086797475814818,0.016300981731877284,adamw,False,,1,dopri5,1e-06,1e-08,,,False
tau_fixed,odeint,1.0,absolute,continuous,51,3,gelu,0.0,True,0.0015665705795640376,0.049307829886674884,0.02111364002671645,adamw,False,,1,dopri5,1e-06,1e-08,,,False
tau_fixed,odeint,1.0,absolute,continuous,62,3,swish,0.2,True,0.0040456714034066,0.0497452050447464,0.010329689071938744,adamw,False,,1,dopri5,1e-06,1e-08,,,False
tau_fixed,odeint,1.0,absolute,continuous,60,4,swish,0.2,True,0.019090312215059413,0.04625403508543968,0.008014310756315863,adamw,False,,1,dopri5,1e-06,1e-08,,,False
tau_fixed,odeint,1.0,absolute,continuous,60,2,gelu,0.1,True,0.002980744122943109,0.04886197298765183,0.009226025555356754,adamw,False,,1,dopri5,1e-06,1e-08,,,False
tau_fixed,odeint,1.0,absolute,continuous,39,4,swish,0.0,True,0.012970788117045728,0.04146356284618378,0.00816992422615498,adamw,False,,1,dopri5,1e-06,1e-08,,,False
tau_fixed,odeint,1.0,absolute,continuous,39,4,swish,0.0,True,0.01358207730390682,0.03886055164039135,0.00811155932305364,adamw,False,,1,dopri5,1e-06,1e-08,,,False
tau_fixed,odeint,1.0,absolute,continuous,34,4,swish,0.0,True,0.008517209474162658,0.03661893084645272,0.006931728491559139,adamw,False,,1,dopri5,1e-06,1e-08,,,False
tau_fixed,odeint,1.0,absolute,continuous,27,4,swish,0.0,True,0.007381805920208987,0.04399459138512611,0.020925464033614432,adamw,False,,1,dopri5,1e-06,1e-08,,,False
tau_fixed,odeint,1.0,absolute,continuous,32,5,leakyrelu,0.0,True,0.00767623409529227,0.04318267703056335,0.005944852971802295,adamw,False,,1,dopri5,1e-06,1e-08,,,False
tau_fixed,odeint,1.0,absolute,continuous,46,4,swish,0.0,True,0.044296974045847134,0.047039753198623656,0.006971275771864774,adamw,False,,1,dopri5,1e-06,1e-08,,,False
tau_fixed,odeint,1.0,absolute,continuous,12,4,swish,0.0,True,0.019788643272541345,0.052059977874159814,0.01896616187265941,adamw,False,,1,dopri5,1e-06,1e-08,,,False
tau_fixed,odeint,1.0,absolute,continuous,23,4,swish,0.0,True,0.0103023904686257,0.04501023702323437,0.019365795476395848,adamw,False,,1,dopri5,1e-06,1e-08,,,False
tau_fixed,odeint,1.0,absolute,continuous,45,5,mish,0.1,True,0.005379581414194025,0.04561732187867165,0.01708973045488413,adamw,False,,1,dopri5,1e-06,1e-08,,,False
tau_fixed,odeint,1.0,absolute,continuous,31,4,leakyrelu,0.0,True,0.02370527481480032,0.04983455613255501,0.011754166252310542,adamw,False,,1,dopri5,1e-06,1e-08,,,False
tau_fixed,odeint,1.0,absolute,continuous,43,4,swish,0.0,True,0.010351433903084276,0.03709080293774605,0.007584577003318481,adamw,False,,1,dopri5,1e-06,1e-08,,,False
tau_fixed,odeint,1.0,absolute,continuous,44,4,swish,0.0,True,0.01013925927617032,0.04023047387599945,0.010573305582020923,adamw,False,,1,dopri5,1e-06,1e-08,,,False
tau_fixed,odeint,1.0,absolute,continuous,35,4,swish,0.0,True,0.005765683378705391,0.03749910369515419,0.009854199819179487,adamw,False,,1,dopri5,1e-06,1e-08,,,False
tau_fixed,odeint,1.0,absolute,continuous,34,4,swish,0.0,True,0.006410468434854675,0.04010639302432537,0.00914186879777718,adamw,False,,1,dopri5,1e-06,1e-08,,,False
tau_fixed,odeint,1.0,absolute,continuous,28,4,swish,0.0,True,0.004713152603114538,0.04365771599113941,0.014663465281051013,adamw,False,,1,dopri5,1e-06,1e-08,,,False
tau_fixed,odeint,1.0,absolute,continuous,51,4,swish,0.1,True,0.0085969199074228,0.04347026310861112,0.007333165395079091,adamw,False,,1,dopri5,1e-06,1e-08,,,False
tau_fixed,odeint,1.0,absolute,continuous,36,2,swish,0.0,True,0.0029767974850783948,0.05329023450613022,0.02145789707868749,adamw,False,,1,dopri5,1e-06,1e-08,,,False
tau_fixed,odeint,1.0,absolute,continuous,41,5,leakyrelu,0.0,True,0.005463530708272868,0.055007067322731015,0.024917148808889258,adamw,False,,1,dopri5,1e-06,1e-08,,,False
tau_fixed,odeint,1.0,absolute,continuous,23,3,mish,0.0,True,0.01011343431578812,0.04361544139683247,0.02025920181065904,adamw,False,,1,dopri5,1e-06,1e-08,,,False
tau_fixed,odeint,1.0,absolute,continuous,48,2,mish,0.1,True,0.0022840816416361755,0.05236724019050598,0.010573678069621078,adamw,False,,1,dopri5,1e-06,1e-08,,,False
tau_fixed,odeint,1.0,absolute,continuous,36,4,swish,0.0,True,0.01818140620663229,0.03654278814792633,0.008044826138163812,adamw,False,,1,dopri5,1e-06,1e-08,,,False
tau_fixed,odeint,1.0,absolute,continuous,36,4,swish,0.0,True,0.02889717758275553,0.03623862937092781,0.003072629206735111,adamw,False,,1,dopri5,1e-06,1e-08,,,False
tau_fixed,odeint,1.0,absolute,continuous,30,4,swish,0.0,True,0.02999165392476535,0.043093125522136684,0.004924648243445019,adamw,False,,1,dopri5,1e-06,1e-08,,,False
tau_fixed,odeint,1.0,absolute,continuous,42,4,swish,0.0,True,0.047925207185768745,0.052703687548637385,0.004661885087939164,adamw,False,,1,dopri5,1e-06,1e-08,,,False
tau_fixed,odeint,1.0,absolute,continuous,55,4,swish,0.0,True,0.031937077415774916,0.043357396125793465,0.003853759130243836,adamw,False,,1,dopri5,1e-06,1e-08,,,False
tau_fixed,odeint,1.0,absolute,continuous,37,3,mish,0.2,True,0.019464908348411768,0.047028173506259915,0.02019978859970016,adamw,False,,1,dopri5,1e-06,1e-08,,,False
tau_fixed,odeint,1.0,absolute,continuous,26,4,gelu,0.0,True,0.014685926118601096,0.03905242867767812,0.006478975158039117,adamw,False,,1,dopri5,1e-06,1e-08,,,False
tau_fixed,odeint,1.0,absolute,continuous,34,4,leakyrelu,0.0,True,0.024889383081598958,0.05454720631241798,0.01707008130630663,adamw,False,,1,dopri5,1e-06,1e-08,,,False
tau_fixed,odeint,1.0,absolute,continuous,43,2,swish,0.2,True,0.03858959550602575,0.04461067020893097,0.0030900922214638906,adamw,False,,1,dopri5,1e-06,1e-08,,,False
tau_fixed,odeint,1.0,absolute,continuous,47,5,gelu,0.0,True,0.0168387868744301,0.03968713581562042,0.005206766767079954,adamw,False,,1,dopri5,1e-06,1e-08,,,False
tau_fixed,odeint,1.0,absolute,continuous,19,3,swish,0.1,True,0.02366548031799355,0.04292525872588158,0.010374496881840565,adamw,False,,1,dopri5,1e-06,1e-08,,,False
tau_fixed,odeint,1.0,absolute,continuous,36,4,swish,0.0,True,0.01161414722357972,0.04116734266281128,0.016872672099273258,adamw,False,,1,dopri5,1e-06,1e-08,,,False
tau_fixed,odeint,1.0,absolute,continuous,33,4,swish,0.0,True,0.006251735567384759,0.04446146711707115,0.02122763649607017,adamw,False,,1,dopri5,1e-06,1e-08,,,False
tau_fixed,odeint,1.0,absolute,continuous,38,4,swish,0.0,True,0.015147614716402727,0.03840838894248009,0.008758646085145923,adamw,False,,1,dopri5,1e-06,1e-08,,,False
tau_fixed,odeint,1.0,absolute,continuous,36,4,swish,0.2,True,0.008608682221323065,0.048815010488033286,0.011824565000787551,adamw,False,,1,dopri5,1e-06,1e-08,,,False
tau_fixed,odeint,1.0,absolute,continuous,29,4,swish,0.0,True,0.0036602830098997983,0.044082435965538035,0.01869848007732317,adamw,False,,1,dopri5,1e-06,1e-08,,,False
tau_fixed,odeint,1.0,absolute,continuous,39,4,swish,0.0,True,0.011453265114739748,0.04695741161704063,0.019744348584509297,adamw,False,,1,dopri5,1e-06,1e-08,,,False
tau_fixed,odeint,1.0,absolute,continuous,41,4,gelu,0.0,True,0.02683771234840101,0.05149111077189447,0.019029056870859942,adamw,False,,1,dopri5,1e-06,1e-08,,,False
tau_fixed,odeint,1.0,absolute,continuous,26,4,swish,0.0,True,0.016713794378034354,0.0422066330909729,0.02010271829764954,adamw,False,,1,dopri5,1e-06,1e-08,,,False
tau_fixed,odeint,1.0,absolute,continuous,33,2,swish,0.2,True,0.008563948191286875,0.05341231897473335,0.014922028422858375,adamw,False,,1,dopri5,1e-06,1e-08,,,False
tau_fixed,odeint,1.0,absolute,continuous,49,4,leakyrelu,0.0,True,0.03911888623981367,0.04363439604640007,0.002423817509839808,adamw,False,,1,dopri5,1e-06,1e-08,,,False
tau_fixed,odeint,1.0,absolute,continuous,38,4,swish,0.0,True,0.01596660204592974,0.034828484430909155,0.005095393700633207,adamw,False,,1,dopri5,1e-06,1e-08,,,False
tau_fixed,odeint,1.0,absolute,continuous,35,4,swish,0.0,True,0.021600394346527028,0.03963538110256195,0.006691325344666057,adamw,False,,1,dopri5,1e-06,1e-08,,,False
tau_fixed,odeint,1.0,absolute,continuous,39,4,swish,0.0,True,0.017300600612707287,0.038875164836645125,0.007730901458063199,adamw,False,,1,dopri5,1e-06,1e-08,,,False
tau_fixed,odeint,1.0,absolute,continuous,31,4,swish,0.0,True,0.011516904902321434,0.03623689785599708,0.007022973613303904,adamw,False,,1,dopri5,1e-06,1e-08,,,False
tau_fixed,odeint,1.0,absolute,continuous,31,5,swish,0.0,True,0.01244607319927064,0.044711945578455925,0.0147069994393923,adamw,False,,1,dopri5,1e-06,1e-08,,,False
tau_fixed,odeint,1.0,absolute,continuous,45,4,swish,0.1,True,0.009657287665776473,0.04913641512393952,0.017835362435474084,adamw,False,,1,dopri5,1e-06,1e-08,,,False
tau_fixed,odeint,1.0,absolute,continuous,24,3,swish,0.0,True,0.007108741575023486,0.04491231590509415,0.017879271494057727,adamw,False,,1,dopri5,1e-06,1e-08,,,False
tau_fixed,odeint,1.0,absolute,continuous,31,4,mish,0.0,True,0.012871941733324066,0.03978142738342285,0.006124180496859223,adamw,False,,1,dopri5,1e-06,1e-08,,,False
tau_fixed,odeint,1.0,absolute,continuous,20,4,swish,0.0,True,0.0010188810848835226,0.05021936744451523,0.018944876758408963,adamw,False,,1,dopri5,1e-06,1e-08,,,False
tau_fixed,odeint,1.0,absolute,continuous,43,4,gelu,0.0,True,0.028637648849296805,0.035879095643758775,0.003522576593236405,adamw,False,,1,dopri5,1e-06,1e-08,,,False
tau_fixed,odeint,1.0,absolute,continuous,42,4,gelu,0.0,True,0.028671530963638125,0.04232393577694893,0.005096195290832618,adamw,False,,1,dopri5,1e-06,1e-08,,,False
tau_fixed,odeint,1.0,absolute,continuous,54,4,gelu,0.0,True,0.03729331450569876,0.04643586426973343,0.018616351371770208,adamw,False,,1,dopri5,1e-06,1e-08,,,False
tau_fixed,odeint,1.0,absolute,continuous,40,4,gelu,0.0,True,0.021365403613041338,0.04085200428962709,0.005399051916387855,adamw,False,,1,dopri5,1e-06,1e-08,,,False
tau_fixed,odeint,1.0,absolute,continuous,37,4,gelu,0.0,True,0.014500711591306928,0.03927357792854309,0.006792108895341468,adamw,False,,1,dopri5,1e-06,1e-08,,,False
tau_fixed,odeint,1.0,absolute,continuous,45,4,swish,0.0,True,0.017978481489945766,0.03821158967912197,0.009176025622902984,adamw,False,,1,dopri5,1e-06,1e-08,,,False
tau_fixed,odeint,1.0,absolute,continuous,43,4,swish,0.0,True,0.010748456988703642,0.03974482789635658,0.008863134202718177,adamw,False,,1,dopri5,1e-06,1e-08,,,False
tau_fixed,odeint,1.0,absolute,continuous,33,4,leakyrelu,0.1,True,0.0014463688556454865,0.054989460855722434,0.011119576364549542,adamw,False,,1,dopri5,1e-06,1e-08,,,False
tau_fixed,odeint,1.0,absolute,continuous,38,5,gelu,0.0,True,0.03373304074175668,0.04464678168296814,0.011597804228521805,adamw,False,,1,dopri5,1e-06,1e-08,,,False
tau_fixed,odeint,1.0,absolute,continuous,40,2,swish,0.2,True,0.007882623628520819,0.05624913573265077,0.017122186858220152,adamw,False,,1,dopri5,1e-06,1e-08,,,False
tau_fixed,odeint,1.0,absolute,continuous,29,4,mish,0.0,True,0.02058601753222024,0.040826052054762835,0.007261763055595727,adamw,False,,1,dopri5,1e-06,1e-08,,,False
tau_fixed,odeint,1.0,absolute,continuous,35,4,swish,0.0,True,0.006373767875062796,0.04682869650423527,0.02245228301981289,adamw,False,,1,dopri5,1e-06,1e-08,,,False
tau_fixed,odeint,1.0,absolute,continuous,35,4,swish,0.0,True,0.004507329048281768,0.04441481605172157,0.018851280449642453,adamw,False,,1,dopri5,1e-06,1e-08,,,False
tau_fixed,odeint,1.0,absolute,continuous,32,4,swish,0.0,True,0.005494381628892539,0.04315752647817135,0.017972905494117775,adamw,False,,1,dopri5,1e-06,1e-08,,,False
tau_fixed,odeint,1.0,absolute,continuous,37,3,swish,0.0,True,0.008993162506192006,0.04698874019086361,0.02435026088908197,adamw,False,,1,dopri5,1e-06,1e-08,,,False
tau_fixed,odeint,1.0,absolute,continuous,42,4,swish,0.0,True,0.016119800211083782,0.0419007770717144,0.01112343221336978,adamw,False,,1,dopri5,1e-06,1e-08,,,False
tau_fixed,odeint,1.0,absolute,continuous,34,4,swish,0.0,True,0.02555831378857272,0.043649579584598544,0.002563452171100732,adamw,False,,1,dopri5,1e-06,1e-08,,,False
tau_fixed,odeint,1.0,absolute,continuous,47,4,swish,0.0,True,0.011274463655911407,0.04988509863615037,0.026516269542410008,adamw,False,,1,dopri5,1e-06,1e-08,,,False
tau_fixed,odeint,1.0,absolute,continuous,30,4,swish,0.0,True,0.007729603839408473,0.042434312403202064,0.01766584836256593,adamw,False,,1,dopri5,1e-06,1e-08,,,False
tau_fixed,odeint,1.0,absolute,continuous,38,4,gelu,0.1,True,0.01352550867919666,0.04234090484678745,0.0063642477882958435,adamw,False,,1,dopri5,1e-06,1e-08,,,False
tau_fixed,odeint,1.0,absolute,continuous,44,5,leakyrelu,0.0,True,0.022907813024490128,0.0518635094165802,0.009498610833125724,adamw,False,,1,dopri5,1e-06,1e-08,,,False
tau_fixed,odeint,1.0,absolute,continuous,49,4,swish,0.0,True,0.017850747235169766,0.0445298545062542,0.013482239506440185,adamw,False,,1,dopri5,1e-06,1e-08,,,False
tau_fixed,odeint,1.0,absolute,continuous,41,4,swish,0.0,True,0.009753710448022724,0.0379518911242485,0.008830016623351155,adamw,False,,1,dopri5,1e-06,1e-08,,,False
tau_fixed,odeint,1.0,absolute,continuous,64,4,swish,0.0,True,0.011943147165153987,0.03712443262338638,0.006282517997328093,adamw,False,,1,dopri5,1e-06,1e-08,,,False
tau_fixed,odeint,1.0,absolute,continuous,59,4,swish,0.0,True,0.011942276298354029,0.03701166771352291,0.010336188229206287,adamw,False,,1,dopri5,1e-06,1e-08,,,False
tau_fixed,odeint,1.0,absolute,continuous,64,4,swish,0.0,True,0.012262033606478037,0.03800303898751736,0.005114028859322257,adamw,False,,1,dopri5,1e-06,1e-08,,,False
tau_fixed,odeint,1.0,absolute,continuous,63,2,swish,0.2,True,0.015207494777750269,0.04168735221028328,0.004699603472732887,adamw,False,,1,dopri5,1e-06,1e-08,,,False
tau_fixed,odeint,1.0,absolute,continuous,60,4,swish,0.0,True,0.01338145562049154,0.04079670198261738,0.013121069570644956,adamw,False,,1,dopri5,1e-06,1e-08,,,False
tau_fixed,odeint,1.0,absolute,continuous,61,4,mish,0.0,True,0.010503996577534735,0.03699617125093937,0.0059633017970650406,adamw,False,,1,dopri5,1e-06,1e-08,,,False
tau_fixed,odeint,1.0,absolute,continuous,58,4,mish,0.0,True,0.010247621786614734,0.03965943679213524,0.006628601334657409,adamw,False,,1,dopri5,1e-06,1e-08,,,False
tau_fixed,odeint,1.0,absolute,continuous,28,4,mish,0.0,True,0.009345989548446598,0.03885551430284977,0.006105946572558393,adamw,False,,1,dopri5,1e-06,1e-08,,,False
tau_fixed,odeint,1.0,absolute,continuous,58,4,mish,0.0,True,0.011105073195309487,0.041356045007705684,0.007293115218003726,adamw,False,,1,dopri5,1e-06,1e-08,,,False
tau_fixed,odeint,1.0,absolute,continuous,61,4,mish,0.0,True,0.008243357659574313,0.04233136810362339,0.009542850969870249,adamw,False,,1,dopri5,1e-06,1e-08,,,False
tau_fixed,odeint,1.0,absolute,continuous,56,4,swish,0.0,True,0.012028088692769421,0.0473447673022747,0.022621715856282608,adamw,False,,1,dopri5,1e-06,1e-08,,,False
tau_fixed,odeint,1.0,absolute,continuous,62,3,mish,0.0,True,0.018946253257350564,0.04009454995393753,0.006372356286103278,adamw,False,,1,dopri5,1e-06,1e-08,,,False
tau_fixed,odeint,1.0,absolute,continuous,59,4,swish,0.0,True,0.014108265382134128,0.04722721204161644,0.016345284496498157,adamw,False,,1,dopri5,1e-06,1e-08,,,False
tau_fixed,odeint,1.0,absolute,continuous,57,4,swish,0.0,True,0.007002960742310349,0.0380745567381382,0.00902887773911019,adamw,False,,1,dopri5,1e-06,1e-08,,,False
tau_fixed,odeint,1.0,absolute,continuous,64,4,gelu,0.0,True,0.03378748596026087,0.050188584625720976,0.013119257543487904,adamw,False,,1,dopri5,1e-06,1e-08,,,False
tau_fixed,odeint,1.0,absolute,continuous,53,4,swish,0.1,True,0.043438720067471084,0.06853912398219109,0.01604496820893351,adamw,False,,1,dopri5,1e-06,1e-08,,,False
tau_fixed,odeint,1.0,absolute,continuous,63,4,swish,0.0,True,0.027550492692538297,0.042360545322299006,0.010373274909514979,adamw,False,,1,dopri5,1e-06,1e-08,,,False
tau_fixed,odeint,1.0,absolute,continuous,51,4,swish,0.0,True,0.0102087996806101,0.03773873820900917,0.008323021473303025,adamw,False,,1,dopri5,1e-06,1e-08,,,False
tau_fixed,odeint,1.0,absolute,continuous,36,4,swish,0.0,True,0.008823929861943339,0.03755616433918476,0.006669218572810939,adamw,False,,1,dopri5,1e-06,1e-08,,,False
tau_fixed,odeint,1.0,absolute,continuous,33,4,swish,0.0,True,0.0059724262229534615,0.03857521899044514,0.00856546673690203,adamw,False,,1,dopri5,1e-06,1e-08,,,False
tau_fixed,odeint,1.0,absolute,continuous,62,4,swish,0.0,True,0.01546021602813204,0.03614578545093537,0.00740075755073223,adamw,False,,1,dopri5,1e-06,1e-08,,,False
tau_fixed,odeint,1.0,absolute,continuous,61,4,swish,0.0,True,0.015492553819340038,0.038935103267431256,0.0041753916796332296,adamw,False,,1,dopri5,1e-06,1e-08,,,False
tau_fixed,odeint,1.0,absolute,continuous,62,4,swish,0.0,True,0.012127011623698673,0.0375787366181612,0.007864320403417422,adamw,False,,1,dopri5,1e-06,1e-08,,,False
tau_fixed,odeint,1.0,absolute,continuous,59,5,leakyrelu,0.2,True,0.013076611450939172,0.05133830010890962,0.010852624143678892,adamw,False,,1,dopri5,1e-06,1e-08,,,False
tau_fixed,odeint,1.0,absolute,continuous,61,2,gelu,0.0,True,0.03132782994450015,0.040654174983501434,0.00969291191054936,adamw,False,,1,dopri5,1e-06,1e-08,,,False
tau_fixed,odeint,1.0,absolute,continuous,63,4,swish,0.0,True,0.01897999544226246,0.04451598823070526,0.012343014277300984,adamw,False,,1,dopri5,1e-06,1e-08,,,False
tau_fixed,odeint,1.0,absolute,continuous,32,4,mish,0.0,True,0.010845083907854595,0.036119494959712034,0.0077832429175863065,adamw,False,,1,dopri5,1e-06,1e-08,,,False
tau_fixed,odeint,1.0,absolute,continuous,12,3,mish,0.0,True,0.010791518486677157,0.04045029059052467,0.008747885295470041,adamw,False,,1,dopri5,1e-06,1e-08,,,False
tau_fixed,odeint,1.0,absolute,continuous,31,4,mish,0.0,True,0.014598546492677337,0.045366080850362776,0.014166921260641362,adamw,False,,1,dopri5,1e-06,1e-08,,,False
tau_fixed,odeint,1.0,absolute,continuous,34,4,mish,0.0,True,0.01634469599407723,0.0365888174623251,0.006011317289367629,adamw,False,,1,dopri5,1e-06,1e-08,,,False
tau_fixed,odeint,1.0,absolute,continuous,32,4,mish,0.0,True,0.01702688994967292,0.039647079259157184,0.006397289487463646,adamw,False,,1,dopri5,1e-06,1e-08,,,False
tau_fixed,odeint,1.0,absolute,continuous,37,4,mish,0.0,True,0.021695344846046242,0.053099724650383,0.026486769261980788,adamw,False,,1,dopri5,1e-06,1e-08,,,False
tau_fixed,odeint,1.0,absolute,continuous,34,4,mish,0.0,True,0.016025661967622798,0.04016107991337777,0.010579497513507808,adamw,False,,1,dopri5,1e-06,1e-08,,,False
tau_fixed,odeint,1.0,absolute,continuous,35,4,mish,0.0,True,0.009465113315275615,0.04181000888347626,0.011448443567087309,adamw,False,,1,dopri5,1e-06,1e-08,,,False
tau_fixed,odeint,1.0,absolute,continuous,39,4,mish,0.0,True,0.025374518567353517,0.04572512209415437,0.012304217199006179,adamw,False,,1,dopri5,1e-06,1e-08,,,False
tau_fixed,odeint,1.0,absolute,continuous,30,4,mish,0.0,True,0.00699051250095697,0.038564340025186536,0.007550412046177795,adamw,False,,1,dopri5,1e-06,1e-08,,,False
tau_fixed,odeint,1.0,absolute,continuous,32,4,mish,0.1,True,0.01412513669692086,0.04386858269572258,0.010115268195715949,adamw,False,,1,dopri5,1e-06,1e-08,,,False
tau_fixed,odeint,1.0,absolute,continuous,38,4,gelu,0.0,True,0.02310437242457874,0.04302802458405495,0.009487686542079344,adamw,False,,1,dopri5,1e-06,1e-08,,,False
tau_fixed,odeint,1.0,absolute,continuous,35,4,swish,0.0,True,0.011604709821395302,0.042373537272214885,0.015717451299539727,adamw,False,,1,dopri5,1e-06,1e-08,,,False
tau_fixed,odeint,1.0,absolute,continuous,34,4,swish,0.0,True,0.013153114211254958,0.03717533983290197,0.007106340992563596,adamw,False,,1,dopri5,1e-06,1e-08,,,False
tau_fixed,odeint,1.0,absolute,continuous,36,4,swish,0.0,True,0.011126420900896907,0.04078733287751675,0.011812447069539829,adamw,False,,1,dopri5,1e-06,1e-08,,,False
tau_fixed,odeint,1.0,absolute,continuous,33,4,swish,0.0,True,0.008356469531972702,0.03804037645459176,0.00838161848203178,adamw,False,,1,dopri5,1e-06,1e-08,,,False
tau_fixed,odeint,1.0,absolute,continuous,28,4,swish,0.0,True,0.01045092683629871,0.0394632987678051,0.010500564423974805,adamw,False,,1,dopri5,1e-06,1e-08,,,False
tau_fixed,odeint,1.0,absolute,continuous,53,4,mish,0.0,True,0.012626829506077705,0.03919283486902714,0.009475486783490758,adamw,False,,1,dopri5,1e-06,1e-08,,,False
tau_fixed,odeint,1.0,absolute,continuous,60,5,leakyrelu,0.0,True,0.009365697035226432,0.04549220949411392,0.011184392257740787,adamw,False,,1,dopri5,1e-06,1e-08,,,False
tau_fixed,odeint,1.0,absolute,continuous,64,4,swish,0.2,True,0.01603645040715364,0.05061720758676529,0.008166035443354279,adamw,False,,1,dopri5,1e-06,1e-08,,,False
tau_fixed,odeint,1.0,absolute,continuous,26,2,swish,0.0,True,0.017877385829633146,0.04501631632447243,0.0147640272582116,adamw,False,,1,dopri5,1e-06,1e-08,,,False
tau_fixed,odeint,1.0,absolute,continuous,37,4,swish,0.0,True,0.011912321118237269,0.03858357109129429,0.00901985984372933,adamw,False,,1,dopri5,1e-06,1e-08,,,False
tau_fixed,odeint,1.0,absolute,continuous,34,4,swish,0.0,True,0.012692552727253935,0.03815054930746555,0.00978793474459932,adamw,False,,1,dopri5,1e-06,1e-08,,,False
tau_fixed,odeint,1.0,absolute,continuous,40,4,swish,0.0,True,0.013882557729180223,0.0386451855301857,0.005725696033827121,adamw,False,,1,dopri5,1e-06,1e-08,,,False
tau_fixed,odeint,1.0,absolute,continuous,14,4,swish,0.0,True,0.020033814465382868,0.044110084697604184,0.012201147872548754,adamw,False,,1,dopri5,1e-06,1e-08,,,False
tau_fixed,odeint,1.0,absolute,continuous,30,4,swish,0.0,True,0.01482069429477293,0.03517105430364609,0.0028449226393345755,adamw,False,,1,dopri5,1e-06,1e-08,,,False
tau_fixed,odeint,1.0,absolute,continuous,29,4,swish,0.0,True,0.01553761930068159,0.039888377487659464,0.01068295820414541,adamw,False,,1,dopri5,1e-06,1e-08,,,False
tau_fixed,odeint,1.0,absolute,continuous,32,4,gelu,0.0,True,0.009750735946183857,0.035962842777371405,0.006863744845188684,adamw,False,,1,dopri5,1e-06,1e-08,,,False
tau_fixed,odeint,1.0,absolute,continuous,32,4,gelu,0.0,True,0.007508514915941761,0.03696311227977276,0.005989650609630426,adamw,False,,1,dopri5,1e-06,1e-08,,,False
tau_fixed,odeint,1.0,absolute,continuous,31,4,gelu,0.0,True,0.007713325078421559,0.038239053636789325,0.007191941070835014,adamw,False,,1,dopri5,1e-06,1e-08,,,False
tau_fixed,odeint,1.0,absolute,continuous,32,3,gelu,0.0,True,0.036685656794108214,0.0483089879155159,0.01642548282188624,adamw,False,,1,dopri5,1e-06,1e-08,,,False
tau_fixed,odeint,1.0,absolute,continuous,30,4,gelu,0.0,True,0.006682364654226088,0.04019582159817218,0.008059657510864963,adamw,False,,1,dopri5,1e-06,1e-08,,,False
tau_fixed,odeint,1.0,absolute,continuous,28,4,gelu,0.0,True,0.01028158924617598,0.040681278705596916,0.006125469296421675,adamw,False,,1,dopri5,1e-06,1e-08,,,False
tau_fixed,odeint,1.0,absolute,continuous,33,4,gelu,0.0,True,0.00893388438151462,0.04112079963088035,0.00775822839241108,adamw,False,,1,dopri5,1e-06,1e-08,,,False
tau_fixed,odeint,1.0,absolute,continuous,31,4,gelu,0.0,True,0.008054469922935415,0.04378951229155064,0.016104466974751302,adamw,False,,1,dopri5,1e-06,1e-08,,,False
tau_fixed,odeint,1.0,absolute,continuous,32,4,gelu,0.0,True,0.02940351102891552,0.039023698866367335,0.006287206762352752,adamw,False,,1,dopri5,1e-06,1e-08,,,False
tau_fixed,odeint,1.0,absolute,continuous,36,4,gelu,0.0,True,0.00995480303866208,0.04740346446633339,0.021140628862314832,adamw,False,,1,dopri5,1e-06,1e-08,,,False
tau_fixed,odeint,1.0,absolute,continuous,30,4,gelu,0.1,True,0.01100554937218125,0.04370496571063996,0.007710857687654738,adamw,False,,1,dopri5,1e-06,1e-08,,,False
tau_fixed,odeint,1.0,absolute,continuous,27,4,mish,0.0,True,0.014354801015872769,0.04412282928824425,0.01760857708271419,adamw,False,,1,dopri5,1e-06,1e-08,,,False
tau_fixed,odeint,1.0,absolute,continuous,35,4,gelu,0.0,True,0.007243394243672802,0.04041167981922626,0.010688668658270829,adamw,False,,1,dopri5,1e-06,1e-08,,,False
tau_fixed,odeint,1.0,absolute,continuous,34,4,mish,0.0,True,0.017064593990134585,0.0368238776922226,0.002676016318634769,adamw,False,,1,dopri5,1e-06,1e-08,,,False
tau_fixed,odeint,1.0,absolute,continuous,32,4,mish,0.0,True,0.018387703435012042,0.04311074763536453,0.004559312593628388,adamw,False,,1,dopri5,1e-06,1e-08,,,False
tau_fixed,odeint,1.0,absolute,continuous,34,4,mish,0.0,True,0.01690345528917485,0.03804422579705715,0.008183903898064795,adamw,False,,1,dopri5,1e-06,1e-08,,,False
tau_fixed,odeint,1.0,absolute,continuous,33,4,mish,0.0,True,0.015139044016893888,0.036332789808511734,0.0036094791147482266,adamw,False,,1,dopri5,1e-06,1e-08,,,False
tau_fixed,odeint,1.0,absolute,continuous,33,4,mish,0.0,True,0.015281472738755469,0.040877868235111234,0.010111136808157551,adamw,False,,1,dopri5,1e-06,1e-08,,,False
tau_fixed,odeint,1.0,absolute,continuous,31,4,mish,0.0,True,0.02010748268773453,0.039272259920835495,0.005719941930818833,adamw,False,,1,dopri5,1e-06,1e-08,,,False
tau_fixed,odeint,1.0,absolute,continuous,36,4,mish,0.0,True,0.01354543391004452,0.044778280332684516,0.01960140537782241,adamw,False,,1,dopri5,1e-06,1e-08,,,False
tau_fixed,odeint,1.0,absolute,continuous,29,4,mish,0.2,True,0.016291089626946254,0.045370766520500184,0.006214201811071848,adamw,False,,1,dopri5,1e-06,1e-08,,,False
tau_fixed,odeint,1.0,absolute,continuous,33,4,mish,0.0,True,0.015047227429138091,0.03917413577437402,0.007024824655634367,adamw,False,,1,dopri5,1e-06,1e-08,,,False
tau_fixed,odeint,1.0,absolute,continuous,38,4,mish,0.0,True,0.02142345746614906,0.04028777703642845,0.003539043880961757,adamw,False,,1,dopri5,1e-06,1e-08,,,False
tau_fixed,odeint,1.0,absolute,continuous,34,5,mish,0.0,True,0.01902022064867341,0.03893900737166405,0.006859006520189401,adamw,False,,1,dopri5,1e-06,1e-08,,,False
tau_fixed,odeint,1.0,absolute,continuous,32,4,leakyrelu,0.0,True,0.017589785529165958,0.04392804577946663,0.008183706326316426,adamw,False,,1,dopri5,1e-06,1e-08,,,False
tau_fixed,odeint,1.0,absolute,continuous,46,4,swish,0.0,True,0.011065161585970294,0.03816079869866371,0.009310667617858854,adamw,False,,1,dopri5,1e-06,1e-08,,,False
tau_fixed,odeint,1.0,absolute,continuous,35,4,swish,0.0,True,0.009523997572517307,0.04793309271335602,0.030511433693413293,adamw,False,,1,dopri5,1e-06,1e-08,,,False
tau_fixed,odeint,1.0,absolute,continuous,37,4,mish,0.0,True,0.012716039014575109,0.04109684601426125,0.01121813277456362,adamw,False,,1,dopri5,1e-06,1e-08,,,False
tau_fixed,odeint,1.0,absolute,continuous,30,2,swish,0.0,True,0.00875324794470503,0.05242785662412643,0.017342866107361528,adamw,False,,1,dopri5,1e-06,1e-08,,,False
tau_fixed,odeint,1.0,absolute,continuous,35,4,swish,0.0,True,0.011598595072181785,0.04059956260025501,0.009563247837635451,adamw,False,,1,dopri5,1e-06,1e-08,,,False
tau_fixed,odeint,1.0,absolute,continuous,33,4,gelu,0.0,True,0.013983855055233538,0.03770925961434842,0.004698191321663283,adamw,False,,1,dopri5,1e-06,1e-08,,,False
tau_fixed,odeint,1.0,absolute,continuous,34,4,mish,0.0,True,0.0100935212011116,0.043410218134522435,0.016499723575541813,adamw,False,,1,dopri5,1e-06,1e-08,,,False
tau_fixed,odeint,1.0,absolute,continuous,43,4,swish,0.0,True,0.023834867047381043,0.0376535952091217,0.011320152164753051,adamw,False,,1,dopri5,1e-06,1e-08,,,False
tau_fixed,odeint,1.0,absolute,continuous,36,4,swish,0.0,True,0.001905868649070948,0.04617351405322552,0.018635231526051173,adamw,False,,1,dopri5,1e-06,1e-08,,,False
tau_fixed,odeint,1.0,absolute,continuous,24,3,mish,0.0,True,0.02723937315600379,0.03947025649249554,0.008340839908650456,adamw,False,,1,dopri5,1e-06,1e-08,,,False
tau_fixed,odeint,1.0,absolute,continuous,63,4,swish,0.0,True,0.012398339042705988,0.04114504493772984,0.009463030527554778,adamw,False,,1,dopri5,1e-06,1e-08,,,False
tau_fixed,odeint,1.0,absolute,continuous,62,4,swish,0.0,True,0.01667534985127891,0.04246378913521767,0.01087804854601767,adamw,False,,1,dopri5,1e-06,1e-08,,,False
tau_fixed,odeint,1.0,absolute,continuous,61,4,swish,0.0,True,0.011495635017000329,0.041642512381076816,0.008223805008211793,adamw,False,,1,dopri5,1e-06,1e-08,,,False
tau_fixed,odeint,1.0,absolute,continuous,59,4,swish,0.0,True,0.014853313053729613,0.04512066654860973,0.020513068667637063,adamw,False,,1,dopri5,1e-06,1e-08,,,False
tau_fixed,odeint,1.0,absolute,continuous,31,4,swish,0.0,True,0.013211840983276931,0.04416717179119587,0.02066239394436751,adamw,False,,1,dopri5,1e-06,1e-08,,,False
tau_fixed,odeint,1.0,absolute,continuous,39,4,swish,0.0,True,0.010740011707802326,0.03941107727587223,0.009455711388176972,adamw,False,,1,dopri5,1e-06,1e-08,,,False
tau_fixed,odeint,1.0,absolute,continuous,49,4,gelu,0.1,True,0.008444261985592538,0.04255035370588303,0.003021434180749004,adamw,False,,1,dopri5,1e-06,1e-08,,,False
tau_fixed,odeint,1.0,absolute,continuous,62,4,swish,0.0,True,0.009173908783660362,0.04115653820335865,0.010747320148407971,adamw,False,,1,dopri5,1e-06,1e-08,,,False
tau_fixed,odeint,1.0,absolute,continuous,29,4,mish,0.0,True,0.012302077807380506,0.04247352182865143,0.01657875400007171,adamw,False,,1,dopri5,1e-06,1e-08,,,False
tau_fixed,odeint,1.0,absolute,continuous,64,4,swish,0.0,True,0.009755730519400256,0.040256894379854205,0.010010851914772176,adamw,False,,1,dopri5,1e-06,1e-08,,,False
tau_fixed,odeint,1.0,absolute,continuous,34,4,swish,0.0,True,0.013090317467601942,0.04677428454160689,0.02277995422463382,adamw,False,,1,dopri5,1e-06,1e-08,,,False
tau_fixed,odeint,1.0,absolute,continuous,32,4,swish,0.0,True,0.013542615853218759,0.044843958318233484,0.019778137865448967,adamw,False,,1,dopri5,1e-06,1e-08,,,False
tau_fixed,odeint,1.0,absolute,continuous,33,4,swish,0.0,True,0.011762653055446649,0.03938153497874737,0.010518455074981307,adamw,False,,1,dopri5,1e-06,1e-08,,,False
tau_fixed,odeint,1.0,absolute,continuous,35,4,swish,0.0,True,0.014976758109638022,0.03693602606654167,0.006573476634141227,adamw,False,,1,dopri5,1e-06,1e-08,,,False
tau_fixed,odeint,1.0,absolute,continuous,36,4,swish,0.0,True,0.01528461690257441,0.04208931289613247,0.013994476723255685,adamw,False,,1,dopri5,1e-06,1e-08,,,False
tau_fixed,odeint,1.0,absolute,continuous,35,4,gelu,0.2,True,0.017508405878191743,0.04629610702395439,0.009787487930656156,adamw,False,,1,dopri5,1e-06,1e-08,,,False
tau_fixed,odeint,1.0,absolute,continuous,37,4,swish,0.0,True,0.01607023776132668,0.03833936080336571,0.007264294123756024,adamw,False,,1,dopri5,1e-06,1e-08,,,False
tau_fixed,odeint,1.0,absolute,continuous,31,4,mish,0.0,True,0.048473513888623705,0.04593559801578522,0.012287633256856707,adamw,False,,1,dopri5,1e-06,1e-08,,,False
tau_fixed,odeint,1.0,absolute,continuous,33,5,swish,0.0,True,0.014182179580530597,0.038765940442681314,0.00831004997333468,adamw,False,,1,dopri5,1e-06,1e-08,,,False
tau_fixed,odeint,1.0,absolute,continuous,34,4,gelu,0.0,True,0.007853160549055814,0.045574386790394786,0.02291836245795402,adamw,False,,1,dopri5,1e-06,1e-08,,,False
tau_fixed,odeint,1.0,absolute,continuous,35,4,swish,0.0,True,0.010523001823325088,0.03937813229858875,0.007758144457817613,adamw,False,,1,dopri5,1e-06,1e-08,,,False
tau_fixed,odeint,1.0,absolute,continuous,32,4,swish,0.0,True,0.014147261210848631,0.035273973271250716,0.007121492227073084,adamw,False,,1,dopri5,1e-06,1e-08,,,False
tau_fixed,odeint,1.0,absolute,continuous,31,4,swish,0.0,True,0.014344484250338546,0.03848682567477226,0.004220134788024073,adamw,False,,1,dopri5,1e-06,1e-08,,,False
tau_fixed,odeint,1.0,absolute,continuous,32,4,swish,0.0,True,0.01852001484937882,0.039040489494800566,0.006899680527068879,adamw,False,,1,dopri5,1e-06,1e-08,,,False
tau_fixed,odeint,1.0,absolute,continuous,30,4,leakyrelu,0.0,True,0.016149498499697542,0.048766297101974485,0.00918069803883808,adamw,False,,1,dopri5,1e-06,1e-08,,,False
tau_fixed,odeint,1.0,absolute,continuous,33,2,swish,0.0,True,0.012041097840250365,0.05246892347931862,0.020822589652943303,adamw,False,,1,dopri5,1e-06,1e-08,,,False
tau_fixed,odeint,1.0,absolute,continuous,41,4,swish,0.0,True,0.03232322256901788,0.041738016530871384,0.008367844529564333,adamw,False,,1,dopri5,1e-06,1e-08,,,False
tau_fixed,odeint,1.0,absolute,continuous,60,4,mish,0.0,True,0.014926805496449725,0.04269701763987541,0.0122374580380953,adamw,False,,1,dopri5,1e-06,1e-08,,,False
tau_fixed,odeint,1.0,absolute,continuous,37,4,swish,0.0,True,0.016740935782109684,0.037665315344929694,0.010882157040178723,adamw,False,,1,dopri5,1e-06,1e-08,,,False
tau_fixed,odeint,1.0,absolute,continuous,34,4,swish,0.0,True,0.01067563895017196,0.0441566415131092,0.013717996797556278,adamw,False,,1,dopri5,1e-06,1e-08,,,False
tau_fixed,odeint,1.0,absolute,continuous,32,4,swish,0.0,True,0.013543874328643887,0.03850319497287273,0.007613569543470038,adamw,False,,1,dopri5,1e-06,1e-08,,,False
tau_fixed,odeint,1.0,absolute,continuous,34,4,swish,0.0,True,0.013346162166086287,0.043152184784412385,0.01279219161291092,adamw,False,,1,dopri5,1e-06,1e-08,,,False
tau_fixed,odeint,1.0,absolute,continuous,35,4,swish,0.0,True,0.012388255779957636,0.04482092000544071,0.02042665879273733,adamw,False,,1,dopri5,1e-06,1e-08,,,False
tau_fixed,odeint,1.0,absolute,continuous,21,4,swish,0.0,True,0.009723032780408414,0.038677965104579916,0.009817731967931141,adamw,False,,1,dopri5,1e-06,1e-08,,,False
tau_fixed,odeint,1.0,absolute,continuous,32,4,mish,0.0,True,0.015516537098690466,0.03764797821640968,0.005133002987425037,adamw,False,,1,dopri5,1e-06,1e-08,,,False
tau_fixed,odeint,1.0,absolute,continuous,31,3,swish,0.0,True,0.011317213410794523,0.03691364787518978,0.005862818433794483,adamw,False,,1,dopri5,1e-06,1e-08,,,False
tau_fixed,odeint,1.0,absolute,continuous,30,3,gelu,0.0,True,0.011203525199318793,0.04002844095230103,0.007487821992947299,adamw,False,,1,dopri5,1e-06,1e-08,,,False
tau_fixed,odeint,1.0,absolute,continuous,29,3,swish,0.1,True,0.008921858401159768,0.04446335956454277,0.007433547310301297,adamw,False,,1,dopri5,1e-06,1e-08,,,False
tau_fixed,odeint,1.0,absolute,continuous,33,3,swish,0.0,True,0.04313805642160504,0.03931552246212959,0.0049349817829458425,adamw,False,,1,dopri5,1e-06,1e-08,,,False
tau_fixed,odeint,1.0,absolute,continuous,27,3,mish,0.0,True,0.0112766314786103,0.03700698278844357,0.005782098532403765,adamw,False,,1,dopri5,1e-06,1e-08,,,False
tau_fixed,odeint,1.0,absolute,continuous,26,4,mish,0.0,True,0.010447235772891968,0.03666229322552681,0.00691350361018618,adamw,False,,1,dopri5,1e-06,1e-08,,,False
tau_fixed,odeint,1.0,absolute,continuous,27,3,mish,0.0,True,0.010347613284128409,0.043122266232967374,0.008281077314178063,adamw,False,,1,dopri5,1e-06,1e-08,,,False
tau_fixed,odeint,1.0,absolute,continuous,25,3,mish,0.0,True,0.011178834246821465,0.041504265367984766,0.013695775894447136,adamw,False,,1,dopri5,1e-06,1e-08,,,False
tau_fixed,odeint,1.0,absolute,continuous,26,3,mish,0.0,True,0.00972459280227476,0.03843453377485275,0.006469756899935094,adamw,False,,1,dopri5,1e-06,1e-08,,,False
tau_fixed,odeint,1.0,absolute,continuous,28,3,mish,0.0,True,0.0011753950311458564,0.055927823483943935,0.016044333787072602,adamw,False,,1,dopri5,1e-06,1e-08,,,False
tau_fixed,odeint,1.0,absolute,continuous,22,3,mish,0.0,True,0.01171717377058227,0.0406036276370287,0.009200126950400999,adamw,False,,1,dopri5,1e-06,1e-08,,,False
tau_fixed,odeint,1.0,absolute,continuous,27,3,mish,0.0,True,0.009128857360692943,0.043774071335792544,0.012073703238993708,adamw,False,,1,dopri5,1e-06,1e-08,,,False
tau_fixed,odeint,1.0,absolute,continuous,31,4,mish,0.0,True,0.007404644262857412,0.03804617337882519,0.008502868787809774,adamw,False,,1,dopri5,1e-06,1e-08,,,False
tau_fixed,odeint,1.0,absolute,continuous,28,4,mish,0.0,True,0.014491776403828644,0.039664878696203235,0.005466474042964305,adamw,False,,1,dopri5,1e-06,1e-08,,,False
tau_fixed,odeint,1.0,absolute,continuous,36,4,mish,0.0,True,0.017638898675012067,0.04190429598093033,0.009288793056771966,adamw,False,,1,dopri5,1e-06,1e-08,,,False
tau_fixed,odeint,1.0,absolute,continuous,38,4,swish,0.0,True,0.01251304283604073,0.04377000816166402,0.016725185182278474,adamw,False,,1,dopri5,1e-06,1e-08,,,False
tau_fixed,odeint,1.0,absolute,continuous,30,4,mish,0.0,True,0.010676765745642237,0.04169850498437881,0.010640081441908623,adamw,False,,1,dopri5,1e-06,1e-08,,,False
tau_fixed,odeint,1.0,absolute,continuous,63,4,gelu,0.0,True,0.01140810662476259,0.0374318040907383,0.0032683296127562675,adamw,False,,1,dopri5,1e-06,1e-08,,,False
tau_fixed,odeint,1.0,absolute,continuous,61,4,swish,0.2,True,0.009937681368096763,0.04938032776117325,0.011177603374476769,adamw,False,,1,dopri5,1e-06,1e-08,,,False
tau_fixed,odeint,1.0,absolute,continuous,31,4,swish,0.0,True,0.008371078141975925,0.043614016845822334,0.02299183146395023,adamw,False,,1,dopri5,1e-06,1e-08,,,False
tau_fixed,odeint,1.0,absolute,continuous,33,4,mish,0.0,True,0.012865741312883918,0.043455735966563235,0.018259734733897408,adamw,False,,1,dopri5,1e-06,1e-08,,,False
tau_fixed,odeint,1.0,absolute,continuous,25,4,swish,0.0,True,0.011932832565872391,0.04732404947280884,0.021795378361300303,adamw,False,,1,dopri5,1e-06,1e-08,,,False
tau_fixed,odeint,1.0,absolute,continuous,36,3,gelu,0.0,True,0.01956665816611617,0.039109311252832415,0.006135878452819646,adamw,False,,1,dopri5,1e-06,1e-08,,,False
tau_fixed,odeint,1.0,absolute,continuous,64,4,leakyrelu,0.0,True,0.003152043868022523,0.040684738010168066,0.005781526708363776,adamw,False,,1,dopri5,1e-06,1e-08,,,False
tau_fixed,odeint,1.0,absolute,continuous,17,5,swish,0.0,True,0.015803462157831467,0.040934692323207865,0.006457122677480645,adamw,False,,1,dopri5,1e-06,1e-08,,,False
tau_fixed,odeint,1.0,absolute,continuous,34,4,swish,0.0,True,0.013465308948123913,0.03905531652271746,0.00876822890290883,adamw,False,,1,dopri5,1e-06,1e-08,,,False
tau_fixed,odeint,1.0,absolute,continuous,32,4,swish,0.0,True,0.01423833029313035,0.03915396630764008,0.01011364131971268,adamw,False,,1,dopri5,1e-06,1e-08,,,False
tau_fixed,odeint,1.0,absolute,continuous,34,4,swish,0.0,True,0.010570801516586605,0.04053421691060066,0.0070884961306313206,adamw,False,,1,dopri5,1e-06,1e-08,,,False
tau_fixed,odeint,1.0,absolute,continuous,35,4,swish,0.0,True,0.012646983482214054,0.04707987755537033,0.015365104421391688,adamw,False,,1,dopri5,1e-06,1e-08,,,False
tau_fixed,odeint,1.0,absolute,continuous,33,4,swish,0.0,True,0.01144206966006558,0.04518953636288643,0.017350884857496137,adamw,False,,1,dopri5,1e-06,1e-08,,,False
tau_fixed,odeint,1.0,absolute,continuous,50,4,mish,0.0,True,0.029639398856374375,0.045552901923656464,0.0010555877134109423,adamw,False,,1,dopri5,1e-06,1e-08,,,False
tau_fixed,odeint,1.0,absolute,continuous,38,2,swish,0.0,True,0.017052995652779204,0.04106583595275879,0.007849597058873888,adamw,False,,1,dopri5,1e-06,1e-08,,,False
tau_fixed,odeint,1.0,absolute,continuous,32,4,swish,0.0,True,0.015194301694134578,0.03649212196469307,0.006339044955329362,adamw,False,,1,dopri5,1e-06,1e-08,,,False
tau_fixed,odeint,1.0,absolute,continuous,30,4,mish,0.0,True,0.035597520340871845,0.04451426714658737,0.008823037954987656,adamw,False,,1,dopri5,1e-06,1e-08,,,False
tau_fixed,odeint,1.0,absolute,continuous,32,4,swish,0.0,True,0.015925327663378813,0.04240995831787586,0.009786982688619958,adamw,False,,1,dopri5,1e-06,1e-08,,,False
tau_fixed,odeint,1.0,absolute,continuous,31,4,swish,0.0,True,0.015209229301683691,0.0390344500541687,0.008156999178630945,adamw,False,,1,dopri5,1e-06,1e-08,,,False
tau_fixed,odeint,1.0,absolute,continuous,33,4,swish,0.0,True,0.01408659801629899,0.038703161478042605,0.00822450996395557,adamw,False,,1,dopri5,1e-06,1e-08,,,False
tau_fixed,odeint,1.0,absolute,continuous,35,4,swish,0.0,True,0.012799199379732978,0.05021945461630821,0.030651016806371587,adamw,False,,1,dopri5,1e-06,1e-08,,,False
tau_fixed,odeint,1.0,absolute,continuous,34,4,swish,0.0,True,0.014680515962137172,0.042118942737579344,0.010556417804226951,adamw,False,,1,dopri5,1e-06,1e-08,,,False
tau_fixed,odeint,1.0,absolute,continuous,62,4,gelu,0.0,True,0.010456541413876782,0.041036783158779136,0.009182425900983166,adamw,False,,1,dopri5,1e-06,1e-08,,,False
tau_fixed,odeint,1.0,absolute,continuous,32,4,swish,0.0,True,0.011706386793152036,0.03894100859761238,0.013451488976326248,adamw,False,,1,dopri5,1e-06,1e-08,,,False
tau_fixed,odeint,1.0,absolute,continuous,24,4,swish,0.0,True,0.017332367177054688,0.045431248843669884,0.02416390138993404,adamw,False,,1,dopri5,1e-06,1e-08,,,False
tau_fixed,odeint,1.0,absolute,continuous,37,4,mish,0.0,True,0.009489956957519259,0.037331217527389535,0.0032585087983524005,adamw,False,,1,dopri5,1e-06,1e-08,,,False
tau_fixed,odeint,1.0,absolute,continuous,29,4,swish,0.1,True,0.0135004488645168,0.04521729946136475,0.007256283909690964,adamw,False,,1,dopri5,1e-06,1e-08,,,False
tau_fixed,odeint,1.0,absolute,continuous,32,4,swish,0.0,True,0.015985674054266482,0.03937496282160282,0.009669591720281649,adamw,False,,1,dopri5,1e-06,1e-08,,,False
tau_fixed,odeint,1.0,absolute,continuous,34,3,mish,0.0,True,0.02552186231882454,0.039115107804536815,0.0032537329856216525,adamw,False,,1,dopri5,1e-06,1e-08,,,False
tau_fixed,odeint,1.0,absolute,continuous,35,4,gelu,0.0,True,0.010684538057667944,0.039954794198274614,0.00861079388529705,adamw,False,,1,dopri5,1e-06,1e-08,,,False
tau_fixed,odeint,1.0,absolute,continuous,47,4,swish,0.0,True,0.014879901623593594,0.040103695914149286,0.013796756324498723,adamw,False,,1,dopri5,1e-06,1e-08,,,False
tau_fixed,odeint,1.0,absolute,continuous,31,4,swish,0.0,True,0.012694128066520908,0.03665119484066963,0.0063427161521362645,adamw,False,,1,dopri5,1e-06,1e-08,,,False
tau_fixed,odeint,1.0,absolute,continuous,31,4,mish,0.0,True,0.012025907580525632,0.03864100351929665,0.008115790341806723,adamw,False,,1,dopri5,1e-06,1e-08,,,False
tau_fixed,odeint,1.0,absolute,continuous,30,4,swish,0.2,True,0.018209160240361046,0.04494200572371483,0.007241183065026749,adamw,False,,1,dopri5,1e-06,1e-08,,,False
tau_fixed,odeint,1.0,absolute,continuous,26,4,swish,0.0,True,0.008924552119840142,0.042974284291267394,0.01946851471241981,adamw,False,,1,dopri5,1e-06,1e-08,,,False
tau_fixed,odeint,1.0,absolute,continuous,29,4,mish,0.0,True,0.009848316348288816,0.037847872078418734,0.0064905000398152,adamw,False,,1,dopri5,1e-06,1e-08,,,False
tau_fixed,odeint,1.0,absolute,continuous,31,3,gelu,0.0,True,0.012429754054998174,0.04392943531274796,0.010207932891478177,adamw,False,,1,dopri5,1e-06,1e-08,,,False
tau_fixed,odeint,1.0,absolute,continuous,52,4,swish,0.0,True,0.011108430731939907,0.039324152097105984,0.008650561820396791,adamw,False,,1,dopri5,1e-06,1e-08,,,False
tau_fixed,odeint,1.0,absolute,continuous,39,4,swish,0.0,True,0.013674145867347788,0.046931074187159534,0.01804988939548593,adamw,False,,1,dopri5,1e-06,1e-08,,,False
tau_fixed,odeint,1.0,absolute,continuous,63,4,mish,0.0,True,0.01636086031269245,0.03670170307159424,0.0046067407536443394,adamw,False,,1,dopri5,1e-06,1e-08,,,False
tau_fixed,odeint,1.0,absolute,continuous,60,5,mish,0.0,True,0.019585975843883784,0.045583894848823546,0.013321000883612924,adamw,False,,1,dopri5,1e-06,1e-08,,,False
tau_fixed,odeint,1.0,absolute,continuous,33,4,mish,0.0,True,0.01651443937497256,0.039113967865705486,0.004786247653395091,adamw,False,,1,dopri5,1e-06,1e-08,,,False
tau_fixed,odeint,1.0,absolute,continuous,56,4,mish,0.0,True,0.017774703128028986,0.03688084557652473,0.005078803755615549,adamw,False,,1,dopri5,1e-06,1e-08,,,False
tau_fixed,odeint,1.0,absolute,continuous,63,4,mish,0.0,True,0.018722100117077832,0.04103085398674011,0.007737476829265997,adamw,False,,1,dopri5,1e-06,1e-08,,,False
tau_fixed,odeint,1.0,absolute,continuous,62,4,mish,0.0,True,0.022307364255533625,0.05056470558047295,0.012956082711670772,adamw,False,,1,dopri5,1e-06,1e-08,,,False
tau_fixed,odeint,1.0,absolute,continuous,32,4,mish,0.0,True,0.016539335455507044,0.03681392371654511,0.0037041423970928726,adamw,False,,1,dopri5,1e-06,1e-08,,,False
tau_fixed,odeint,1.0,absolute,continuous,31,2,mish,0.0,True,0.017369676610506594,0.049788514524698256,0.016884741073583214,adamw,False,,1,dopri5,1e-06,1e-08,,,False
tau_fixed,odeint,1.0,absolute,continuous,55,4,mish,0.0,True,0.020985959189922826,0.04186747446656227,0.0060918100158050895,adamw,False,,1,dopri5,1e-06,1e-08,,,False
tau_fixed,odeint,1.0,absolute,continuous,56,3,mish,0.0,True,0.01688302249059273,0.04408106729388237,0.011144224792153648,adamw,False,,1,dopri5,1e-06,1e-08,,,False
tau_fixed,odeint,1.0,absolute,continuous,32,4,mish,0.0,True,0.01588992186524865,0.039512810111045835,0.004356518058837285,adamw,False,,1,dopri5,1e-06,1e-08,,,False
tau_fixed,odeint,1.0,absolute,continuous,30,4,mish,0.1,True,0.015155625986534884,0.04108952656388283,0.007840497189996099,adamw,False,,1,dopri5,1e-06,1e-08,,,False
tau_fixed,odeint,1.0,absolute,continuous,33,4,mish,0.0,True,0.01830794696972372,0.04349739626049996,0.012237521033164342,adamw,False,,1,dopri5,1e-06,1e-08,,,False
tau_fixed,odeint,1.0,absolute,continuous,32,4,mish,0.0,True,0.016428489986853263,0.038612259924411765,0.010032167330696149,adamw,False,,1,dopri5,1e-06,1e-08,,,False
tau_fixed,odeint,1.0,absolute,continuous,36,4,mish,0.0,True,0.01482618183922531,0.03758678957819939,0.006455475652693389,adamw,False,,1,dopri5,1e-06,1e-08,,,False
tau_fixed,odeint,1.0,absolute,continuous,31,4,mish,0.0,True,0.018302081706266085,0.03954385034739971,0.01039849441443408,adamw,False,,1,dopri5,1e-06,1e-08,,,False
tau_fixed,odeint,1.0,absolute,continuous,28,4,leakyrelu,0.0,True,0.02045806915102103,0.04434405416250229,0.011117319418465376,adamw,False,,1,dopri5,1e-06,1e-08,,,False
tau_fixed,odeint,1.0,absolute,continuous,33,4,mish,0.0,True,0.016847840553659156,0.03912484496831894,0.00969116758734969,adamw,False,,1,dopri5,1e-06,1e-08,,,False
tau_fixed,odeint,1.0,absolute,continuous,36,3,mish,0.0,True,0.014219584945940441,0.04166317880153656,0.0069322795288071426,adamw,False,,1,dopri5,1e-06,1e-08,,,False
tau_fixed,odeint,1.0,absolute,continuous,29,4,gelu,0.2,True,0.02794389992020317,0.052105384320020674,0.008446065587510442,adamw,False,,1,dopri5,1e-06,1e-08,,,False
tau_fixed,odeint,1.0,absolute,continuous,32,4,mish,0.0,True,0.015631745193022864,0.03797457665205002,0.0033512503165014523,adamw,False,,1,dopri5,1e-06,1e-08,,,False
tau_fixed,odeint,1.0,absolute,continuous,34,4,mish,0.0,True,0.006912595490565527,0.03892159685492515,0.005620169615923278,adamw,False,,1,dopri5,1e-06,1e-08,,,False
tau_fixed,odeint,1.0,absolute,continuous,31,4,gelu,0.0,True,0.015306024274200712,0.038596035167574885,0.008678211107238145,adamw,False,,1,dopri5,1e-06,1e-08,,,False
tau_fixed,odeint,1.0,absolute,continuous,33,4,mish,0.0,True,0.007991156184744613,0.04269507937133312,0.01667472327903641,adamw,False,,1,dopri5,1e-06,1e-08,,,False
tau_fixed,odeint,1.0,absolute,continuous,57,4,mish,0.0,True,0.01920504867771001,0.03796938620507717,0.007538275672368681,adamw,False,,1,dopri5,1e-06,1e-08,,,False
tau_fixed,odeint,1.0,absolute,continuous,25,4,mish,0.0,True,0.01731013680645227,0.038987185806036,0.008684121826551053,adamw,False,,1,dopri5,1e-06,1e-08,,,False
tau_fixed,odeint,1.0,absolute,continuous,35,3,gelu,0.0,True,0.03064369270787098,0.04119723811745644,0.006228358479854745,adamw,False,,1,dopri5,1e-06,1e-08,,,False
tau_fixed,odeint,1.0,absolute,continuous,32,4,mish,0.0,True,0.013746200310421076,0.038497237116098405,0.006450272741103114,adamw,False,,1,dopri5,1e-06,1e-08,,,False
tau_fixed,odeint,1.0,absolute,continuous,30,5,mish,0.0,True,0.01464461331244095,0.03722416646778584,0.007364962525453887,adamw,False,,1,dopri5,1e-06,1e-08,,,False
tau_fixed,odeint,1.0,absolute,continuous,34,4,gelu,0.0,True,0.016495141149025113,0.038167559355497364,0.007714255747357503,adamw,False,,1,dopri5,1e-06,1e-08,,,False
tau_fixed,odeint,1.0,absolute,continuous,37,4,mish,0.0,True,0.015630009366907255,0.04200572147965431,0.009250078095343645,adamw,False,,1,dopri5,1e-06,1e-08,,,False
tau_fixed,odeint,1.0,absolute,continuous,27,2,leakyrelu,0.0,True,0.006400849039781482,0.050731326639652255,0.01106538630494556,adamw,False,,1,dopri5,1e-06,1e-08,,,False
tau_fixed,odeint,1.0,absolute,continuous,33,4,mish,0.0,True,0.013073898724664086,0.0388382650911808,0.010796894923393528,adamw,False,,1,dopri5,1e-06,1e-08,,,False
tau_fixed,odeint,1.0,absolute,continuous,29,4,swish,0.1,True,0.008683521533192424,0.047031184285879137,0.009116623479451118,adamw,False,,1,dopri5,1e-06,1e-08,,,False
tau_fixed,odeint,1.0,absolute,continuous,31,4,gelu,0.0,True,0.01837339314091373,0.03947859592735768,0.00712421059600095,adamw,False,,1,dopri5,1e-06,1e-08,,,False
tau_fixed,odeint,1.0,absolute,continuous,34,4,swish,0.0,True,0.010183613683943878,0.042858061566948887,0.021027759434747464,adamw,False,,1,dopri5,1e-06,1e-08,,,False
tau_fixed,odeint,1.0,absolute,continuous,35,4,mish,0.0,True,0.014346261294666412,0.039179503917694085,0.006432651891718687,adamw,False,,1,dopri5,1e-06,1e-08,,,False
tau_fixed,odeint,1.0,absolute,continuous,61,3,swish,0.0,True,0.017452175322663875,0.03841693252325058,0.004523151828909256,adamw,False,,1,dopri5,1e-06,1e-08,,,False
tau_fixed,odeint,1.0,absolute,continuous,40,4,mish,0.0,True,0.03431081256585816,0.0417350985109806,0.007599391562516853,adamw,False,,1,dopri5,1e-06,1e-08,,,False
tau_fixed,odeint,1.0,absolute,continuous,32,4,swish,0.0,True,0.02393698716661337,0.03974412679672242,0.006561505383886714,adamw,False,,1,dopri5,1e-06,1e-08,,,False
tau_fixed,odeint,1.0,absolute,continuous,30,4,mish,0.2,True,0.012826605789353749,0.04284375384449959,0.0072151035027396655,adamw,False,,1,dopri5,1e-06,1e-08,,,False
tau_fixed,odeint,1.0,absolute,continuous,38,4,swish,0.0,True,0.016476890184960562,0.04491160921752453,0.020289572537342208,adamw,False,,1,dopri5,1e-06,1e-08,,,False
tau_fixed,odeint,1.0,absolute,continuous,36,4,gelu,0.0,True,0.007584582205662831,0.034853511676192286,0.0051610030235181925,adamw,False,,1,dopri5,1e-06,1e-08,,,False
tau_fixed,odeint,1.0,absolute,continuous,36,4,gelu,0.0,True,0.007627945969501006,0.03772608153522015,0.007245380299384531,adamw,False,,1,dopri5,1e-06,1e-08,,,False
tau_fixed,odeint,1.0,absolute,continuous,36,4,gelu,0.0,True,0.007299853524640108,0.041493703797459605,0.009460550474578472,adamw,False,,1,dopri5,1e-06,1e-08,,,False
tau_fixed,odeint,1.0,absolute,continuous,35,4,gelu,0.0,True,0.006713395711194704,0.03603943474590778,0.0077147318161489686,adamw,False,,1,dopri5,1e-06,1e-08,,,False
tau_fixed,odeint,1.0,absolute,continuous,35,4,gelu,0.0,True,0.005577774721720283,0.037491799518466006,0.00650416584985102,adamw,False,,1,dopri5,1e-06,1e-08,,,False
tau_fixed,odeint,1.0,absolute,continuous,34,4,gelu,0.0,True,0.039487650902464505,0.03930061459541321,0.005957966837385786,adamw,False,,1,dopri5,1e-06,1e-08,,,False
tau_fixed,odeint,1.0,absolute,continuous,38,4,gelu,0.0,True,0.0066878387865117435,0.037777993828058236,0.0061935271080082645,adamw,False,,1,dopri5,1e-06,1e-08,,,False
tau_fixed,odeint,1.0,absolute,continuous,37,4,gelu,0.0,True,0.0050576161754925285,0.0384159941226244,0.00901363843736732,adamw,False,,1,dopri5,1e-06,1e-08,,,False
tau_fixed,odeint,1.0,absolute,continuous,36,4,gelu,0.0,True,0.008262338033579283,0.03981103897094727,0.009331741217932734,adamw,False,,1,dopri5,1e-06,1e-08,,,False
tau_fixed,odeint,1.0,absolute,continuous,33,4,gelu,0.0,True,0.00824266801477154,0.04305136501789093,0.018724113235687092,adamw,False,,1,dopri5,1e-06,1e-08,,,False
tau_fixed,odeint,1.0,absolute,continuous,35,4,gelu,0.0,True,0.01963953911674687,0.04154826924204826,0.007197155592669441,adamw,False,,1,dopri5,1e-06,1e-08,,,False
tau_fixed,odeint,1.0,absolute,continuous,33,4,gelu,0.0,True,0.007031650205401411,0.04068535268306732,0.008960854077775544,adamw,False,,1,dopri5,1e-06,1e-08,,,False
tau_fixed,odeint,1.0,absolute,continuous,34,4,gelu,0.0,True,0.006306335733972805,0.03831905573606492,0.010306222705761273,adamw,False,,1,dopri5,1e-06,1e-08,,,False
tau_fixed,odeint,1.0,absolute,continuous,37,4,swish,0.0,True,0.005949794328715311,0.03904602564871311,0.012483515970418364,adamw,False,,1,dopri5,1e-06,1e-08,,,False
tau_fixed,odeint,1.0,absolute,continuous,32,4,swish,0.0,True,0.007494082872092414,0.04342441856861114,0.019898730675139583,adamw,False,,1,dopri5,1e-06,1e-08,,,False
tau_fixed,odeint,1.0,absolute,continuous,34,5,swish,0.1,True,0.01571270466094373,0.03968556821346283,0.008357064495566238,adamw,False,,1,dopri5,1e-06,1e-08,,,False
tau_fixed,odeint,1.0,absolute,continuous,39,4,gelu,0.0,True,0.01491374996358169,0.046075040102005006,0.01151438605228028,adamw,False,,1,dopri5,1e-06,1e-08,,,False
tau_fixed,odeint,1.0,absolute,continuous,35,4,swish,0.0,True,0.007753189205261255,0.04401172623038292,0.01892387166567373,adamw,False,,1,dopri5,1e-06,1e-08,,,False
tau_fixed,odeint,1.0,absolute,continuous,31,4,swish,0.0,True,0.01399461025785998,0.03879477642476559,0.009117643225233323,adamw,False,,1,dopri5,1e-06,1e-08,,,False
tau_fixed,odeint,1.0,absolute,continuous,33,2,leakyrelu,0.0,True,0.017556017210753106,0.04619149193167686,0.0105087389652311,adamw,False,,1,dopri5,1e-06,1e-08,,,False
tau_fixed,odeint,1.0,absolute,continuous,19,4,gelu,0.0,True,0.02135090682221657,0.049971426278352736,0.018652343829604626,adamw,False,,1,dopri5,1e-06,1e-08,,,False
tau_fixed,odeint,1.0,absolute,continuous,32,4,swish,0.0,True,0.016020244709803122,0.03787298873066902,0.004280781802011147,adamw,False,,1,dopri5,1e-06,1e-08,,,False
tau_fixed,odeint,1.0,absolute,continuous,37,4,swish,0.2,True,0.009034486039571528,0.045559102296829225,0.012539560279610815,adamw,False,,1,dopri5,1e-06,1e-08,,,False
tau_fixed,odeint,1.0,absolute,continuous,31,4,swish,0.0,True,0.006751141445333828,0.04360046945512295,0.017581923707009138,adamw,False,,1,dopri5,1e-06,1e-08,,,False
tau_fixed,odeint,1.0,absolute,continuous,33,4,gelu,0.0,True,0.0255723509438361,0.03900591507554053,0.0041258885042672775,adamw,False,,1,dopri5,1e-06,1e-08,,,False
tau_fixed,odeint,1.0,absolute,continuous,36,4,swish,0.0,True,0.014537282654649132,0.03750605173408985,0.006830457433354286,adamw,False,,1,dopri5,1e-06,1e-08,,,False
tau_fixed,odeint,1.0,absolute,continuous,35,4,swish,0.0,True,0.017422413036695682,0.04199856370687485,0.010254657049056487,adamw,False,,1,dopri5,1e-06,1e-08,,,False
tau_fixed,odeint,1.0,absolute,continuous,32,4,gelu,0.0,True,0.013403130250359238,0.03649015985429287,0.0049183980919247855,adamw,False,,1,dopri5,1e-06,1e-08,,,False
tau_fixed,odeint,1.0,absolute,continuous,34,4,swish,0.0,True,0.013413001219446871,0.03873593732714653,0.005509039000896211,adamw,False,,1,dopri5,1e-06,1e-08,,,False
tau_fixed,odeint,1.0,absolute,continuous,30,4,gelu,0.0,True,0.013655078427337751,0.04150211587548256,0.010339087932458907,adamw,False,,1,dopri5,1e-06,1e-08,,,False
tau_fixed,odeint,1.0,absolute,continuous,32,4,swish,0.0,True,0.015201975376479734,0.03842865228652954,0.0070036277132423976,adamw,False,,1,dopri5,1e-06,1e-08,,,False
tau_fixed,odeint,1.0,absolute,continuous,36,4,swish,0.0,True,0.012711816303754222,0.037281704321503635,0.0064500821845945785,adamw,False,,1,dopri5,1e-06,1e-08,,,False
tau_fixed,odeint,1.0,absolute,continuous,33,4,gelu,0.0,True,0.01886811442272672,0.0410633809864521,0.005314154613659072,adamw,False,,1,dopri5,1e-06,1e-08,,,False
tau_fixed,odeint,1.0,absolute,continuous,35,4,swish,0.0,True,0.0023217213198705624,0.045553935319185265,0.020166775570844224,adamw,False,,1,dopri5,1e-06,1e-08,,,False
tau_fixed,odeint,1.0,absolute,continuous,53,4,swish,0.0,True,0.016340277558285612,0.036590834334492686,0.005233843384744347,adamw,False,,1,dopri5,1e-06,1e-08,,,False
tau_fixed,odeint,1.0,absolute,continuous,54,4,swish,0.0,True,0.0167495692837294,0.0402989637106657,0.009413557380835809,adamw,False,,1,dopri5,1e-06,1e-08,,,False
tau_fixed,odeint,1.0,absolute,continuous,46,4,gelu,0.0,True,0.01598629788442336,0.03631971068680286,0.005389753640685852,adamw,False,,1,dopri5,1e-06,1e-08,,,False
tau_fixed,odeint,1.0,absolute,continuous,41,4,gelu,0.0,True,0.018290186177692545,0.04170289300382137,0.00566557241070621,adamw,False,,1,dopri5,1e-06,1e-08,,,False
tau_fixed,odeint,1.0,absolute,continuous,48,4,gelu,0.1,True,0.016414705639047646,0.04371386095881462,0.00611745391804389,adamw,False,,1,dopri5,1e-06,1e-08,,,False
tau_fixed,odeint,1.0,absolute,continuous,42,4,gelu,0.0,True,0.015824984336814434,0.04089031368494034,0.003799602277252001,adamw,False,,1,dopri5,1e-06,1e-08,,,False
tau_fixed,odeint,1.0,absolute,continuous,56,4,gelu,0.0,True,0.0196949681974088,0.04349703788757324,0.011961513332457988,adamw,False,,1,dopri5,1e-06,1e-08,,,False
tau_fixed,odeint,1.0,absolute,continuous,45,4,gelu,0.0,True,0.01426512954347113,0.04025602713227272,0.005370102621158558,adamw,False,,1,dopri5,1e-06,1e-08,,,False
tau_fixed,odeint,1.0,absolute,continuous,51,4,gelu,0.0,True,0.017686102758341576,0.03940005153417588,0.0060217583585507935,adamw,False,,1,dopri5,1e-06,1e-08,,,False
tau_fixed,odeint,1.0,absolute,continuous,44,4,mish,0.0,True,0.015169963615613815,0.042766055464744566,0.015428478418470278,adamw,False,,1,dopri5,1e-06,1e-08,,,False
tau_fixed,odeint,1.0,absolute,continuous,53,4,leakyrelu,0.0,True,0.01654584490690966,0.05234345123171806,0.021222452073500358,adamw,False,,1,dopri5,1e-06,1e-08,,,False
tau_fixed,odeint,1.0,absolute,continuous,46,4,gelu,0.0,True,0.029091094186860005,0.038549137860536584,0.004403390562402326,adamw,False,,1,dopri5,1e-06,1e-08,,,False
tau_fixed,odeint,1.0,absolute,continuous,58,5,mish,0.2,True,0.014058799998729988,0.04254957064986229,0.00483283564404325,adamw,False,,1,dopri5,1e-06,1e-08,,,False
tau_fixed,odeint,1.0,absolute,continuous,53,4,gelu,0.0,True,0.0201070348939655,0.035589318722486496,0.002340005892028971,adamw,False,,1,dopri5,1e-06,1e-08,,,False
tau_fixed,odeint,1.0,absolute,continuous,48,4,gelu,0.0,True,0.021303548922881808,0.05161541998386383,0.016415823813715185,adamw,False,,1,dopri5,1e-06,1e-08,,,False
tau_fixed,odeint,1.0,absolute,continuous,43,2,gelu,0.0,True,0.026607616141373414,0.04522354453802109,0.00929777928238684,adamw,False,,1,dopri5,1e-06,1e-08,,,False
tau_fixed,odeint,1.0,absolute,continuous,50,4,gelu,0.0,True,0.020019987457038608,0.03966638669371605,0.003166688815544189,adamw,False,,1,dopri5,1e-06,1e-08,,,False
tau_fixed,odeint,1.0,absolute,continuous,39,4,gelu,0.0,True,0.015432925651630257,0.03898799195885658,0.002363510858967235,adamw,False,,1,dopri5,1e-06,1e-08,,,False
tau_fixed,odeint,1.0,absolute,continuous,52,4,gelu,0.0,True,0.016112704305525055,0.039802034944295885,0.0016689809296734528,adamw,False,,1,dopri5,1e-06,1e-08,,,False
tau_fixed,odeint,1.0,absolute,continuous,23,4,gelu,0.0,True,0.0228859887504334,0.040580365806818015,0.003670908679101465,adamw,False,,1,dopri5,1e-06,1e-08,,,False
tau_fixed,odeint,1.0,absolute,continuous,38,4,gelu,0.0,True,0.012983506016068118,0.041902942955493926,0.011875939821635505,adamw,False,,1,dopri5,1e-06,1e-08,,,False
tau_fixed,odeint,1.0,absolute,continuous,47,4,gelu,0.0,True,0.01899099551679094,0.039979881793260584,0.004228088760811024,adamw,False,,1,dopri5,1e-06,1e-08,,,False
tau_fixed,odeint,1.0,absolute,continuous,34,4,gelu,0.0,True,0.014570913422841475,0.040824008733034135,0.006571576786014239,adamw,False,,1,dopri5,1e-06,1e-08,,,False
tau_fixed,odeint,1.0,absolute,continuous,49,4,swish,0.0,True,0.017204393217429816,0.04128450751304626,0.011208956167126284,adamw,False,,1,dopri5,1e-06,1e-08,,,False
tau_fixed,odeint,1.0,absolute,continuous,37,4,swish,0.0,True,0.030646024188524343,0.04515730142593384,0.007770678998039716,adamw,False,,1,dopri5,1e-06,1e-08,,,False
tau_fixed,odeint,1.0,absolute,continuous,40,4,gelu,0.0,True,0.012223455089920326,0.036523209512233736,0.006215763638558657,adamw,False,,1,dopri5,1e-06,1e-08,,,False
tau_fixed,odeint,1.0,absolute,continuous,42,4,gelu,0.0,True,0.01213438074939864,0.04289721921086311,0.008363450748061817,adamw,False,,1,dopri5,1e-06,1e-08,,,False
tau_fixed,odeint,1.0,absolute,continuous,40,4,gelu,0.1,True,0.013481007476050624,0.045616993308067316,0.008583830906897592,adamw,False,,1,dopri5,1e-06,1e-08,,,False
tau_fixed,odeint,1.0,absolute,continuous,45,4,gelu,0.0,True,0.012255466355984212,0.039352988451719285,0.010648433290530964,adamw,False,,1,dopri5,1e-06,1e-08,,,False
tau_fixed,odeint,1.0,absolute,continuous,42,4,gelu,0.0,True,0.011522024955626936,0.03956308513879776,0.0018381039981369789,adamw,False,,1,dopri5,1e-06,1e-08,,,False
tau_fixed,odeint,1.0,absolute,continuous,39,4,gelu,0.0,True,0.009862034060649432,0.03842665925621987,0.006175005178114979,adamw,False,,1,dopri5,1e-06,1e-08,,,False
tau_fixed,odeint,1.0,absolute,continuous,54,4,gelu,0.0,True,0.013719652777386314,0.03933478891849518,0.006863732350947253,adamw,False,,1,dopri5,1e-06,1e-08,,,False
tau_fixed,odeint,1.0,absolute,continuous,40,4,gelu,0.0,True,0.012651665878475776,0.049371138215065,0.017339214251438747,adamw,False,,1,dopri5,1e-06,1e-08,,,False
tau_fixed,odeint,1.0,absolute,continuous,44,4,swish,0.0,True,0.00921765879253393,0.045467485859990116,0.01993029861244779,adamw,False,,1,dopri5,1e-06,1e-08,,,False
tau_fixed,odeint,1.0,absolute,continuous,30,4,swish,0.0,True,0.0014895814408655607,0.045794960111379616,0.015440692872257928,adamw,False,,1,dopri5,1e-06,1e-08,,,False
tau_fixed,odeint,1.0,absolute,continuous,38,5,gelu,0.2,True,0.032172936818642944,0.05987638011574745,0.009311896506004306,adamw,False,,1,dopri5,1e-06,1e-08,,,False
tau_fixed,odeint,1.0,absolute,continuous,32,4,swish,0.0,True,0.014850689120099219,0.037468474358320236,0.007144864159179865,adamw,False,,1,dopri5,1e-06,1e-08,,,False
tau_fixed,odeint,1.0,absolute,continuous,31,4,gelu,0.0,True,0.010857739018208964,0.0383493322879076,0.006342280230037251,adamw,False,,1,dopri5,1e-06,1e-08,,,False
tau_fixed,odeint,1.0,absolute,continuous,43,4,leakyrelu,0.0,True,0.015565268363227672,0.05129140168428421,0.015479950650180973,adamw,False,,1,dopri5,1e-06,1e-08,,,False
tau_fixed,odeint,1.0,absolute,continuous,41,2,swish,0.0,True,0.013301297570990566,0.04792776480317116,0.015843896825658225,adamw,False,,1,dopri5,1e-06,1e-08,,,False
tau_fixed,odeint,1.0,absolute,continuous,29,4,swish,0.0,True,0.012019675443793364,0.04591065980494023,0.020733819790031763,adamw,False,,1,dopri5,1e-06,1e-08,,,False
tau_fixed,odeint,1.0,absolute,continuous,37,4,gelu,0.0,True,0.014873510537967144,0.04969199560582638,0.0219233348108927,adamw,False,,1,dopri5,1e-06,1e-08,,,False
tau_fixed,odeint,1.0,absolute,continuous,64,4,swish,0.0,True,0.013959229583970749,0.044473595917224884,0.018085885580189125,adamw,False,,1,dopri5,1e-06,1e-08,,,False
tau_spline_prior,closed_form,,absolute,continuous,34,2,mish,0.2,True,0.002225144604874549,0.05855977684259415,0.015072967983876362,adamw,False,,1,,,,0.001,6.0,True
tau_spline_prior,closed_form,,absolute,continuous,58,3,mish,0.2,True,0.033106242124873814,0.058076690137386325,0.011445088055525864,adamw,False,,1,,,,0.001,6.0,True
tau_spline_prior,closed_form,,absolute,continuous,16,4,leakyrelu,0.2,True,0.0010741655866324071,0.0681743524968624,0.010298908124077464,adamw,False,,1,,,,0.001,6.0,True
tau_spline_prior,closed_form,,absolute,continuous,51,2,gelu,0.0,True,0.014233811441826113,0.04388820230960847,0.008637739851216263,adamw,False,,1,,,,0.001,6.0,True
tau_spline_prior,closed_form,,absolute,continuous,23,5,gelu,0.1,True,0.0012158204064810275,0.11942518278956413,0.13617362723201076,adamw,False,,1,,,,0.001,6.0,True
tau_spline_prior,closed_form,,absolute,continuous,40,4,swish,0.2,True,0.003898017317845035,0.04433784261345863,0.006306505236151297,adamw,False,,1,,,,0.001,6.0,True
tau_spline_prior,closed_form,,absolute,continuous,51,3,gelu,0.0,True,0.0015665705795640376,0.04299845322966577,0.005425892188917504,adamw,False,,1,,,,0.001,6.0,True
tau_spline_prior,closed_form,,absolute,continuous,62,3,swish,0.2,True,0.0040456714034066,0.052043317258358,0.013126922406314426,adamw,False,,1,,,,0.001,6.0,True
tau_spline_prior,closed_form,,absolute,continuous,60,4,swish,0.2,True,0.019090312215059413,0.04461122378706932,0.004215550805952717,adamw,False,,1,,,,0.001,6.0,True
tau_spline_prior,closed_form,,absolute,continuous,60,2,gelu,0.1,True,0.002980744122943109,0.04971674196422099,0.01171503180329201,adamw,False,,1,,,,0.001,6.0,True
tau_spline_prior,closed_form,,absolute,continuous,43,3,leakyrelu,0.0,True,0.008415701983484871,0.04477226585149765,0.0034972430656977664,adamw,False,,1,,,,0.001,6.0,True
tau_spline_prior,closed_form,,absolute,continuous,47,2,gelu,0.0,True,0.010896204102692302,0.0463462270796299,0.008663518797904375,adamw,False,,1,,,,0.001,6.0,True
tau_spline_prior,closed_form,,absolute,continuous,50,5,gelu,0.0,True,0.017875848847380204,0.04043560102581978,0.005050670432016504,adamw,False,,1,,,,0.001,6.0,True
tau_spline_prior,closed_form,,absolute,continuous,33,5,gelu,0.0,True,0.02828658388676216,0.04240428358316421,0.008123592163971525,adamw,False,,1,,,,0.001,6.0,True
tau_spline_prior,closed_form,,absolute,continuous,32,5,gelu,0.0,True,0.041694078981477235,0.04593282490968705,0.010735687595423569,adamw,False,,1,,,,0.001,6.0,True
tau_spline_prior,closed_form,,absolute,continuous,26,5,gelu,0.0,True,0.02003935787043989,0.040085344389081,0.005376550445688125,adamw,False,,1,,,,0.001,6.0,True
tau_spline_prior,closed_form,,absolute,continuous,24,5,gelu,0.0,True,0.020526509666958345,0.03842579387128353,0.004697594785405229,adamw,False,,1,,,,0.001,6.0,True
tau_spline_prior,closed_form,,absolute,continuous,23,5,mish,0.0,True,0.006134235906590348,0.043846974894404415,0.016154777749367185,adamw,False,,1,,,,0.001,6.0,True
tau_spline_prior,closed_form,,absolute,continuous,26,5,leakyrelu,0.1,True,0.02642782076275648,0.053268880397081365,0.01300749771652479,adamw,False,,1,,,,0.001,6.0,True
tau_spline_prior,closed_form,,absolute,continuous,13,5,gelu,0.0,True,0.047826196581924975,0.041589869558811186,0.0032804199876447305,adamw,False,,1,,,,0.001,6.0,True
tau_spline_prior,closed_form,,absolute,continuous,19,5,gelu,0.0,True,0.00694996213352767,0.03904553949832916,0.006079921251893705,adamw,False,,1,,,,0.001,6.0,True
tau_spline_prior,closed_form,,absolute,continuous,17,5,gelu,0.0,True,0.007043705726117635,0.04325577691197395,0.008122540456912436,adamw,False,,1,,,,0.001,6.0,True
tau_spline_prior,closed_form,,absolute,continuous,26,5,gelu,0.0,True,0.01182593682248648,0.043549788370728496,0.011987838890274707,adamw,False,,1,,,,0.001,6.0,True
tau_spline_prior,closed_form,,absolute,continuous,20,5,gelu,0.0,True,0.02018873851273324,0.04132420718669892,0.007697529587601637,adamw,False,,1,,,,0.001,6.0,True
tau_spline_prior,closed_form,,absolute,continuous,29,5,gelu,0.0,True,0.00879430251768157,0.04171511307358742,0.007184695961988045,adamw,False,,1,,,,0.001,6.0,True
tau_spline_prior,closed_form,,absolute,continuous,12,5,gelu,0.1,True,0.005706212758111801,0.04754827246069908,0.006662533954183788,adamw,False,,1,,,,0.001,6.0,True
tau_spline_prior,closed_form,,absolute,continuous,22,5,mish,0.0,True,0.014832990820644919,0.03962926492094994,0.00686403074574765,adamw,False,,1,,,,0.001,6.0,True
tau_spline_prior,closed_form,,absolute,continuous,19,5,mish,0.0,True,0.0131771659415675,0.0424052719026804,0.010811987742056856,adamw,False,,1,,,,0.001,6.0,True
tau_spline_prior,closed_form,,absolute,continuous,37,4,mish,0.0,True,0.009757537665684084,0.04256500750780105,0.017207810381586575,adamw,False,,1,,,,0.001,6.0,True
tau_spline_prior,closed_form,,absolute,continuous,30,2,mish,0.1,True,0.015002386859427888,0.04635238572955132,0.009701622642468658,adamw,False,,1,,,,0.001,6.0,True
tau_spline_prior,closed_form,,absolute,continuous,22,5,mish,0.0,True,0.004610627834282378,0.04231575913727283,0.016238893010371052,adamw,False,,1,,,,0.001,6.0,True
tau_spline_prior,closed_form,,absolute,continuous,28,5,mish,0.0,True,0.022137057670177242,0.03960812985897064,0.004876004973353676,adamw,False,,1,,,,0.001,6.0,True
tau_spline_prior,closed_form,,absolute,continuous,36,5,mish,0.0,True,0.02532847165065484,0.03847680315375328,0.0043470762988221225,adamw,False,,1,,,,0.001,6.0,True
tau_spline_prior,closed_form,,absolute,continuous,35,5,mish,0.0,True,0.03471493152841127,0.04374671429395675,0.007964107506600801,adamw,False,,1,,,,0.001,6.0,True
tau_spline_prior,closed_form,,absolute,continuous,40,5,mish,0.0,True,0.024105027273804654,0.03978026174008846,0.008517536958716574,adamw,False,,1,,,,0.001,6.0,True
tau_spline_prior,closed_form,,absolute,continuous,30,3,leakyrelu,0.2,True,0.0341907216071624,0.045606815814971925,0.006195964614271553,adamw,False,,1,,,,0.001,6.0,True
tau_spline_prior,closed_form,,absolute,continuous,16,4,mish,0.0,True,0.002565168965758289,0.04411800429224968,0.00866153570055128,adamw,False,,1,,,,0.001,6.0,True
tau_spline_prior,closed_form,,absolute,continuous,27,5,swish,0.0,True,0.02547843509162202,0.040347490459680564,0.009734827187326857,adamw,False,,1,,,,0.001,6.0,True
tau_spline_prior,closed_form,,absolute,continuous,36,2,mish,0.2,True,0.036816001074920564,0.04024828523397446,0.0013521078232656642,adamw,False,,1,,,,0.001,6.0,True
tau_spline_prior,closed_form,,absolute,continuous,45,5,mish,0.0,True,0.016698481506137473,0.04021975211799145,0.0077449938698603265,adamw,False,,1,,,,0.001,6.0,True
tau_spline_prior,closed_form,,absolute,continuous,55,3,swish,0.1,True,0.021625939255724855,0.04144233167171478,0.0054372236822312035,adamw,False,,1,,,,0.001,6.0,True
tau_spline_prior,closed_form,,absolute,continuous,20,5,mish,0.0,True,0.014411472562619198,0.03944828920066357,0.0065178709833279705,adamw,False,,1,,,,0.001,6.0,True
tau_spline_prior,closed_form,,absolute,continuous,19,5,mish,0.0,True,0.030982441706828668,0.04114158675074577,0.007042089711709112,adamw,False,,1,,,,0.001,6.0,True
tau_spline_prior,closed_form,,absolute,continuous,14,5,mish,0.0,True,0.011599268334624373,0.041037273779511454,0.008752486041546405,adamw,False,,1,,,,0.001,6.0,True
tau_spline_prior,closed_form,,absolute,continuous,24,4,leakyrelu,0.2,True,0.008124266666341402,0.054331543296575545,0.02261950667168579,adamw,False,,1,,,,0.001,6.0,True
tau_spline_prior,closed_form,,absolute,continuous,39,5,mish,0.0,True,0.016638622149149494,0.038119638711214064,0.004412521796739548,adamw,False,,1,,,,0.001,6.0,True
tau_spline_prior,closed_form,,absolute,continuous,40,5,swish,0.0,True,0.0017735174164669046,0.043252107873559,0.012806007784893577,adamw,False,,1,,,,0.001,6.0,True
tau_spline_prior,closed_form,,absolute,continuous,42,2,mish,0.0,True,0.017467590830266604,0.04748821295797825,0.015394686456772725,adamw,False,,1,,,,0.001,6.0,True
tau_spline_prior,closed_form,,absolute,continuous,32,3,gelu,0.0,True,0.013243885646193948,0.042011722549796106,0.009541949943841192,adamw,False,,1,,,,0.001,6.0,True
tau_spline_prior,closed_form,,absolute,continuous,46,5,mish,0.2,True,0.010118204400718436,0.04262185767292977,0.004910625640472296,adamw,False,,1,,,,0.001,6.0,True
tau_spline_prior,closed_form,,absolute,continuous,17,5,leakyrelu,0.0,True,0.00574470796809176,0.04818147346377373,0.012696676802533741,adamw,False,,1,,,,0.001,6.0,True
tau_spline_prior,closed_form,,absolute,continuous,28,5,mish,0.0,True,0.021431388303766882,0.03970038890838623,0.005151575496675453,adamw,False,,1,,,,0.001,6.0,True
tau_spline_prior,closed_form,,absolute,continuous,24,5,mish,0.0,True,0.02839484241569445,0.038797234743833536,0.0035318314558479367,adamw,False,,1,,,,0.001,6.0,True
tau_spline_prior,closed_form,,absolute,continuous,20,5,mish,0.0,True,0.02815194247030938,0.03960593529045582,0.006756112853475221,adamw,False,,1,,,,0.001,6.0,True
tau_spline_prior,closed_form,,absolute,continuous,24,5,gelu,0.0,True,0.015691239939556758,0.041140861809253686,0.005453325012033979,adamw,False,,1,,,,0.001,6.0,True
tau_spline_prior,closed_form,,absolute,continuous,49,5,mish,0.0,True,0.044508467552347074,0.1597645841538906,0.10906088386830798,adamw,False,,1,,,,0.001,6.0,True
tau_spline_prior,closed_form,,absolute,continuous,43,5,gelu,0.1,True,0.02978304193864966,0.046103254705667486,0.006396692626564607,adamw,False,,1,,,,0.001,6.0,True
tau_spline_prior,closed_form,,absolute,continuous,15,4,mish,0.0,True,0.03947029196718892,0.04118131250143051,0.006908615826487027,adamw,False,,1,,,,0.001,6.0,True
tau_spline_prior,closed_form,,absolute,continuous,54,5,gelu,0.0,True,0.004381319615994799,0.04105266556143762,0.010078760988954823,adamw,False,,1,,,,0.001,6.0,True
tau_spline_prior,closed_form,,absolute,continuous,38,5,swish,0.0,True,0.0010188810848835226,0.0431638702750206,0.011254388842284227,adamw,False,,1,,,,0.001,6.0,True
tau_spline_prior,closed_form,,absolute,continuous,21,2,mish,0.0,True,0.007099389796516201,0.04653211981058121,0.009070893818457463,adamw,False,,1,,,,0.001,6.0,True
tau_spline_prior,closed_form,,absolute,continuous,18,5,mish,0.0,True,0.027871062021601143,0.04465699642896652,0.019388701962084844,adamw,False,,1,,,,0.001,6.0,True
tau_spline_prior,closed_form,,absolute,continuous,25,5,mish,0.0,True,0.019218152443030545,0.0402296531945467,0.006085346925448618,adamw,False,,1,,,,0.001,6.0,True
tau_spline_prior,closed_form,,absolute,continuous,21,5,mish,0.0,True,0.02335277379032487,0.0395953606814146,0.005482229675589297,adamw,False,,1,,,,0.001,6.0,True
tau_spline_prior,closed_form,,absolute,continuous,23,5,mish,0.0,True,0.024003941382340563,0.038054971024394035,0.008693687422618527,adamw,False,,1,,,,0.001,6.0,True
tau_spline_prior,closed_form,,absolute,continuous,23,5,gelu,0.0,True,0.003358345219332252,0.043209917843341834,0.011818847944590549,adamw,False,,1,,,,0.001,6.0,True
tau_spline_prior,closed_form,,absolute,continuous,31,5,mish,0.0,True,0.013306660724290386,0.0402745395898819,0.010629633651612558,adamw,False,,1,,,,0.001,6.0,True
tau_spline_prior,closed_form,,absolute,continuous,33,3,gelu,0.1,True,0.024429388839084274,0.04258816540241241,0.004978613182628257,adamw,False,,1,,,,0.001,6.0,True
tau_spline_prior,closed_form,,absolute,continuous,38,5,leakyrelu,0.0,True,0.01817138851595981,0.04455516561865806,0.005148246299875117,adamw,False,,1,,,,0.001,6.0,True
tau_spline_prior,closed_form,,absolute,continuous,12,5,mish,0.0,True,0.032862590173036194,0.04002407118678093,0.010139230077553529,adamw,False,,1,,,,0.001,6.0,True
tau_spline_prior,closed_form,,absolute,continuous,25,5,mish,0.2,True,0.0049324137143726896,0.04501507058739662,0.005729048637339935,adamw,False,,1,,,,0.001,6.0,True
tau_spline_prior,closed_form,,absolute,continuous,22,5,mish,0.0,True,0.02445359258294256,0.04666436389088631,0.010624573018704687,adamw,False,,1,,,,0.001,6.0,True
tau_spline_prior,closed_form,,absolute,continuous,19,5,mish,0.0,True,0.022548710657125846,0.03998021371662617,0.007879936167439889,adamw,False,,1,,,,0.001,6.0,True
tau_spline_prior,closed_form,,absolute,continuous,20,5,mish,0.0,True,0.016167706003154092,0.03704002536833286,0.0038600073916621102,adamw,False,,1,,,,0.001,6.0,True
tau_spline_prior,closed_form,,absolute,continuous,16,5,mish,0.0,True,0.015751231084546017,0.04021944291889668,0.007513513305485463,adamw,False,,1,,,,0.001,6.0,True
tau_spline_prior,closed_form,,absolute,continuous,27,5,mish,0.0,True,0.020078092338417564,0.037379398196935656,0.0059766621829075725,adamw,False,,1,,,,0.001,6.0,True
tau_spline_prior,closed_form,,absolute,continuous,28,4,gelu,0.0,True,0.01856542323214864,0.03871662244200706,0.004363530893019243,adamw,False,,1,,,,0.001,6.0,True
tau_spline_prior,closed_form,,absolute,continuous,27,4,gelu,0.0,True,0.019135580512424283,0.03730315938591957,0.005330019384530817,adamw,False,,1,,,,0.001,6.0,True
tau_spline_prior,closed_form,,absolute,continuous,34,4,gelu,0.0,True,0.01905011903454177,0.03696430921554565,0.004049874745175915,adamw,False,,1,,,,0.001,6.0,True
tau_spline_prior,closed_form,,absolute,continuous,31,4,gelu,0.0,True,0.02002263048983333,0.042196919769048685,0.006617915143035685,adamw,False,,1,,,,0.001,6.0,True
tau_spline_prior,closed_form,,absolute,continuous,34,4,gelu,0.1,True,0.016811207114442558,0.04492595046758652,0.006383041399469265,adamw,False,,1,,,,0.001,6.0,True
tau_spline_prior,closed_form,,absolute,continuous,28,4,gelu,0.0,True,0.019208976061750097,0.03940476700663568,0.0070065503796760105,adamw,False,,1,,,,0.001,6.0,True
tau_spline_prior,closed_form,,absolute,continuous,36,4,gelu,0.0,True,0.020763374694634303,0.04188070446252823,0.0117508132101546,adamw,False,,1,,,,0.001,6.0,True
tau_spline_prior,closed_form,,absolute,continuous,27,4,gelu,0.0,True,0.011432817672504184,0.035881506279110915,0.006118605678362115,adamw,False,,1,,,,0.001,6.0,True
tau_spline_prior,closed_form,,absolute,continuous,26,4,gelu,0.0,True,0.01257832010306118,0.041388276219367984,0.006217229835261002,adamw,False,,1,,,,0.001,6.0,True
tau_spline_prior,closed_form,,absolute,continuous,39,4,gelu,0.0,True,0.013993001802699207,0.04258714690804481,0.008564179029636958,adamw,False,,1,,,,0.001,6.0,True
tau_spline_prior,closed_form,,absolute,continuous,64,4,gelu,0.0,True,0.011273004667248994,0.03691319935023785,0.006394367796641826,adamw,False,,1,,,,0.001,6.0,True
tau_spline_prior,closed_form,,absolute,continuous,61,4,gelu,0.0,True,0.01172493234149933,0.03980045765638352,0.006550693359385075,adamw,False,,1,,,,0.001,6.0,True
tau_spline_prior,closed_form,,absolute,continuous,30,4,gelu,0.2,True,0.009844073452466252,0.04674026519060135,0.00823715933696407,adamw,False,,1,,,,0.001,6.0,True
tau_spline_prior,closed_form,,absolute,continuous,27,4,gelu,0.0,True,0.010733258704581012,0.03874858617782593,0.007519995482323439,adamw,False,,1,,,,0.001,6.0,True
tau_spline_prior,closed_form,,absolute,continuous,64,4,gelu,0.0,True,0.008924275453439505,0.037310360372066496,0.005686368620014561,adamw,False,,1,,,,0.001,6.0,True
tau_spline_prior,closed_form,,absolute,continuous,59,4,gelu,0.0,True,0.009100317250927728,0.0370458148419857,0.0034125211237109767,adamw,False,,1,,,,0.001,6.0,True
tau_spline_prior,closed_form,,absolute,continuous,64,4,gelu,0.0,True,0.008868864297713946,0.04237756915390491,0.008011740605434064,adamw,False,,1,,,,0.001,6.0,True
tau_spline_prior,closed_form,,absolute,continuous,64,4,gelu,0.0,True,0.007525200519858315,0.0481779120862484,0.02359257856202285,adamw,False,,1,,,,0.001,6.0,True
tau_spline_prior,closed_form,,absolute,continuous,58,4,gelu,0.0,True,0.009251585298483607,0.038115759938955315,0.005469286269923409,adamw,False,,1,,,,0.001,6.0,True
tau_spline_prior,closed_form,,absolute,continuous,60,4,gelu,0.0,True,0.009179001749143958,0.03892076015472412,0.005935413715295717,adamw,False,,1,,,,0.001,6.0,True
tau_spline_prior,closed_form,,absolute,continuous,57,4,gelu,0.0,True,0.007999964966292045,0.03820288367569447,0.006015850826735628,adamw,False,,1,,,,0.001,6.0,True
tau_spline_prior,closed_form,,absolute,continuous,62,4,gelu,0.0,True,0.011179024769161593,0.0411003191024065,0.008132001083576158,adamw,False,,1,,,,0.001,6.0,True
tau_spline_prior,closed_form,,absolute,continuous,63,4,gelu,0.0,True,0.006288362742810347,0.04124114029109478,0.008850917779942279,adamw,False,,1,,,,0.001,6.0,True
tau_spline_prior,closed_form,,absolute,continuous,58,4,gelu,0.0,True,0.009375191585297515,0.03780097551643848,0.007107525796303809,adamw,False,,1,,,,0.001,6.0,True
tau_spline_prior,closed_form,,absolute,continuous,59,4,swish,0.0,True,0.010264892310240236,0.042055143788456914,0.013898398842928044,adamw,False,,1,,,,0.001,6.0,True
tau_spline_prior,closed_form,,absolute,continuous,56,4,gelu,0.0,True,0.009253030836049777,0.04179352186620235,0.00911241262014033,adamw,False,,1,,,,0.001,6.0,True
tau_spline_prior,closed_form,,absolute,continuous,58,4,gelu,0.0,True,0.012100317087830452,0.03864114694297314,0.006804612111238155,adamw,False,,1,,,,0.001,6.0,True
tau_spline_prior,closed_form,,absolute,continuous,61,4,gelu,0.0,True,0.00660646709435015,0.03962250538170338,0.008867884483156436,adamw,False,,1,,,,0.001,6.0,True
tau_spline_prior,closed_form,,absolute,continuous,51,4,gelu,0.0,True,0.008215409871562836,0.038918992131948466,0.005112141536767153,adamw,False,,1,,,,0.001,6.0,True
tau_spline_prior,closed_form,,absolute,continuous,59,4,gelu,0.0,True,0.015529695305516646,0.037936822324991216,0.008239889824022094,adamw,False,,1,,,,0.001,6.0,True
tau_spline_prior,closed_form,,absolute,continuous,54,4,gelu,0.1,True,0.015037012903280387,0.0415992259979248,0.006257337160474931,adamw,False,,1,,,,0.001,6.0,True
tau_spline_prior,closed_form,,absolute,continuous,62,4,leakyrelu,0.0,True,0.013966127234237959,0.041156366467475884,0.008563548655912679,adamw,False,,1,,,,0.001,6.0,True
tau_spline_prior,closed_form,,absolute,continuous,63,4,gelu,0.0,True,0.010801142261981136,0.041274708881974216,0.007265919063349399,adamw,False,,1,,,,0.001,6.0,True
tau_spline_prior,closed_form,,absolute,continuous,60,2,gelu,0.2,True,0.01594187090547131,0.0411498486995697,0.004538082870406496,adamw,False,,1,,,,0.001,6.0,True
tau_spline_prior,closed_form,,absolute,continuous,57,4,gelu,0.0,True,0.012806439600057827,0.03891921788454057,0.007446774714357344,adamw,False,,1,,,,0.001,6.0,True
tau_spline_prior,closed_form,,absolute,continuous,58,4,gelu,0.0,True,0.00768575473396687,0.04154544956982136,0.007954261125651544,adamw,False,,1,,,,0.001,6.0,True
tau_spline_prior,closed_form,,absolute,continuous,54,4,gelu,0.0,True,0.009332308158714995,0.03870110772550106,0.005567909612937369,adamw,False,,1,,,,0.001,6.0,True
tau_spline_prior,closed_form,,absolute,continuous,61,4,gelu,0.0,True,0.01763688351167059,0.04032840207219124,0.007476690322361353,adamw,False,,1,,,,0.001,6.0,True
tau_spline_prior,closed_form,,absolute,continuous,59,3,gelu,0.0,True,0.010178804933470157,0.03931734748184682,0.011161563808545171,adamw,False,,1,,,,0.001,6.0,True
tau_spline_prior,closed_form,,absolute,continuous,56,4,gelu,0.0,True,0.01127254813667944,0.03974744714796543,0.005805378420044512,adamw,False,,1,,,,0.001,6.0,True
tau_spline_prior,closed_form,,absolute,continuous,63,4,swish,0.0,True,0.013795224032395534,0.038984547555446634,0.003806655934815847,adamw,False,,1,,,,0.001,6.0,True
tau_spline_prior,closed_form,,absolute,continuous,25,4,gelu,0.0,True,0.01216727507609799,0.03972813375294208,0.008307952628752412,adamw,False,,1,,,,0.001,6.0,True
tau_spline_prior,closed_form,,absolute,continuous,53,4,gelu,0.0,True,0.026076933460334902,0.03848480433225632,0.003008394091680809,adamw,False,,1,,,,0.001,6.0,True
tau_spline_prior,closed_form,,absolute,continuous,23,4,leakyrelu,0.0,True,0.008680009789692501,0.049287861585617064,0.009555630670997888,adamw,False,,1,,,,0.001,6.0,True
tau_spline_prior,closed_form,,absolute,continuous,29,4,gelu,0.0,True,0.0012025022839749705,0.04459078684449196,0.00489261211788359,adamw,False,,1,,,,0.001,6.0,True
tau_spline_prior,closed_form,,absolute,continuous,42,2,mish,0.0,True,0.01677924947334344,0.05176872089505195,0.02516813307036746,adamw,False,,1,,,,0.001,6.0,True
tau_spline_prior,closed_form,,absolute,continuous,59,4,gelu,0.0,True,0.020442096182414958,0.0442405603826046,0.008339412799378899,adamw,False,,1,,,,0.001,6.0,True
tau_spline_prior,closed_form,,absolute,continuous,49,3,mish,0.0,True,0.015285231295932704,0.04832516387104988,0.019142328865122217,adamw,False,,1,,,,0.001,6.0,True
tau_spline_prior,closed_form,,absolute,continuous,21,4,gelu,0.0,True,0.022519424835300908,0.03766834288835527,0.005731033098400021,adamw,False,,1,,,,0.001,6.0,True
tau_spline_prior,closed_form,,absolute,continuous,21,4,gelu,0.0,True,0.007204023517898017,0.042556244879961014,0.013979260196769995,adamw,False,,1,,,,0.001,6.0,True
tau_spline_prior,closed_form,,absolute,continuous,22,4,gelu,0.0,True,0.018836213907020616,0.04139352217316628,0.004003787490355671,adamw,False,,1,,,,0.001,6.0,True
tau_spline_prior,closed_form,,absolute,continuous,62,4,gelu,0.0,True,0.02208238452389388,0.03675501942634584,0.0040451352244614035,adamw,False,,1,,,,0.001,6.0,True
tau_spline_prior,closed_form,,absolute,continuous,64,4,gelu,0.1,True,0.021889056375499875,0.04659340828657151,0.004438196471973888,adamw,False,,1,,,,0.001,6.0,True
tau_spline_prior,closed_form,,absolute,continuous,62,4,gelu,0.0,True,0.02470755546734154,0.038308230787515635,0.0024378795259177074,adamw,False,,1,,,,0.001,6.0,True
tau_spline_prior,closed_form,,absolute,continuous,27,4,gelu,0.2,True,0.022262261701192845,0.045922984182834616,0.004960829865502989,adamw,False,,1,,,,0.001,6.0,True
tau_spline_prior,closed_form,,absolute,continuous,18,4,gelu,0.0,True,0.03099424776219224,0.041262063384056094,0.007809676243581003,adamw,False,,1,,,,0.001,6.0,True
tau_spline_prior,closed_form,,absolute,continuous,60,4,gelu,0.0,True,0.023285845715594788,0.04130600690841675,0.005064945806554818,adamw,False,,1,,,,0.001,6.0,True
tau_spline_prior,closed_form,,absolute,continuous,63,4,gelu,0.0,True,0.026972926553407148,0.04410118758678437,0.00612087062972016,adamw,False,,1,,,,0.001,6.0,True
tau_spline_prior,closed_form,,absolute,continuous,61,4,gelu,0.0,True,0.01792952877237991,0.043468557298183434,0.008372023255404005,adamw,False,,1,,,,0.001,6.0,True
tau_spline_prior,closed_form,,absolute,continuous,57,4,gelu,0.0,True,0.01947464685417044,0.0394827164709568,0.005777177829608637,adamw,False,,1,,,,0.001,6.0,True
tau_spline_prior,closed_form,,absolute,continuous,24,4,gelu,0.0,True,0.00832658181141077,0.04062738344073295,0.008220382189448771,adamw,False,,1,,,,0.001,6.0,True
tau_spline_prior,closed_form,,absolute,continuous,26,4,swish,0.0,True,0.01026320951933075,0.03986511193215847,0.011573539208974354,adamw,False,,1,,,,0.001,6.0,True
tau_spline_prior,closed_form,,absolute,continuous,20,4,gelu,0.0,True,0.02095939919368945,0.03850684314966202,0.007003010814932854,adamw,False,,1,,,,0.001,6.0,True
tau_spline_prior,closed_form,,absolute,continuous,59,4,gelu,0.0,True,0.00962009424130443,0.038578353822231286,0.003616726827668725,adamw,False,,1,,,,0.001,6.0,True
tau_spline_prior,closed_form,,absolute,continuous,62,2,gelu,0.0,True,0.016814182127404438,0.04497981891036034,0.0074546473827606435,adamw,False,,1,,,,0.001,6.0,True
tau_spline_prior,closed_form,,absolute,continuous,32,4,mish,0.0,True,0.016074723488983388,0.044250478595495225,0.014607047710928503,adamw,False,,1,,,,0.001,6.0,True
tau_spline_prior,closed_form,,absolute,continuous,34,5,mish,0.0,True,0.01749891738554135,0.03925850354135037,0.007410682044986981,adamw,False,,1,,,,0.001,6.0,True
tau_spline_prior,closed_form,,absolute,continuous,29,4,mish,0.0,True,0.014935589457340625,0.03996584229171276,0.007244240417119508,adamw,False,,1,,,,0.001,6.0,True
tau_spline_prior,closed_form,,absolute,continuous,64,3,leakyrelu,0.0,True,0.019282469373870258,0.0424594596028328,0.006910479889413936,adamw,False,,1,,,,0.001,6.0,True
tau_spline_prior,closed_form,,absolute,continuous,60,4,mish,0.0,True,0.013193489428164104,0.044277669861912734,0.010686391643333149,adamw,False,,1,,,,0.001,6.0,True
tau_spline_prior,closed_form,,absolute,continuous,17,5,gelu,0.0,True,0.02246112347694675,0.0408309243619442,0.004690045688802888,adamw,False,,1,,,,0.001,6.0,True
tau_spline_prior,closed_form,,absolute,continuous,21,4,gelu,0.0,True,0.011482494906022277,0.0401023805141449,0.005491556787806424,adamw,False,,1,,,,0.001,6.0,True
tau_spline_prior,closed_form,,absolute,continuous,58,4,mish,0.0,True,0.02051994608142824,0.03773186653852463,0.0027342714132611357,adamw,False,,1,,,,0.001,6.0,True
tau_spline_prior,closed_form,,absolute,continuous,56,4,gelu,0.0,True,0.023946430778878584,0.047787798941135405,0.014552443880464403,adamw,False,,1,,,,0.001,6.0,True
tau_spline_prior,closed_form,,absolute,continuous,58,4,mish,0.0,True,0.020809165754703,0.040681954473257065,0.0054806500683910854,adamw,False,,1,,,,0.001,6.0,True
tau_spline_prior,closed_form,,absolute,continuous,58,4,mish,0.0,True,0.025628951340905055,0.044881181418895716,0.013093023046926269,adamw,False,,1,,,,0.001,6.0,True
tau_spline_prior,closed_form,,absolute,continuous,23,4,mish,0.0,True,0.01876821114851981,0.04513552747666836,0.015422227808143469,adamw,False,,1,,,,0.001,6.0,True
tau_spline_prior,closed_form,,absolute,continuous,61,5,mish,0.0,True,0.008706314101526651,0.04090469516813755,0.010560084164256932,adamw,False,,1,,,,0.001,6.0,True
tau_spline_prior,closed_form,,absolute,continuous,45,4,mish,0.0,True,0.01746526745199736,0.04172438383102417,0.01215333391420197,adamw,False,,1,,,,0.001,6.0,True
tau_spline_prior,closed_form,,absolute,continuous,55,4,gelu,0.1,True,0.014567414546655725,0.043120677769184115,0.006169001652120744,adamw,False,,1,,,,0.001,6.0,True
tau_spline_prior,closed_form,,absolute,continuous,25,5,mish,0.0,True,0.0075922155891734065,0.03892381377518177,0.005438519290492551,adamw,False,,1,,,,0.001,6.0,True
tau_spline_prior,closed_form,,absolute,continuous,63,4,gelu,0.0,True,0.02042560402334612,0.04025859385728836,0.006255230170809035,adamw,False,,1,,,,0.001,6.0,True
tau_spline_prior,closed_form,,absolute,continuous,52,4,gelu,0.2,True,0.012430159371424741,0.0438564445823431,0.009450075369073106,adamw,False,,1,,,,0.001,6.0,True
tau_spline_prior,closed_form,,absolute,continuous,22,4,mish,0.0,True,0.010579176611273692,0.04327507428824902,0.009067002571469395,adamw,False,,1,,,,0.001,6.0,True
tau_spline_prior,closed_form,,absolute,continuous,19,5,gelu,0.0,True,0.02847733734032382,0.04155011475086212,0.006742279108832496,adamw,False,,1,,,,0.001,6.0,True
tau_spline_prior,closed_form,,absolute,continuous,57,4,gelu,0.0,True,0.007979563427826464,0.04044686108827592,0.003928303122205561,adamw,False,,1,,,,0.001,6.0,True
tau_spline_prior,closed_form,,absolute,continuous,59,4,gelu,0.0,True,0.009431399894792518,0.04168771095573902,0.008046572211421427,adamw,False,,1,,,,0.001,6.0,True
tau_spline_prior,closed_form,,absolute,continuous,57,4,gelu,0.0,True,0.00835103989595462,0.04096837639808655,0.00826480629956239,adamw,False,,1,,,,0.001,6.0,True
tau_spline_prior,closed_form,,absolute,continuous,55,4,gelu,0.0,True,0.0066427484565976394,0.04062225930392742,0.00654863111186621,adamw,False,,1,,,,0.001,6.0,True
tau_spline_prior,closed_form,,absolute,continuous,62,4,gelu,0.0,True,0.00555642572286351,0.04052625074982643,0.0084634541232352,adamw,False,,1,,,,0.001,6.0,True
tau_spline_prior,closed_form,,absolute,continuous,27,4,swish,0.0,True,0.016026625422327898,0.0412699680775404,0.010347963249659527,adamw,False,,1,,,,0.001,6.0,True
tau_spline_prior,closed_form,,absolute,continuous,31,2,gelu,0.0,True,0.02319283429780012,0.04349089935421944,0.00868192159316503,adamw,False,,1,,,,0.001,6.0,True
tau_spline_prior,closed_form,,absolute,continuous,61,4,gelu,0.0,True,0.008978015260596585,0.04056861773133278,0.0059606537861342755,adamw,False,,1,,,,0.001,6.0,True
tau_spline_prior,closed_form,,absolute,continuous,59,5,mish,0.0,True,0.009866845994346772,0.04206940531730652,0.009088339418751113,adamw,False,,1,,,,0.001,6.0,True
tau_spline_prior,closed_form,,absolute,continuous,64,4,gelu,0.0,True,0.018393920309811896,0.04068880006670952,0.005371872323680724,adamw,False,,1,,,,0.001,6.0,True
tau_spline_prior,closed_form,,absolute,continuous,62,4,gelu,0.0,True,0.025310302139884458,0.03857814446091652,0.0018444872034472466,adamw,False,,1,,,,0.001,6.0,True
tau_spline_prior,closed_form,,absolute,continuous,60,4,gelu,0.0,True,0.02170114949993221,0.04075631722807884,0.006658446292020951,adamw,False,,1,,,,0.001,6.0,True
tau_spline_prior,closed_form,,absolute,continuous,63,4,gelu,0.0,True,0.023406446310334447,0.04025830924510957,0.004735097653434209,adamw,False,,1,,,,0.001,6.0,True
tau_spline_prior,closed_form,,absolute,continuous,58,4,gelu,0.0,True,0.0258928901721896,0.0388267271220684,0.0037964582148975975,adamw,False,,1,,,,0.001,6.0,True
tau_spline_prior,closed_form,,absolute,continuous,62,4,leakyrelu,0.0,True,0.02044495443904973,0.0442164808511734,0.00370354500978786,adamw,False,,1,,,,0.001,6.0,True
tau_spline_prior,closed_form,,absolute,continuous,20,4,gelu,0.0,True,0.010975709171534946,0.04183419272303581,0.008190493441220166,adamw,False,,1,,,,0.001,6.0,True
tau_spline_prior,closed_form,,absolute,continuous,60,4,gelu,0.0,True,0.0017983207053678667,0.04189600795507431,0.007721268036215582,adamw,False,,1,,,,0.001,6.0,True
tau_spline_prior,closed_form,,absolute,continuous,29,5,mish,0.0,True,0.030144065608538544,0.03809874653816223,0.004442330929162473,adamw,False,,1,,,,0.001,6.0,True
tau_spline_prior,closed_form,,absolute,continuous,28,5,mish,0.0,True,0.0075133513291260985,0.04473580680787563,0.016996994792513483,adamw,False,,1,,,,0.001,6.0,True
tau_spline_prior,closed_form,,absolute,continuous,30,5,mish,0.1,True,0.03465858604986692,0.04624412730336189,0.006557691690086499,adamw,False,,1,,,,0.001,6.0,True
tau_spline_prior,closed_form,,absolute,continuous,26,5,mish,0.0,True,0.019926160508484985,0.040408978983759884,0.009377305759423015,adamw,False,,1,,,,0.001,6.0,True
tau_spline_prior,closed_form,,absolute,continuous,35,5,mish,0.0,True,0.026802869031770208,0.041473253071308135,0.006340285905636236,adamw,False,,1,,,,0.001,6.0,True
tau_spline_prior,closed_form,,absolute,continuous,25,3,mish,0.0,True,0.032767629654947984,0.04205192252993584,0.006350486031788426,adamw,False,,1,,,,0.001,6.0,True
tau_spline_prior,closed_form,,absolute,continuous,56,5,gelu,0.0,True,0.024261997011660097,0.042373226583004,0.005008603054957075,adamw,False,,1,,,,0.001,6.0,True
tau_spline_prior,closed_form,,absolute,continuous,33,4,gelu,0.0,True,0.02997922140942465,0.04098547399044037,0.007063075558614651,adamw,False,,1,,,,0.001,6.0,True
tau_spline_prior,closed_form,,absolute,continuous,27,4,mish,0.0,True,0.017680186815883306,0.04332362785935402,0.009606209148353313,adamw,False,,1,,,,0.001,6.0,True
tau_spline_prior,closed_form,,absolute,continuous,61,5,gelu,0.0,True,0.008878968721418558,0.041314679011702535,0.011005885392432602,adamw,False,,1,,,,0.001,6.0,True
tau_spline_prior,closed_form,,absolute,continuous,29,4,gelu,0.2,True,0.02213172117118475,0.04849461615085602,0.015162851833513322,adamw,False,,1,,,,0.001,6.0,True
tau_spline_prior,closed_form,,absolute,continuous,64,4,mish,0.0,True,0.04062067582371782,0.10968616232275964,0.04555601269950207,adamw,False,,1,,,,0.001,6.0,True
tau_spline_prior,closed_form,,absolute,continuous,57,5,gelu,0.0,True,0.016522249094594942,0.03931043446063996,0.0067056289377147036,adamw,False,,1,,,,0.001,6.0,True
tau_spline_prior,closed_form,,absolute,continuous,24,5,gelu,0.0,True,0.01924005401279328,0.041255803406238564,0.005622375805737657,adamw,False,,1,,,,0.001,6.0,True
tau_spline_prior,closed_form,,absolute,continuous,26,5,gelu,0.0,True,0.021294847957179532,0.03927223905920983,0.0038049425529646007,adamw,False,,1,,,,0.001,6.0,True
tau_spline_prior,closed_form,,absolute,continuous,23,5,gelu,0.0,True,0.0237326391943863,0.03699672222137451,0.005077327921616019,adamw,False,,1,,,,0.001,6.0,True
tau_spline_prior,closed_form,,absolute,continuous,23,5,gelu,0.0,True,0.028111997658304192,0.036129258945584296,0.003827785019224411,adamw,False,,1,,,,0.001,6.0,True
tau_spline_prior,closed_form,,absolute,continuous,22,5,gelu,0.0,True,0.028914814260638067,0.04566614851355553,0.013323398694712305,adamw,False,,1,,,,0.001,6.0,True
tau_spline_prior,closed_form,,absolute,continuous,21,5,gelu,0.0,True,0.007911381739499353,0.0388349749147892,0.004140431466913966,adamw,False,,1,,,,0.001,6.0,True
tau_spline_prior,closed_form,,absolute,continuous,47,5,mish,0.0,True,0.02742597026005759,0.040899617969989775,0.002728499005267228,adamw,False,,1,,,,0.001,6.0,True
tau_spline_prior,closed_form,,absolute,continuous,23,5,swish,0.0,True,0.030181437145485737,0.04173941239714622,0.005920808300938457,adamw,False,,1,,,,0.001,6.0,True
tau_spline_prior,closed_form,,absolute,continuous,41,5,gelu,0.0,True,0.009716515972685155,0.0423158697783947,0.006810905011724428,adamw,False,,1,,,,0.001,6.0,True
