hidden_size,n_hidden_layers,activation,dropout,standardize_cont,lr,gamma,mean_rmse,std_rmse,median_best_epoch,optimizer,seed,diluent_encoding,prior_mode,tau_fixed_value,forward_method,t0_as_initial_condition,sigma_main,t0_atol,reg_csv
34,2,mish,0.2,True,0.002225144604874549,0.3254391115088485,0.06374427825212478,0.015305320626645497,148,adamw,1,continuous,tau_fixed,1.0,closed_form,True,0.03,1e-12,./souza_bayes_four_scenarios_modular_n/S3_tau_fixed_1_n1/souza_bayes_params_S3_tau_fixed_1_n1.csv
13,2,gelu,0.2,True,0.0013947217197967314,0.00014329107238467855,0.0786773607134819,0.0226869523556122,107,adamw,1,continuous,tau_fixed,1.0,closed_form,True,0.03,1e-12,./souza_bayes_four_scenarios_modular_n/S3_tau_fixed_1_n1/souza_bayes_params_S3_tau_fixed_1_n1.csv
21,5,leakyrelu,0.0,True,0.04786800508662938,0.09832469717408683,0.04714298844337463,0.006484575114020032,72,adamw,1,continuous,tau_fixed,1.0,closed_form,True,0.03,1e-12,./souza_bayes_four_scenarios_modular_n/S3_tau_fixed_1_n1/souza_bayes_params_S3_tau_fixed_1_n1.csv
26,5,swish,0.0,True,0.006841763417310985,0.00016347456126376784,0.0376021608710289,0.00669867466794989,220,adamw,1,continuous,tau_fixed,1.0,closed_form,True,0.03,1e-12,./souza_bayes_four_scenarios_modular_n/S3_tau_fixed_1_n1/souza_bayes_params_S3_tau_fixed_1_n1.csv
42,4,leakyrelu,0.1,True,0.04025669865557973,0.022193212012672315,0.0651690974831581,0.015242315951990666,37,adamw,1,continuous,tau_fixed,1.0,closed_form,True,0.03,1e-12,./souza_bayes_four_scenarios_modular_n/S3_tau_fixed_1_n1/souza_bayes_params_S3_tau_fixed_1_n1.csv
59,4,leakyrelu,0.1,True,0.018872466815295308,0.002486528079375972,0.05167118534445762,0.015329058819402941,155,adamw,1,continuous,tau_fixed,1.0,closed_form,True,0.03,1e-12,./souza_bayes_four_scenarios_modular_n/S3_tau_fixed_1_n1/souza_bayes_params_S3_tau_fixed_1_n1.csv
26,4,gelu,0.0,True,0.034262157563211694,0.01971142158600765,0.041640818119049065,0.0031235448648616023,70,adamw,1,continuous,tau_fixed,1.0,closed_form,True,0.03,1e-12,./souza_bayes_four_scenarios_modular_n/S3_tau_fixed_1_n1/souza_bayes_params_S3_tau_fixed_1_n1.csv
12,5,leakyrelu,0.2,True,0.001962462443485989,0.00035362503098265485,0.06740238964557647,0.01165526658275386,292,adamw,1,continuous,tau_fixed,1.0,closed_form,True,0.03,1e-12,./souza_bayes_four_scenarios_modular_n/S3_tau_fixed_1_n1/souza_bayes_params_S3_tau_fixed_1_n1.csv
61,4,swish,0.2,True,0.02891756281961285,0.014299612122349632,0.0578500933945179,0.006693569176133691,37,adamw,1,continuous,tau_fixed,1.0,closed_form,True,0.03,1e-12,./souza_bayes_four_scenarios_modular_n/S3_tau_fixed_1_n1/souza_bayes_params_S3_tau_fixed_1_n1.csv
41,2,swish,0.1,True,0.029317822313485037,0.0973837672309103,0.049307345598936084,0.005260304800163256,142,adamw,1,continuous,tau_fixed,1.0,closed_form,True,0.03,1e-12,./souza_bayes_four_scenarios_modular_n/S3_tau_fixed_1_n1/souza_bayes_params_S3_tau_fixed_1_n1.csv
50,3,swish,0.0,True,0.006081956112562621,0.0012813666459939993,0.05085764341056346,0.028827472078822282,98,adamw,1,continuous,tau_fixed,1.0,closed_form,True,0.03,1e-12,./souza_bayes_four_scenarios_modular_n/S3_tau_fixed_1_n1/souza_bayes_params_S3_tau_fixed_1_n1.csv
29,5,gelu,0.0,True,0.00885545506515464,0.004797062875293336,0.049595628678798666,0.019025791870445518,80,adamw,1,continuous,tau_fixed,1.0,closed_form,True,0.03,1e-12,./souza_bayes_four_scenarios_modular_n/S3_tau_fixed_1_n1/souza_bayes_params_S3_tau_fixed_1_n1.csv
26,3,gelu,0.0,True,0.006469132058466801,0.0006696775870713812,0.03998363316059113,0.006554338210744851,142,adamw,1,continuous,tau_fixed,1.0,closed_form,True,0.03,1e-12,./souza_bayes_four_scenarios_modular_n/S3_tau_fixed_1_n1/souza_bayes_params_S3_tau_fixed_1_n1.csv
21,3,mish,0.0,True,0.007101777761698031,0.000536124761556977,0.0457159198820591,0.01025958968527575,88,adamw,1,continuous,tau_fixed,1.0,closed_form,True,0.03,1e-12,./souza_bayes_four_scenarios_modular_n/S3_tau_fixed_1_n1/souza_bayes_params_S3_tau_fixed_1_n1.csv
33,3,gelu,0.0,True,0.003968007307453226,0.000105969942261687,0.04256078079342842,0.005691983349631852,64,adamw,1,continuous,tau_fixed,1.0,closed_form,True,0.03,1e-12,./souza_bayes_four_scenarios_modular_n/S3_tau_fixed_1_n1/souza_bayes_params_S3_tau_fixed_1_n1.csv
21,3,swish,0.0,True,0.011994327209584156,0.0006581619488122046,0.03879349604249002,0.006976124141052254,83,adamw,1,continuous,tau_fixed,1.0,closed_form,True,0.03,1e-12,./souza_bayes_four_scenarios_modular_n/S3_tau_fixed_1_n1/souza_bayes_params_S3_tau_fixed_1_n1.csv
18,5,swish,0.0,True,0.013990705008707615,0.00027370600724576494,0.040850202739238735,0.00809944194378923,167,adamw,1,continuous,tau_fixed,1.0,closed_form,True,0.03,1e-12,./souza_bayes_four_scenarios_modular_n/S3_tau_fixed_1_n1/souza_bayes_params_S3_tau_fixed_1_n1.csv
48,5,swish,0.0,True,0.012978048431901559,0.001873156482673932,0.039357347041368486,0.008995780419792621,41,adamw,1,continuous,tau_fixed,1.0,closed_form,True,0.03,1e-12,./souza_bayes_four_scenarios_modular_n/S3_tau_fixed_1_n1/souza_bayes_params_S3_tau_fixed_1_n1.csv
19,3,swish,0.0,True,0.00386329623564539,0.00010435998821835107,0.05081106051802635,0.017339786500681503,134,adamw,1,continuous,tau_fixed,1.0,closed_form,True,0.03,1e-12,./souza_bayes_four_scenarios_modular_n/S3_tau_fixed_1_n1/souza_bayes_params_S3_tau_fixed_1_n1.csv
35,5,swish,0.1,True,0.004066514366106131,0.004371309651024368,0.04966285824775697,0.01271668023642717,153,adamw,1,continuous,tau_fixed,1.0,closed_form,True,0.03,1e-12,./souza_bayes_four_scenarios_modular_n/S3_tau_fixed_1_n1/souza_bayes_params_S3_tau_fixed_1_n1.csv
30,3,swish,0.0,True,0.011499699581117495,0.0006587295592720864,0.042580812796950335,0.013057941866060671,190,adamw,1,continuous,tau_fixed,1.0,closed_form,True,0.03,1e-12,./souza_bayes_four_scenarios_modular_n/S3_tau_fixed_1_n1/souza_bayes_params_S3_tau_fixed_1_n1.csv
49,5,swish,0.0,True,0.01789747787233725,0.0020321147754585435,0.04591427519917488,0.014720343921949597,52,adamw,1,continuous,tau_fixed,1.0,closed_form,True,0.03,1e-12,./souza_bayes_four_scenarios_modular_n/S3_tau_fixed_1_n1/souza_bayes_params_S3_tau_fixed_1_n1.csv
49,5,swish,0.0,True,0.011261680621409354,0.00028932614316102764,0.04321570917963982,0.011034150012029516,101,adamw,1,continuous,tau_fixed,1.0,closed_form,True,0.03,1e-12,./souza_bayes_four_scenarios_modular_n/S3_tau_fixed_1_n1/souza_bayes_params_S3_tau_fixed_1_n1.csv
44,5,swish,0.0,True,0.019246831928972474,0.0015440451475502227,0.04515839293599129,0.008206042772144775,177,adamw,1,continuous,tau_fixed,1.0,closed_form,True,0.03,1e-12,./souza_bayes_four_scenarios_modular_n/S3_tau_fixed_1_n1/souza_bayes_params_S3_tau_fixed_1_n1.csv
57,5,mish,0.0,True,0.009091395787788463,0.0062637012003812645,0.04250567927956581,0.00815650282990844,76,adamw,1,continuous,tau_fixed,1.0,closed_form,True,0.03,1e-12,./souza_bayes_four_scenarios_modular_n/S3_tau_fixed_1_n1/souza_bayes_params_S3_tau_fixed_1_n1.csv
55,5,swish,0.0,True,0.005259258566644163,0.0007417860692477679,0.04690476134419441,0.01729566243397353,74,adamw,1,continuous,tau_fixed,1.0,closed_form,True,0.03,1e-12,./souza_bayes_four_scenarios_modular_n/S3_tau_fixed_1_n1/souza_bayes_params_S3_tau_fixed_1_n1.csv
24,3,swish,0.0,True,0.015291373489541675,0.00020496462893395355,0.038819211348891255,0.006321217157660991,104,adamw,1,continuous,tau_fixed,1.0,closed_form,True,0.03,1e-12,./souza_bayes_four_scenarios_modular_n/S3_tau_fixed_1_n1/souza_bayes_params_S3_tau_fixed_1_n1.csv
24,3,swish,0.0,True,0.023455469135884845,0.00019760589844990934,0.04133402407169342,0.007825412502656129,33,adamw,1,continuous,tau_fixed,1.0,closed_form,True,0.03,1e-12,./souza_bayes_four_scenarios_modular_n/S3_tau_fixed_1_n1/souza_bayes_params_S3_tau_fixed_1_n1.csv
15,3,swish,0.2,True,0.00899687048572478,0.0002096770915455615,0.06209815889596939,0.02294979539789617,114,adamw,1,continuous,tau_fixed,1.0,closed_form,True,0.03,1e-12,./souza_bayes_four_scenarios_modular_n/S3_tau_fixed_1_n1/souza_bayes_params_S3_tau_fixed_1_n1.csv
35,2,mish,0.1,True,0.0026711076158778264,0.0004457302719037452,0.0598736509680748,0.016296349446245386,223,adamw,1,continuous,tau_fixed,1.0,closed_form,True,0.03,1e-12,./souza_bayes_four_scenarios_modular_n/S3_tau_fixed_1_n1/souza_bayes_params_S3_tau_fixed_1_n1.csv
16,3,mish,0.2,True,0.014940852332015909,0.3284607445905224,0.049335225671529766,0.01130460802101592,203,adamw,1,continuous,tau_fixed,1.0,closed_form,True,0.03,1e-12,./souza_bayes_four_scenarios_modular_n/S3_tau_fixed_1_n1/souza_bayes_params_S3_tau_fixed_1_n1.csv
29,3,swish,0.0,True,0.01216504554084628,0.0009168362497945096,0.044815202802419664,0.00900666047060418,71,adamw,1,continuous,tau_fixed,1.0,closed_form,True,0.03,1e-12,./souza_bayes_four_scenarios_modular_n/S3_tau_fixed_1_n1/souza_bayes_params_S3_tau_fixed_1_n1.csv
38,2,swish,0.0,True,0.0010317864732029619,0.0028865603191445184,0.05914866104722024,0.02038366260443046,410,adamw,1,continuous,tau_fixed,1.0,closed_form,True,0.03,1e-12,./souza_bayes_four_scenarios_modular_n/S3_tau_fixed_1_n1/souza_bayes_params_S3_tau_fixed_1_n1.csv
22,5,swish,0.0,True,0.0079348921382353,0.0001693717958310192,0.04524796418845654,0.015781240318258883,190,adamw,1,continuous,tau_fixed,1.0,closed_form,True,0.03,1e-12,./souza_bayes_four_scenarios_modular_n/S3_tau_fixed_1_n1/souza_bayes_params_S3_tau_fixed_1_n1.csv
25,3,swish,0.0,True,0.015197027237961356,0.0012705002909433525,0.0418341264128685,0.007756023988086831,57,adamw,1,continuous,tau_fixed,1.0,closed_form,True,0.03,1e-12,./souza_bayes_four_scenarios_modular_n/S3_tau_fixed_1_n1/souza_bayes_params_S3_tau_fixed_1_n1.csv
32,5,swish,0.0,True,0.022353873766418408,0.00044144861307899197,0.04781331717967987,0.011155887120969292,41,adamw,1,continuous,tau_fixed,1.0,closed_form,True,0.03,1e-12,./souza_bayes_four_scenarios_modular_n/S3_tau_fixed_1_n1/souza_bayes_params_S3_tau_fixed_1_n1.csv
45,4,leakyrelu,0.0,True,0.01057613153540465,0.048518679615777896,0.056526809185743335,0.02663170428294168,106,adamw,1,continuous,tau_fixed,1.0,closed_form,True,0.03,1e-12,./souza_bayes_four_scenarios_modular_n/S3_tau_fixed_1_n1/souza_bayes_params_S3_tau_fixed_1_n1.csv
64,2,leakyrelu,0.1,True,0.004973534962373767,0.00017034534705283303,0.04471913278102875,0.008408200939166369,173,adamw,1,continuous,tau_fixed,1.0,closed_form,True,0.03,1e-12,./souza_bayes_four_scenarios_modular_n/S3_tau_fixed_1_n1/souza_bayes_params_S3_tau_fixed_1_n1.csv
18,4,swish,0.2,True,0.0484956672959111,0.0010043832473101068,0.0594866544008255,0.012485263166973971,80,adamw,1,continuous,tau_fixed,1.0,closed_form,True,0.03,1e-12,./souza_bayes_four_scenarios_modular_n/S3_tau_fixed_1_n1/souza_bayes_params_S3_tau_fixed_1_n1.csv
53,5,swish,0.0,True,0.013602596790150748,0.00030301762525121326,0.037982846051454536,0.005099749284436654,99,adamw,1,continuous,tau_fixed,1.0,closed_form,True,0.03,1e-12,./souza_bayes_four_scenarios_modular_n/S3_tau_fixed_1_n1/souza_bayes_params_S3_tau_fixed_1_n1.csv
38,3,leakyrelu,0.2,True,0.0027137309184660213,0.0002984276537356489,0.06355850920081138,0.020834666292566133,211,adamw,1,continuous,tau_fixed,1.0,closed_form,True,0.03,1e-12,./souza_bayes_four_scenarios_modular_n/S3_tau_fixed_1_n1/souza_bayes_params_S3_tau_fixed_1_n1.csv
54,5,swish,0.0,True,0.013979978982992755,0.9133709247818144,0.048342614993453034,0.015845499061359552,32,adamw,1,continuous,tau_fixed,1.0,closed_form,True,0.03,1e-12,./souza_bayes_four_scenarios_modular_n/S3_tau_fixed_1_n1/souza_bayes_params_S3_tau_fixed_1_n1.csv
51,5,swish,0.0,True,0.0245375883616483,0.0004145276829551495,0.0488830029964447,0.015705612796612443,115,adamw,1,continuous,tau_fixed,1.0,closed_form,True,0.03,1e-12,./souza_bayes_four_scenarios_modular_n/S3_tau_fixed_1_n1/souza_bayes_params_S3_tau_fixed_1_n1.csv
23,5,swish,0.0,True,0.017612150060119038,0.0001281732002523888,0.04449174329638481,0.009630501313738656,55,adamw,1,continuous,tau_fixed,1.0,closed_form,True,0.03,1e-12,./souza_bayes_four_scenarios_modular_n/S3_tau_fixed_1_n1/souza_bayes_params_S3_tau_fixed_1_n1.csv
47,5,gelu,0.0,True,0.010000362799501313,0.009370150212321706,0.041752808541059484,0.006320283139972983,76,adamw,1,continuous,tau_fixed,1.0,closed_form,True,0.03,1e-12,./souza_bayes_four_scenarios_modular_n/S3_tau_fixed_1_n1/souza_bayes_params_S3_tau_fixed_1_n1.csv
27,4,swish,0.0,True,0.007512812501938151,0.00243931436504242,0.0477959893643856,0.02305883052773646,212,adamw,1,continuous,tau_fixed,1.0,closed_form,True,0.03,1e-12,./souza_bayes_four_scenarios_modular_n/S3_tau_fixed_1_n1/souza_bayes_params_S3_tau_fixed_1_n1.csv
52,5,swish,0.1,True,0.033295030932742026,0.00025380303885710084,0.059549266844987875,0.007585118798644248,66,adamw,1,continuous,tau_fixed,1.0,closed_form,True,0.03,1e-12,./souza_bayes_four_scenarios_modular_n/S3_tau_fixed_1_n1/souza_bayes_params_S3_tau_fixed_1_n1.csv
60,3,gelu,0.0,True,0.005758692314480396,0.0006572663407806603,0.04316631481051445,0.010658461962855149,48,adamw,1,continuous,tau_fixed,1.0,closed_form,True,0.03,1e-12,./souza_bayes_four_scenarios_modular_n/S3_tau_fixed_1_n1/souza_bayes_params_S3_tau_fixed_1_n1.csv
41,2,swish,0.0,True,0.014293916717004203,0.00013302415444429528,0.05125561505556107,0.01296511403532915,53,adamw,1,continuous,tau_fixed,1.0,closed_form,True,0.03,1e-12,./souza_bayes_four_scenarios_modular_n/S3_tau_fixed_1_n1/souza_bayes_params_S3_tau_fixed_1_n1.csv
58,5,mish,0.0,True,0.012760303686781898,0.0003294522944634767,0.04596877619624138,0.013948770444039334,72,adamw,1,continuous,tau_fixed,1.0,closed_form,True,0.03,1e-12,./souza_bayes_four_scenarios_modular_n/S3_tau_fixed_1_n1/souza_bayes_params_S3_tau_fixed_1_n1.csv
13,3,swish,0.0,True,0.01946366848032849,0.001081615153442233,0.049438783153891566,0.023183079749481528,144,adamw,1,continuous,tau_fixed,1.0,closed_form,True,0.03,1e-12,./souza_bayes_four_scenarios_modular_n/S3_tau_fixed_1_n1/souza_bayes_params_S3_tau_fixed_1_n1.csv
27,3,gelu,0.0,True,0.0059137266469371464,0.0005538550503787897,0.04370692484080792,0.008258121627344659,70,adamw,1,continuous,tau_fixed,1.0,closed_form,True,0.03,1e-12,./souza_bayes_four_scenarios_modular_n/S3_tau_fixed_1_n1/souza_bayes_params_S3_tau_fixed_1_n1.csv
21,3,gelu,0.0,True,0.006525252822181211,0.0017152445470121904,0.048862519860267635,0.0157621891251072,59,adamw,1,continuous,tau_fixed,1.0,closed_form,True,0.03,1e-12,./souza_bayes_four_scenarios_modular_n/S3_tau_fixed_1_n1/souza_bayes_params_S3_tau_fixed_1_n1.csv
20,3,gelu,0.0,True,0.004647489387873482,0.003449783098351997,0.042756412923336026,0.006669544466861186,57,adamw,1,continuous,tau_fixed,1.0,closed_form,True,0.03,1e-12,./souza_bayes_four_scenarios_modular_n/S3_tau_fixed_1_n1/souza_bayes_params_S3_tau_fixed_1_n1.csv
31,3,gelu,0.0,True,0.008523029297766539,0.0007674592394508175,0.04202394895255567,0.00970056055904148,88,adamw,1,continuous,tau_fixed,1.0,closed_form,True,0.03,1e-12,./souza_bayes_four_scenarios_modular_n/S3_tau_fixed_1_n1/souza_bayes_params_S3_tau_fixed_1_n1.csv
28,5,swish,0.0,True,0.0070227895092855605,0.00022197019560234516,0.03771861381828785,0.007547987675200813,72,adamw,1,continuous,tau_fixed,1.0,closed_form,True,0.03,1e-12,./souza_bayes_four_scenarios_modular_n/S3_tau_fixed_1_n1/souza_bayes_params_S3_tau_fixed_1_n1.csv
28,5,swish,0.0,True,0.01653080183652449,0.0002277114838098251,0.04117491841316223,0.0072185230496986785,67,adamw,1,continuous,tau_fixed,1.0,closed_form,True,0.03,1e-12,./souza_bayes_four_scenarios_modular_n/S3_tau_fixed_1_n1/souza_bayes_params_S3_tau_fixed_1_n1.csv
16,5,swish,0.1,True,0.010103273128792405,0.00011055278260491265,0.05514948517084122,0.017911651047962898,103,adamw,1,continuous,tau_fixed,1.0,closed_form,True,0.03,1e-12,./souza_bayes_four_scenarios_modular_n/S3_tau_fixed_1_n1/souza_bayes_params_S3_tau_fixed_1_n1.csv
25,5,swish,0.0,True,0.011445542259250624,0.0004178537457562064,0.041128719598054884,0.012458716634677321,110,adamw,1,continuous,tau_fixed,1.0,closed_form,True,0.03,1e-12,./souza_bayes_four_scenarios_modular_n/S3_tau_fixed_1_n1/souza_bayes_params_S3_tau_fixed_1_n1.csv
23,5,swish,0.2,True,0.006810339207169011,0.00015938682667516059,0.048085480183362964,0.009981957095783449,197,adamw,1,continuous,tau_fixed,1.0,closed_form,True,0.03,1e-12,./souza_bayes_four_scenarios_modular_n/S3_tau_fixed_1_n1/souza_bayes_params_S3_tau_fixed_1_n1.csv
34,5,swish,0.0,True,0.0035147626901757033,0.0003084048317742503,0.049702878296375284,0.022031442978726532,91,adamw,1,continuous,tau_fixed,1.0,closed_form,True,0.03,1e-12,./souza_bayes_four_scenarios_modular_n/S3_tau_fixed_1_n1/souza_bayes_params_S3_tau_fixed_1_n1.csv
26,3,gelu,0.0,True,0.007467064780170264,0.0005519418749116102,0.040657781064510345,0.005778422835805208,67,adamw,1,continuous,tau_fixed,1.0,closed_form,True,0.03,1e-12,./souza_bayes_four_scenarios_modular_n/S3_tau_fixed_1_n1/souza_bayes_params_S3_tau_fixed_1_n1.csv
37,5,swish,0.0,True,0.01297034001775385,0.0002335841169136357,0.049379564821720116,0.01936183238733134,70,adamw,1,continuous,tau_fixed,1.0,closed_form,True,0.03,1e-12,./souza_bayes_four_scenarios_modular_n/S3_tau_fixed_1_n1/souza_bayes_params_S3_tau_fixed_1_n1.csv
19,3,swish,0.0,True,0.009540706100622765,0.0008100297260340876,0.04766735695302486,0.02257401657594996,164,adamw,1,continuous,tau_fixed,1.0,closed_form,True,0.03,1e-12,./souza_bayes_four_scenarios_modular_n/S3_tau_fixed_1_n1/souza_bayes_params_S3_tau_fixed_1_n1.csv
30,5,leakyrelu,0.0,True,0.0045168621354187465,0.0014503326632601995,0.05787281766533851,0.02592546721357325,234,adamw,1,continuous,tau_fixed,1.0,closed_form,True,0.03,1e-12,./souza_bayes_four_scenarios_modular_n/S3_tau_fixed_1_n1/souza_bayes_params_S3_tau_fixed_1_n1.csv
54,4,mish,0.0,True,0.008175435345589309,0.00010038724898765859,0.04170227535068989,0.006938060966237085,180,adamw,1,continuous,tau_fixed,1.0,closed_form,True,0.03,1e-12,./souza_bayes_four_scenarios_modular_n/S3_tau_fixed_1_n1/souza_bayes_params_S3_tau_fixed_1_n1.csv
24,3,swish,0.0,True,0.016156957628147953,0.0005803028634642568,0.044152893126010895,0.011278308148339009,88,adamw,1,continuous,tau_fixed,1.0,closed_form,True,0.03,1e-12,./souza_bayes_four_scenarios_modular_n/S3_tau_fixed_1_n1/souza_bayes_params_S3_tau_fixed_1_n1.csv
41,2,swish,0.0,True,0.005448095701374147,0.02476698076760897,0.05065911188721657,0.007712012524793432,71,adamw,1,continuous,tau_fixed,1.0,closed_form,True,0.03,1e-12,./souza_bayes_four_scenarios_modular_n/S3_tau_fixed_1_n1/souza_bayes_params_S3_tau_fixed_1_n1.csv
47,5,swish,0.1,True,0.006491475086745062,0.00018210693647589249,0.04983750730752945,0.01476254591750182,92,adamw,1,continuous,tau_fixed,1.0,closed_form,True,0.03,1e-12,./souza_bayes_four_scenarios_modular_n/S3_tau_fixed_1_n1/souza_bayes_params_S3_tau_fixed_1_n1.csv
22,3,gelu,0.0,True,0.0032330388103255256,0.00034649910697247835,0.05447034910321237,0.01906577666601756,77,adamw,1,continuous,tau_fixed,1.0,closed_form,True,0.03,1e-12,./souza_bayes_four_scenarios_modular_n/S3_tau_fixed_1_n1/souza_bayes_params_S3_tau_fixed_1_n1.csv
28,5,swish,0.2,True,0.02133110344214744,0.0004067594907842594,0.0441694624722004,0.007516577385414751,98,adamw,1,continuous,tau_fixed,1.0,closed_form,True,0.03,1e-12,./souza_bayes_four_scenarios_modular_n/S3_tau_fixed_1_n1/souza_bayes_params_S3_tau_fixed_1_n1.csv
27,3,gelu,0.0,True,0.007347085190548296,0.0005906257380961226,0.043097223341465,0.0021208445935285668,49,adamw,1,continuous,tau_fixed,1.0,closed_form,True,0.03,1e-12,./souza_bayes_four_scenarios_modular_n/S3_tau_fixed_1_n1/souza_bayes_params_S3_tau_fixed_1_n1.csv
26,3,gelu,0.0,True,0.02720675145544493,0.00023451452190820243,0.04455502480268479,0.0076787395570365935,115,adamw,1,continuous,tau_fixed,1.0,closed_form,True,0.03,1e-12,./souza_bayes_four_scenarios_modular_n/S3_tau_fixed_1_n1/souza_bayes_params_S3_tau_fixed_1_n1.csv
25,3,gelu,0.0,True,0.010818180330786421,0.0004814029136746354,0.041724048554897315,0.005596409475712674,79,adamw,1,continuous,tau_fixed,1.0,closed_form,True,0.03,1e-12,./souza_bayes_four_scenarios_modular_n/S3_tau_fixed_1_n1/souza_bayes_params_S3_tau_fixed_1_n1.csv
32,3,gelu,0.0,True,0.008871322598236886,0.0010368314822929733,0.0403836578130722,0.004091229775002836,49,adamw,1,continuous,tau_fixed,1.0,closed_form,True,0.03,1e-12,./souza_bayes_four_scenarios_modular_n/S3_tau_fixed_1_n1/souza_bayes_params_S3_tau_fixed_1_n1.csv
31,3,leakyrelu,0.0,True,0.008922928961970798,0.0020347108408120397,0.04878019988536834,0.009674888395669663,76,adamw,1,continuous,tau_fixed,1.0,closed_form,True,0.03,1e-12,./souza_bayes_four_scenarios_modular_n/S3_tau_fixed_1_n1/souza_bayes_params_S3_tau_fixed_1_n1.csv
36,5,swish,0.0,True,0.01251634441423158,0.0010599377034904924,0.048015288263559344,0.019579461259576787,90,adamw,1,continuous,tau_fixed,1.0,closed_form,True,0.03,1e-12,./souza_bayes_four_scenarios_modular_n/S3_tau_fixed_1_n1/souza_bayes_params_S3_tau_fixed_1_n1.csv
32,3,gelu,0.0,True,0.0016056501140951564,0.0065435385909333324,0.0521270602941513,0.02005067695579547,194,adamw,1,continuous,tau_fixed,1.0,closed_form,True,0.03,1e-12,./souza_bayes_four_scenarios_modular_n/S3_tau_fixed_1_n1/souza_bayes_params_S3_tau_fixed_1_n1.csv
29,4,mish,0.0,True,0.013826490881440692,0.00015137474799042285,0.0399976409971714,0.006637195172250727,67,adamw,1,continuous,tau_fixed,1.0,closed_form,True,0.03,1e-12,./souza_bayes_four_scenarios_modular_n/S3_tau_fixed_1_n1/souza_bayes_params_S3_tau_fixed_1_n1.csv
29,4,mish,0.0,True,0.019940721350761283,0.00012615377599583676,0.04237829297780992,0.0062419221545631405,93,adamw,1,continuous,tau_fixed,1.0,closed_form,True,0.03,1e-12,./souza_bayes_four_scenarios_modular_n/S3_tau_fixed_1_n1/souza_bayes_params_S3_tau_fixed_1_n1.csv
21,4,mish,0.0,True,0.013547079229637498,0.00015379129664298884,0.04220284856855869,0.009343643623589607,100,adamw,1,continuous,tau_fixed,1.0,closed_form,True,0.03,1e-12,./souza_bayes_four_scenarios_modular_n/S3_tau_fixed_1_n1/souza_bayes_params_S3_tau_fixed_1_n1.csv
33,4,mish,0.0,True,0.011935650875022932,0.0002062185828313063,0.04062855839729309,0.00825575078540368,100,adamw,1,continuous,tau_fixed,1.0,closed_form,True,0.03,1e-12,./souza_bayes_four_scenarios_modular_n/S3_tau_fixed_1_n1/souza_bayes_params_S3_tau_fixed_1_n1.csv
23,4,mish,0.0,True,0.015552548743899063,0.00027312559812624296,0.04185417853295803,0.007118225914059979,40,adamw,1,continuous,tau_fixed,1.0,closed_form,True,0.03,1e-12,./souza_bayes_four_scenarios_modular_n/S3_tau_fixed_1_n1/souza_bayes_params_S3_tau_fixed_1_n1.csv
39,4,swish,0.0,True,0.009714897384225143,0.0003756806185654623,0.047564427554607394,0.02117622757358873,46,adamw,1,continuous,tau_fixed,1.0,closed_form,True,0.03,1e-12,./souza_bayes_four_scenarios_modular_n/S3_tau_fixed_1_n1/souza_bayes_params_S3_tau_fixed_1_n1.csv
30,5,swish,0.0,True,0.017511666792656894,0.0007356983425753832,0.04131049737334251,0.010594315006274306,128,adamw,1,continuous,tau_fixed,1.0,closed_form,True,0.03,1e-12,./souza_bayes_four_scenarios_modular_n/S3_tau_fixed_1_n1/souza_bayes_params_S3_tau_fixed_1_n1.csv
56,2,mish,0.0,True,0.006218099263705521,0.000920217033690944,0.04872932881116867,0.007619361316496576,74,adamw,1,continuous,tau_fixed,1.0,closed_form,True,0.03,1e-12,./souza_bayes_four_scenarios_modular_n/S3_tau_fixed_1_n1/souza_bayes_params_S3_tau_fixed_1_n1.csv
43,3,swish,0.1,True,0.008210489713691252,0.0001903538961101531,0.04832454174757004,0.008850589681962092,98,adamw,1,continuous,tau_fixed,1.0,closed_form,True,0.03,1e-12,./souza_bayes_four_scenarios_modular_n/S3_tau_fixed_1_n1/souza_bayes_params_S3_tau_fixed_1_n1.csv
52,5,gelu,0.0,True,0.011122398492030276,0.0013631478008762625,0.04234994724392891,0.010701012317456892,105,adamw,1,continuous,tau_fixed,1.0,closed_form,True,0.03,1e-12,./souza_bayes_four_scenarios_modular_n/S3_tau_fixed_1_n1/souza_bayes_params_S3_tau_fixed_1_n1.csv
28,3,swish,0.2,True,0.01480325041751291,0.00012554300160787186,0.05656576827168465,0.015525230968580585,159,adamw,1,continuous,tau_fixed,1.0,closed_form,True,0.03,1e-12,./souza_bayes_four_scenarios_modular_n/S3_tau_fixed_1_n1/souza_bayes_params_S3_tau_fixed_1_n1.csv
24,5,swish,0.0,True,0.010356525337139086,0.00031662533444579133,0.036371834203600885,0.006639300560504506,86,adamw,1,continuous,tau_fixed,1.0,closed_form,True,0.03,1e-12,./souza_bayes_four_scenarios_modular_n/S3_tau_fixed_1_n1/souza_bayes_params_S3_tau_fixed_1_n1.csv
20,5,swish,0.0,True,0.010453988843293868,0.00028721076993295315,0.04146419316530228,0.010951519692984952,117,adamw,1,continuous,tau_fixed,1.0,closed_form,True,0.03,1e-12,./souza_bayes_four_scenarios_modular_n/S3_tau_fixed_1_n1/souza_bayes_params_S3_tau_fixed_1_n1.csv
24,5,swish,0.0,True,0.009425396667942863,0.00015112512084794268,0.045617152750492086,0.01975961903907196,96,adamw,1,continuous,tau_fixed,1.0,closed_form,True,0.03,1e-12,./souza_bayes_four_scenarios_modular_n/S3_tau_fixed_1_n1/souza_bayes_params_S3_tau_fixed_1_n1.csv
18,5,swish,0.0,True,0.012060247728357816,0.00034567119285804825,0.04042325504124165,0.007654606123112934,130,adamw,1,continuous,tau_fixed,1.0,closed_form,True,0.03,1e-12,./souza_bayes_four_scenarios_modular_n/S3_tau_fixed_1_n1/souza_bayes_params_S3_tau_fixed_1_n1.csv
62,5,swish,0.0,True,0.007074499729597495,0.00024190564741145016,0.040907172858715056,0.008300052874962379,173,adamw,1,continuous,tau_fixed,1.0,closed_form,True,0.03,1e-12,./souza_bayes_four_scenarios_modular_n/S3_tau_fixed_1_n1/souza_bayes_params_S3_tau_fixed_1_n1.csv
25,5,swish,0.0,True,0.013804719850199572,0.0004927165526992001,0.04331456162035465,0.019069334826503647,58,adamw,1,continuous,tau_fixed,1.0,closed_form,True,0.03,1e-12,./souza_bayes_four_scenarios_modular_n/S3_tau_fixed_1_n1/souza_bayes_params_S3_tau_fixed_1_n1.csv
22,3,leakyrelu,0.0,True,0.007713418467369558,0.0012232254821461154,0.05472183674573898,0.017615010767978966,92,adamw,1,continuous,tau_fixed,1.0,closed_form,True,0.03,1e-12,./souza_bayes_four_scenarios_modular_n/S3_tau_fixed_1_n1/souza_bayes_params_S3_tau_fixed_1_n1.csv
26,5,swish,0.0,True,0.008744051500341368,0.001865073968465162,0.03875126354396343,0.00565176172392285,67,adamw,1,continuous,tau_fixed,1.0,closed_form,True,0.03,1e-12,./souza_bayes_four_scenarios_modular_n/S3_tau_fixed_1_n1/souza_bayes_params_S3_tau_fixed_1_n1.csv
27,5,swish,0.0,True,0.005396967920955528,0.0017598262941433593,0.047871998697519305,0.022761040816283527,119,adamw,1,continuous,tau_fixed,1.0,closed_form,True,0.03,1e-12,./souza_bayes_four_scenarios_modular_n/S3_tau_fixed_1_n1/souza_bayes_params_S3_tau_fixed_1_n1.csv
26,5,swish,0.0,True,0.010543798492925045,0.0001859996370321628,0.040647510066628464,0.009806892536052596,88,adamw,1,continuous,tau_fixed,1.0,closed_form,True,0.03,1e-12,./souza_bayes_four_scenarios_modular_n/S3_tau_fixed_1_n1/souza_bayes_params_S3_tau_fixed_1_n1.csv
16,5,swish,0.0,True,0.0170528016957615,0.004496798781735418,0.04112382046878338,0.008250360523623311,81,adamw,1,continuous,tau_fixed,1.0,closed_form,True,0.03,1e-12,./souza_bayes_four_scenarios_modular_n/S3_tau_fixed_1_n1/souza_bayes_params_S3_tau_fixed_1_n1.csv
24,5,swish,0.1,True,0.004785162310738871,0.0029174019217299125,0.0499253623187542,0.016334273999061413,239,adamw,1,continuous,tau_fixed,1.0,closed_form,True,0.03,1e-12,./souza_bayes_four_scenarios_modular_n/S3_tau_fixed_1_n1/souza_bayes_params_S3_tau_fixed_1_n1.csv
29,5,swish,0.0,True,0.008546948179404013,0.0006457458617526602,0.04028038866817951,0.009873819885613434,127,adamw,1,continuous,tau_fixed,1.0,closed_form,True,0.03,1e-12,./souza_bayes_four_scenarios_modular_n/S3_tau_fixed_1_n1/souza_bayes_params_S3_tau_fixed_1_n1.csv
29,5,swish,0.0,True,0.0068909484330645105,0.0007365596720081722,0.0377756554633379,0.006382799887966239,135,adamw,1,continuous,tau_fixed,1.0,closed_form,True,0.03,1e-12,./souza_bayes_four_scenarios_modular_n/S3_tau_fixed_1_n1/souza_bayes_params_S3_tau_fixed_1_n1.csv
20,5,swish,0.0,True,0.006830727002973614,0.15906395626245806,0.0485794834792614,0.02632990067371432,107,adamw,1,continuous,tau_fixed,1.0,closed_form,True,0.03,1e-12,./souza_bayes_four_scenarios_modular_n/S3_tau_fixed_1_n1/souza_bayes_params_S3_tau_fixed_1_n1.csv
48,5,swish,0.0,True,0.006128325057349911,0.0003012527886820403,0.04200779162347317,0.011152430757659185,107,adamw,1,continuous,tau_fixed,1.0,closed_form,True,0.03,1e-12,./souza_bayes_four_scenarios_modular_n/S3_tau_fixed_1_n1/souza_bayes_params_S3_tau_fixed_1_n1.csv
22,5,swish,0.0,True,0.012889768214794059,0.0004642379244420111,0.040076988935470584,0.005857676324429031,195,adamw,1,continuous,tau_fixed,1.0,closed_form,True,0.03,1e-12,./souza_bayes_four_scenarios_modular_n/S3_tau_fixed_1_n1/souza_bayes_params_S3_tau_fixed_1_n1.csv
29,5,swish,0.0,True,0.005767730922453735,0.000841642140845656,0.045219536125659945,0.018236940564927917,112,adamw,1,continuous,tau_fixed,1.0,closed_form,True,0.03,1e-12,./souza_bayes_four_scenarios_modular_n/S3_tau_fixed_1_n1/souza_bayes_params_S3_tau_fixed_1_n1.csv
25,2,swish,0.2,True,0.008112228699061756,0.00036466486508545027,0.06338612735271454,0.02197380142151726,122,adamw,1,continuous,tau_fixed,1.0,closed_form,True,0.03,1e-12,./souza_bayes_four_scenarios_modular_n/S3_tau_fixed_1_n1/souza_bayes_params_S3_tau_fixed_1_n1.csv
23,5,mish,0.0,True,0.011343734957590518,0.00014454950596231317,0.03676393553614617,0.0030072970918753736,121,adamw,1,continuous,tau_fixed,1.0,closed_form,True,0.03,1e-12,./souza_bayes_four_scenarios_modular_n/S3_tau_fixed_1_n1/souza_bayes_params_S3_tau_fixed_1_n1.csv
23,5,swish,0.0,True,0.00961145293679249,0.016010811844157632,0.03914458155632019,0.010563195075365591,109,adamw,1,continuous,tau_fixed,1.0,closed_form,True,0.03,1e-12,./souza_bayes_four_scenarios_modular_n/S3_tau_fixed_1_n1/souza_bayes_params_S3_tau_fixed_1_n1.csv
23,5,swish,0.0,True,0.0115313834170595,0.022301512086841918,0.04031539484858513,0.008079827660843421,58,adamw,1,continuous,tau_fixed,1.0,closed_form,True,0.03,1e-12,./souza_bayes_four_scenarios_modular_n/S3_tau_fixed_1_n1/souza_bayes_params_S3_tau_fixed_1_n1.csv
18,5,swish,0.0,True,0.0099049902189081,0.015363013645612603,0.0378518495708704,0.009108149326205316,191,adamw,1,continuous,tau_fixed,1.0,closed_form,True,0.03,1e-12,./souza_bayes_four_scenarios_modular_n/S3_tau_fixed_1_n1/souza_bayes_params_S3_tau_fixed_1_n1.csv
18,5,swish,0.0,True,0.009607378155955469,0.015690974094405362,0.04247594065964222,0.015669003739809527,199,adamw,1,continuous,tau_fixed,1.0,closed_form,True,0.03,1e-12,./souza_bayes_four_scenarios_modular_n/S3_tau_fixed_1_n1/souza_bayes_params_S3_tau_fixed_1_n1.csv
14,5,swish,0.0,True,0.010353736580602759,0.031205421251700918,0.03996007405221462,0.009806115298964257,99,adamw,1,continuous,tau_fixed,1.0,closed_form,True,0.03,1e-12,./souza_bayes_four_scenarios_modular_n/S3_tau_fixed_1_n1/souza_bayes_params_S3_tau_fixed_1_n1.csv
19,5,swish,0.0,True,0.008991211468244824,0.01833008703959676,0.0491831474006176,0.017505159472249666,57,adamw,1,continuous,tau_fixed,1.0,closed_form,True,0.03,1e-12,./souza_bayes_four_scenarios_modular_n/S3_tau_fixed_1_n1/souza_bayes_params_S3_tau_fixed_1_n1.csv
22,5,swish,0.0,True,0.01125075145630424,0.013845387468867643,0.040459134802222255,0.00882124544830682,98,adamw,1,continuous,tau_fixed,1.0,closed_form,True,0.03,1e-12,./souza_bayes_four_scenarios_modular_n/S3_tau_fixed_1_n1/souza_bayes_params_S3_tau_fixed_1_n1.csv
17,5,swish,0.0,True,0.007266495898194105,0.009864880889929659,0.04788323417305946,0.01992476978723473,127,adamw,1,continuous,tau_fixed,1.0,closed_form,True,0.03,1e-12,./souza_bayes_four_scenarios_modular_n/S3_tau_fixed_1_n1/souza_bayes_params_S3_tau_fixed_1_n1.csv
26,5,swish,0.0,True,0.015025964313130184,0.00609141370612801,0.044159099087119104,0.016465355355696282,48,adamw,1,continuous,tau_fixed,1.0,closed_form,True,0.03,1e-12,./souza_bayes_four_scenarios_modular_n/S3_tau_fixed_1_n1/souza_bayes_params_S3_tau_fixed_1_n1.csv
20,5,swish,0.0,True,0.012566197744822122,0.007976159315851942,0.042156125605106363,0.007841051282359098,154,adamw,1,continuous,tau_fixed,1.0,closed_form,True,0.03,1e-12,./souza_bayes_four_scenarios_modular_n/S3_tau_fixed_1_n1/souza_bayes_params_S3_tau_fixed_1_n1.csv
23,5,swish,0.0,True,0.00790201382707077,0.03347078111751802,0.044136050343513485,0.01956393462490781,167,adamw,1,continuous,tau_fixed,1.0,closed_form,True,0.03,1e-12,./souza_bayes_four_scenarios_modular_n/S3_tau_fixed_1_n1/souza_bayes_params_S3_tau_fixed_1_n1.csv
21,5,swish,0.0,True,0.0042684240428274905,0.012442413160351877,0.04671535976231098,0.018545627641420308,89,adamw,1,continuous,tau_fixed,1.0,closed_form,True,0.03,1e-12,./souza_bayes_four_scenarios_modular_n/S3_tau_fixed_1_n1/souza_bayes_params_S3_tau_fixed_1_n1.csv
14,5,swish,0.0,True,0.009456701239977713,0.041667864994396085,0.046275462955236435,0.015843494774508332,146,adamw,1,continuous,tau_fixed,1.0,closed_form,True,0.03,1e-12,./souza_bayes_four_scenarios_modular_n/S3_tau_fixed_1_n1/souza_bayes_params_S3_tau_fixed_1_n1.csv
24,5,swish,0.0,True,0.010164990424339595,0.01788415729849289,0.04975899755954742,0.02518579644947631,88,adamw,1,continuous,tau_fixed,1.0,closed_form,True,0.03,1e-12,./souza_bayes_four_scenarios_modular_n/S3_tau_fixed_1_n1/souza_bayes_params_S3_tau_fixed_1_n1.csv
14,5,swish,0.0,True,0.010854317479440372,0.023346430260402,0.0538404606282711,0.020393975066924055,53,adamw,1,continuous,tau_fixed,1.0,closed_form,True,0.03,1e-12,./souza_bayes_four_scenarios_modular_n/S3_tau_fixed_1_n1/souza_bayes_params_S3_tau_fixed_1_n1.csv
17,5,swish,0.0,True,0.008624460398774823,0.035047214553354945,0.04384923838078976,0.015717356659981162,111,adamw,1,continuous,tau_fixed,1.0,closed_form,True,0.03,1e-12,./souza_bayes_four_scenarios_modular_n/S3_tau_fixed_1_n1/souza_bayes_params_S3_tau_fixed_1_n1.csv
27,5,swish,0.0,True,0.013090274823028523,0.0038291439663320414,0.04249759875237942,0.010726039800148008,52,adamw,1,continuous,tau_fixed,1.0,closed_form,True,0.03,1e-12,./souza_bayes_four_scenarios_modular_n/S3_tau_fixed_1_n1/souza_bayes_params_S3_tau_fixed_1_n1.csv
13,5,mish,0.0,True,0.010171752842387858,0.00021792612461256296,0.053635054454207416,0.018058890190557952,42,adamw,1,continuous,tau_fixed,1.0,closed_form,True,0.03,1e-12,./souza_bayes_four_scenarios_modular_n/S3_tau_fixed_1_n1/souza_bayes_params_S3_tau_fixed_1_n1.csv
53,5,swish,0.1,True,0.043239994751854346,0.00017466500724812155,0.08999441117048264,0.017213995426065658,36,adamw,1,continuous,tau_fixed,1.0,closed_form,True,0.03,1e-12,./souza_bayes_four_scenarios_modular_n/S3_tau_fixed_1_n1/souza_bayes_params_S3_tau_fixed_1_n1.csv
15,5,leakyrelu,0.0,True,0.016202313137357174,0.05712648159351311,0.04289072379469872,0.007186826380268473,131,adamw,1,continuous,tau_fixed,1.0,closed_form,True,0.03,1e-12,./souza_bayes_four_scenarios_modular_n/S3_tau_fixed_1_n1/souza_bayes_params_S3_tau_fixed_1_n1.csv
50,5,swish,0.2,True,0.014191215343398237,0.06799415467518508,0.046201391518115996,0.008997437398544252,103,adamw,1,continuous,tau_fixed,1.0,closed_form,True,0.03,1e-12,./souza_bayes_four_scenarios_modular_n/S3_tau_fixed_1_n1/souza_bayes_params_S3_tau_fixed_1_n1.csv
21,5,swish,0.0,True,0.01194352544352885,0.00012746532017229823,0.046626425534486766,0.022709025056424543,84,adamw,1,continuous,tau_fixed,1.0,closed_form,True,0.03,1e-12,./souza_bayes_four_scenarios_modular_n/S3_tau_fixed_1_n1/souza_bayes_params_S3_tau_fixed_1_n1.csv
25,5,swish,0.0,True,0.0067798748888813105,0.0002801499337897707,0.045700834691524514,0.017058282502198048,168,adamw,1,continuous,tau_fixed,1.0,closed_form,True,0.03,1e-12,./souza_bayes_four_scenarios_modular_n/S3_tau_fixed_1_n1/souza_bayes_params_S3_tau_fixed_1_n1.csv
26,3,mish,0.0,True,0.007608785427565627,0.026645495967852168,0.04244293570518494,0.008602810674060128,79,adamw,1,continuous,tau_fixed,1.0,closed_form,True,0.03,1e-12,./souza_bayes_four_scenarios_modular_n/S3_tau_fixed_1_n1/souza_bayes_params_S3_tau_fixed_1_n1.csv
12,5,swish,0.0,True,0.006335029838304618,0.0021764173974759887,0.0462686687707901,0.019420266878770742,228,adamw,1,continuous,tau_fixed,1.0,closed_form,True,0.03,1e-12,./souza_bayes_four_scenarios_modular_n/S3_tau_fixed_1_n1/souza_bayes_params_S3_tau_fixed_1_n1.csv
24,2,swish,0.0,True,0.01846273242492744,0.011354957398428062,0.04775413945317268,0.012115091811261962,135,adamw,1,continuous,tau_fixed,1.0,closed_form,True,0.03,1e-12,./souza_bayes_four_scenarios_modular_n/S3_tau_fixed_1_n1/souza_bayes_params_S3_tau_fixed_1_n1.csv
28,5,swish,0.0,True,0.009137760305581043,0.02859508246783608,0.04588470980525017,0.023521704395103184,125,adamw,1,continuous,tau_fixed,1.0,closed_form,True,0.03,1e-12,./souza_bayes_four_scenarios_modular_n/S3_tau_fixed_1_n1/souza_bayes_params_S3_tau_fixed_1_n1.csv
22,3,swish,0.0,True,0.005149571215246664,0.007902382994752715,0.04690025448799133,0.01724296268974582,225,adamw,1,continuous,tau_fixed,1.0,closed_form,True,0.03,1e-12,./souza_bayes_four_scenarios_modular_n/S3_tau_fixed_1_n1/souza_bayes_params_S3_tau_fixed_1_n1.csv
58,5,swish,0.0,True,0.01141259459908473,0.00010812403236943376,0.04755920320749283,0.008482461879254078,72,adamw,1,continuous,tau_fixed,1.0,closed_form,True,0.03,1e-12,./souza_bayes_four_scenarios_modular_n/S3_tau_fixed_1_n1/souza_bayes_params_S3_tau_fixed_1_n1.csv
19,5,swish,0.0,True,0.008330193264469422,0.0006636118866565031,0.04570325389504433,0.01589140291545046,75,adamw,1,continuous,tau_fixed,1.0,closed_form,True,0.03,1e-12,./souza_bayes_four_scenarios_modular_n/S3_tau_fixed_1_n1/souza_bayes_params_S3_tau_fixed_1_n1.csv
23,3,mish,0.0,True,0.010076532356361502,0.0002522746864769444,0.04933028407394886,0.02457965305592304,128,adamw,1,continuous,tau_fixed,1.0,closed_form,True,0.03,1e-12,./souza_bayes_four_scenarios_modular_n/S3_tau_fixed_1_n1/souza_bayes_params_S3_tau_fixed_1_n1.csv
27,5,gelu,0.0,True,0.007089323248719012,0.00040091307099470174,0.040622105449438096,0.005605540110404931,116,adamw,1,continuous,tau_fixed,1.0,closed_form,True,0.03,1e-12,./souza_bayes_four_scenarios_modular_n/S3_tau_fixed_1_n1/souza_bayes_params_S3_tau_fixed_1_n1.csv
31,4,mish,0.0,True,0.013529711935515713,0.00015372148913398692,0.0416301142424345,0.013011523513450873,59,adamw,1,continuous,tau_fixed,1.0,closed_form,True,0.03,1e-12,./souza_bayes_four_scenarios_modular_n/S3_tau_fixed_1_n1/souza_bayes_params_S3_tau_fixed_1_n1.csv
26,4,mish,0.0,True,0.01566220675837739,0.00019797061249647406,0.043783390522003175,0.00494374235225526,103,adamw,1,continuous,tau_fixed,1.0,closed_form,True,0.03,1e-12,./souza_bayes_four_scenarios_modular_n/S3_tau_fixed_1_n1/souza_bayes_params_S3_tau_fixed_1_n1.csv
46,4,mish,0.0,True,0.011974464001721143,0.00014657295672503644,0.04601508527994156,0.011529941019825737,77,adamw,1,continuous,tau_fixed,1.0,closed_form,True,0.03,1e-12,./souza_bayes_four_scenarios_modular_n/S3_tau_fixed_1_n1/souza_bayes_params_S3_tau_fixed_1_n1.csv
24,5,mish,0.0,True,0.010834848728765492,0.000527512708643392,0.043602061271667485,0.00815014457520231,88,adamw,1,continuous,tau_fixed,1.0,closed_form,True,0.03,1e-12,./souza_bayes_four_scenarios_modular_n/S3_tau_fixed_1_n1/souza_bayes_params_S3_tau_fixed_1_n1.csv
30,3,leakyrelu,0.0,True,0.013947893125505154,0.000325975955154988,0.05058169588446617,0.01955136030861471,63,adamw,1,continuous,tau_fixed,1.0,closed_form,True,0.03,1e-12,./souza_bayes_four_scenarios_modular_n/S3_tau_fixed_1_n1/souza_bayes_params_S3_tau_fixed_1_n1.csv
28,5,swish,0.0,True,0.01294471191254098,0.00017312066629124507,0.04247933775186539,0.009156135661800369,92,adamw,1,continuous,tau_fixed,1.0,closed_form,True,0.03,1e-12,./souza_bayes_four_scenarios_modular_n/S3_tau_fixed_1_n1/souza_bayes_params_S3_tau_fixed_1_n1.csv
25,4,mish,0.0,True,0.005572249380736963,0.0001998288785972026,0.04869161397218704,0.024684289388586425,114,adamw,1,continuous,tau_fixed,1.0,closed_form,True,0.03,1e-12,./souza_bayes_four_scenarios_modular_n/S3_tau_fixed_1_n1/souza_bayes_params_S3_tau_fixed_1_n1.csv
28,5,swish,0.0,True,0.0076805643334767046,0.00010887413419801392,0.038012121245265006,0.006212860025860608,49,adamw,1,continuous,tau_fixed,1.0,closed_form,True,0.03,1e-12,./souza_bayes_four_scenarios_modular_n/S3_tau_fixed_1_n1/souza_bayes_params_S3_tau_fixed_1_n1.csv
27,5,swish,0.1,True,0.007844476348867873,0.00011626701512748046,0.04928961247205733,0.012998993906789134,86,adamw,1,continuous,tau_fixed,1.0,closed_form,True,0.03,1e-12,./souza_bayes_four_scenarios_modular_n/S3_tau_fixed_1_n1/souza_bayes_params_S3_tau_fixed_1_n1.csv
21,5,swish,0.0,True,0.006302967952152526,0.001214805836828064,0.04050585106015205,0.008556421482674414,254,adamw,1,continuous,tau_fixed,1.0,closed_form,True,0.03,1e-12,./souza_bayes_four_scenarios_modular_n/S3_tau_fixed_1_n1/souza_bayes_params_S3_tau_fixed_1_n1.csv
29,5,swish,0.0,True,0.00923907854273338,0.00014498847832387877,0.04522669464349747,0.017925560974450354,59,adamw,1,continuous,tau_fixed,1.0,closed_form,True,0.03,1e-12,./souza_bayes_four_scenarios_modular_n/S3_tau_fixed_1_n1/souza_bayes_params_S3_tau_fixed_1_n1.csv
26,5,swish,0.0,True,0.008579104120726244,0.00013203337846063765,0.04498421996831894,0.01965682772837608,139,adamw,1,continuous,tau_fixed,1.0,closed_form,True,0.03,1e-12,./souza_bayes_four_scenarios_modular_n/S3_tau_fixed_1_n1/souza_bayes_params_S3_tau_fixed_1_n1.csv
34,5,swish,0.0,True,0.00685228626637841,0.000259511171280868,0.03832253441214562,0.010132562605882344,69,adamw,1,continuous,tau_fixed,1.0,closed_form,True,0.03,1e-12,./souza_bayes_four_scenarios_modular_n/S3_tau_fixed_1_n1/souza_bayes_params_S3_tau_fixed_1_n1.csv
36,5,swish,0.0,True,0.00669145251054401,0.00025452325906508247,0.04061066545546055,0.008723711594701367,70,adamw,1,continuous,tau_fixed,1.0,closed_form,True,0.03,1e-12,./souza_bayes_four_scenarios_modular_n/S3_tau_fixed_1_n1/souza_bayes_params_S3_tau_fixed_1_n1.csv
39,5,swish,0.0,True,0.007247214478592065,0.00022949118640149522,0.046504149213433266,0.02093072799729615,60,adamw,1,continuous,tau_fixed,1.0,closed_form,True,0.03,1e-12,./souza_bayes_four_scenarios_modular_n/S3_tau_fixed_1_n1/souza_bayes_params_S3_tau_fixed_1_n1.csv
23,5,swish,0.0,True,0.007736454093879459,0.0004434335232865208,0.04481987543404102,0.017992743488702032,94,adamw,1,continuous,tau_fixed,1.0,closed_form,True,0.03,1e-12,./souza_bayes_four_scenarios_modular_n/S3_tau_fixed_1_n1/souza_bayes_params_S3_tau_fixed_1_n1.csv
33,5,swish,0.2,True,0.009775198005095114,0.001599095380975422,0.050712964683771136,0.010300647487732344,97,adamw,1,continuous,tau_fixed,1.0,closed_form,True,0.03,1e-12,./souza_bayes_four_scenarios_modular_n/S3_tau_fixed_1_n1/souza_bayes_params_S3_tau_fixed_1_n1.csv
30,5,swish,0.0,True,0.006185824665884007,0.002949311099953872,0.04568258970975876,0.020567272847904567,157,adamw,1,continuous,tau_fixed,1.0,closed_form,True,0.03,1e-12,./souza_bayes_four_scenarios_modular_n/S3_tau_fixed_1_n1/souza_bayes_params_S3_tau_fixed_1_n1.csv
34,5,swish,0.0,True,0.0057864812873443935,0.01456869751404036,0.04445105120539665,0.02125578008502426,151,adamw,1,continuous,tau_fixed,1.0,closed_form,True,0.03,1e-12,./souza_bayes_four_scenarios_modular_n/S3_tau_fixed_1_n1/souza_bayes_params_S3_tau_fixed_1_n1.csv
28,3,swish,0.0,True,0.008238751549110019,0.0003492713765373228,0.040769412368536005,0.00900179132397387,91,adamw,1,continuous,tau_fixed,1.0,closed_form,True,0.03,1e-12,./souza_bayes_four_scenarios_modular_n/S3_tau_fixed_1_n1/souza_bayes_params_S3_tau_fixed_1_n1.csv
25,5,gelu,0.0,True,0.0148547766358927,0.00010719463817634649,0.05041544958949089,0.015909174552318172,59,adamw,1,continuous,tau_fixed,1.0,closed_form,True,0.03,1e-12,./souza_bayes_four_scenarios_modular_n/S3_tau_fixed_1_n1/souza_bayes_params_S3_tau_fixed_1_n1.csv
31,2,swish,0.0,True,0.010625905787165392,0.0001007892354926412,0.0507179893553257,0.009157298765960152,74,adamw,1,continuous,tau_fixed,1.0,closed_form,True,0.03,1e-12,./souza_bayes_four_scenarios_modular_n/S3_tau_fixed_1_n1/souza_bayes_params_S3_tau_fixed_1_n1.csv
27,5,swish,0.0,True,0.012631746902167932,0.00016992751660621338,0.040435272827744485,0.006419430061680699,143,adamw,1,continuous,tau_fixed,1.0,closed_form,True,0.03,1e-12,./souza_bayes_four_scenarios_modular_n/S3_tau_fixed_1_n1/souza_bayes_params_S3_tau_fixed_1_n1.csv
24,5,swish,0.0,True,0.01170185779379637,0.00029281743945885143,0.04051682576537132,0.008958593759200105,99,adamw,1,continuous,tau_fixed,1.0,closed_form,True,0.03,1e-12,./souza_bayes_four_scenarios_modular_n/S3_tau_fixed_1_n1/souza_bayes_params_S3_tau_fixed_1_n1.csv
29,3,swish,0.0,True,0.006834089155661199,0.0001982743215881252,0.05402116179466247,0.02656673175535813,108,adamw,1,continuous,tau_fixed,1.0,closed_form,True,0.03,1e-12,./souza_bayes_four_scenarios_modular_n/S3_tau_fixed_1_n1/souza_bayes_params_S3_tau_fixed_1_n1.csv
25,5,mish,0.0,True,0.008968806193264428,0.005409000725556596,0.04058504030108452,0.0050186316779713795,68,adamw,1,continuous,tau_fixed,1.0,closed_form,True,0.03,1e-12,./souza_bayes_four_scenarios_modular_n/S3_tau_fixed_1_n1/souza_bayes_params_S3_tau_fixed_1_n1.csv
20,5,swish,0.0,True,0.009947537657426023,0.0008764562189542098,0.04439042285084725,0.018922501307074426,156,adamw,1,continuous,tau_fixed,1.0,closed_form,True,0.03,1e-12,./souza_bayes_four_scenarios_modular_n/S3_tau_fixed_1_n1/souza_bayes_params_S3_tau_fixed_1_n1.csv
55,4,swish,0.0,True,0.007557285794270906,0.00015154865011576392,0.0355335459113121,0.0037756207129439117,120,adamw,1,continuous,tau_fixed,1.0,closed_form,True,0.03,1e-12,./souza_bayes_four_scenarios_modular_n/S3_tau_fixed_1_n1/souza_bayes_params_S3_tau_fixed_1_n1.csv
58,5,swish,0.0,True,0.007391989667725728,0.0007145652221504676,0.04020174443721771,0.0053852573359909105,60,adamw,1,continuous,tau_fixed,1.0,closed_form,True,0.03,1e-12,./souza_bayes_four_scenarios_modular_n/S3_tau_fixed_1_n1/souza_bayes_params_S3_tau_fixed_1_n1.csv
55,3,swish,0.0,True,0.006593111767814672,0.02068731151583316,0.04707227237522602,0.023317564904900927,123,adamw,1,continuous,tau_fixed,1.0,closed_form,True,0.03,1e-12,./souza_bayes_four_scenarios_modular_n/S3_tau_fixed_1_n1/souza_bayes_params_S3_tau_fixed_1_n1.csv
52,4,swish,0.0,True,0.008292730870467514,0.00013905230928254055,0.043160882964730266,0.013139397406012068,86,adamw,1,continuous,tau_fixed,1.0,closed_form,True,0.03,1e-12,./souza_bayes_four_scenarios_modular_n/S3_tau_fixed_1_n1/souza_bayes_params_S3_tau_fixed_1_n1.csv
57,4,swish,0.0,True,0.010934015433019214,0.00022849261887127344,0.04779975339770317,0.017645448988174637,111,adamw,1,continuous,tau_fixed,1.0,closed_form,True,0.03,1e-12,./souza_bayes_four_scenarios_modular_n/S3_tau_fixed_1_n1/souza_bayes_params_S3_tau_fixed_1_n1.csv
55,5,swish,0.0,True,0.007421909308338342,0.0001627173248337154,0.047547975927591316,0.017247216195317598,78,adamw,1,continuous,tau_fixed,1.0,closed_form,True,0.03,1e-12,./souza_bayes_four_scenarios_modular_n/S3_tau_fixed_1_n1/souza_bayes_params_S3_tau_fixed_1_n1.csv
50,4,swish,0.0,True,0.009352749964177022,0.000134189484663877,0.03681962229311466,0.00629558400473975,85,adamw,1,continuous,tau_fixed,1.0,closed_form,True,0.03,1e-12,./souza_bayes_four_scenarios_modular_n/S3_tau_fixed_1_n1/souza_bayes_params_S3_tau_fixed_1_n1.csv
50,4,swish,0.0,True,0.009160975408267515,0.00012531152796322538,0.046717744320631034,0.01858581916028716,74,adamw,1,continuous,tau_fixed,1.0,closed_form,True,0.03,1e-12,./souza_bayes_four_scenarios_modular_n/S3_tau_fixed_1_n1/souza_bayes_params_S3_tau_fixed_1_n1.csv
53,4,swish,0.0,True,0.007920098193135605,0.00020643121078419674,0.04144272655248642,0.009259733487178878,114,adamw,1,continuous,tau_fixed,1.0,closed_form,True,0.03,1e-12,./souza_bayes_four_scenarios_modular_n/S3_tau_fixed_1_n1/souza_bayes_params_S3_tau_fixed_1_n1.csv
22,5,swish,0.0,True,0.006023539134897615,0.00027271472742595933,0.04240779876708985,0.015496443380060072,208,adamw,1,continuous,tau_fixed,1.0,closed_form,True,0.03,1e-12,./souza_bayes_four_scenarios_modular_n/S3_tau_fixed_1_n1/souza_bayes_params_S3_tau_fixed_1_n1.csv
56,4,swish,0.0,True,0.0010280450994486245,0.00017379027377073216,0.050266696512699126,0.01604990777445211,143,adamw,1,continuous,tau_fixed,1.0,closed_form,True,0.03,1e-12,./souza_bayes_four_scenarios_modular_n/S3_tau_fixed_1_n1/souza_bayes_params_S3_tau_fixed_1_n1.csv
49,5,gelu,0.0,True,0.00983477890231765,0.0005458570730895149,0.048214295506477364,0.017828240440029695,74,adamw,1,continuous,tau_fixed,1.0,closed_form,True,0.03,1e-12,./souza_bayes_four_scenarios_modular_n/S3_tau_fixed_1_n1/souza_bayes_params_S3_tau_fixed_1_n1.csv
17,3,swish,0.1,True,0.008556526523549175,0.00012067423794883973,0.05689156129956245,0.015673376410956532,88,adamw,1,continuous,tau_fixed,1.0,closed_form,True,0.03,1e-12,./souza_bayes_four_scenarios_modular_n/S3_tau_fixed_1_n1/souza_bayes_params_S3_tau_fixed_1_n1.csv
51,4,swish,0.0,True,0.012070508659705471,0.00014805865174780626,0.042716632783412936,0.009215163517157059,86,adamw,1,continuous,tau_fixed,1.0,closed_form,True,0.03,1e-12,./souza_bayes_four_scenarios_modular_n/S3_tau_fixed_1_n1/souza_bayes_params_S3_tau_fixed_1_n1.csv
27,4,mish,0.0,True,0.013792467516317452,0.0002163926757395522,0.04452878907322884,0.00946507449602257,119,adamw,1,continuous,tau_fixed,1.0,closed_form,True,0.03,1e-12,./souza_bayes_four_scenarios_modular_n/S3_tau_fixed_1_n1/souza_bayes_params_S3_tau_fixed_1_n1.csv
26,4,leakyrelu,0.0,True,0.0070439952323347,0.00016490880773163523,0.04784452095627785,0.01581800425237075,158,adamw,1,continuous,tau_fixed,1.0,closed_form,True,0.03,1e-12,./souza_bayes_four_scenarios_modular_n/S3_tau_fixed_1_n1/souza_bayes_params_S3_tau_fixed_1_n1.csv
54,4,swish,0.0,True,0.010815887293609466,0.00013793921095622933,0.039708267897367484,0.007364592125869156,81,adamw,1,continuous,tau_fixed,1.0,closed_form,True,0.03,1e-12,./souza_bayes_four_scenarios_modular_n/S3_tau_fixed_1_n1/souza_bayes_params_S3_tau_fixed_1_n1.csv
54,4,swish,0.0,True,0.011037434650380056,0.011169853024061809,0.04234384410083294,0.013220173712853028,78,adamw,1,continuous,tau_fixed,1.0,closed_form,True,0.03,1e-12,./souza_bayes_four_scenarios_modular_n/S3_tau_fixed_1_n1/souza_bayes_params_S3_tau_fixed_1_n1.csv
53,5,swish,0.0,True,0.01026493235221044,0.00010495280776171016,0.04273491874337197,0.012067934910950118,152,adamw,1,continuous,tau_fixed,1.0,closed_form,True,0.03,1e-12,./souza_bayes_four_scenarios_modular_n/S3_tau_fixed_1_n1/souza_bayes_params_S3_tau_fixed_1_n1.csv
51,5,swish,0.0,True,0.009007548190201166,0.00037266789858327493,0.04225196912884712,0.011414768101738314,82,adamw,1,continuous,tau_fixed,1.0,closed_form,True,0.03,1e-12,./souza_bayes_four_scenarios_modular_n/S3_tau_fixed_1_n1/souza_bayes_params_S3_tau_fixed_1_n1.csv
55,5,swish,0.0,True,0.009418318479683923,0.015978063282645144,0.04681244269013405,0.022519832443424502,111,adamw,1,continuous,tau_fixed,1.0,closed_form,True,0.03,1e-12,./souza_bayes_four_scenarios_modular_n/S3_tau_fixed_1_n1/souza_bayes_params_S3_tau_fixed_1_n1.csv
23,4,swish,0.2,True,0.00655809195523049,0.00024686581509255733,0.04730240777134896,0.008038743818074434,130,adamw,1,continuous,tau_fixed,1.0,closed_form,True,0.03,1e-12,./souza_bayes_four_scenarios_modular_n/S3_tau_fixed_1_n1/souza_bayes_params_S3_tau_fixed_1_n1.csv
54,3,swish,0.0,True,0.007770891113161887,0.00013952950807471525,0.041756279394030565,0.012651907925246642,100,adamw,1,continuous,tau_fixed,1.0,closed_form,True,0.03,1e-12,./souza_bayes_four_scenarios_modular_n/S3_tau_fixed_1_n1/souza_bayes_params_S3_tau_fixed_1_n1.csv
28,4,swish,0.0,True,0.012562303166174429,0.00017256013279940834,0.03964560031890869,0.006131013707873419,60,adamw,1,continuous,tau_fixed,1.0,closed_form,True,0.03,1e-12,./souza_bayes_four_scenarios_modular_n/S3_tau_fixed_1_n1/souza_bayes_params_S3_tau_fixed_1_n1.csv
48,4,swish,0.0,True,0.011413227523459852,0.0001829934151035214,0.041724785789847375,0.008659417530234706,71,adamw,1,continuous,tau_fixed,1.0,closed_form,True,0.03,1e-12,./souza_bayes_four_scenarios_modular_n/S3_tau_fixed_1_n1/souza_bayes_params_S3_tau_fixed_1_n1.csv
44,4,swish,0.0,True,0.012149354517641365,0.00012972353744966349,0.03955637142062187,0.008818359924601041,80,adamw,1,continuous,tau_fixed,1.0,closed_form,True,0.03,1e-12,./souza_bayes_four_scenarios_modular_n/S3_tau_fixed_1_n1/souza_bayes_params_S3_tau_fixed_1_n1.csv
44,4,swish,0.0,True,0.01282323162606082,0.00012307506616945484,0.04070615991950035,0.005310253493159042,43,adamw,1,continuous,tau_fixed,1.0,closed_form,True,0.03,1e-12,./souza_bayes_four_scenarios_modular_n/S3_tau_fixed_1_n1/souza_bayes_params_S3_tau_fixed_1_n1.csv
45,4,swish,0.0,True,0.0121441457872106,0.00014578600887900302,0.04258736670017242,0.012886416203185643,50,adamw,1,continuous,tau_fixed,1.0,closed_form,True,0.03,1e-12,./souza_bayes_four_scenarios_modular_n/S3_tau_fixed_1_n1/souza_bayes_params_S3_tau_fixed_1_n1.csv
56,4,swish,0.0,True,0.011025900591974471,0.0899640927778674,0.041390581801533696,0.010674181511845291,102,adamw,1,continuous,tau_fixed,1.0,closed_form,True,0.03,1e-12,./souza_bayes_four_scenarios_modular_n/S3_tau_fixed_1_n1/souza_bayes_params_S3_tau_fixed_1_n1.csv
28,4,swish,0.0,True,0.010334427408557051,0.00010004844729762041,0.04826825335621834,0.02427475853650276,71,adamw,1,continuous,tau_fixed,1.0,closed_form,True,0.03,1e-12,./souza_bayes_four_scenarios_modular_n/S3_tau_fixed_1_n1/souza_bayes_params_S3_tau_fixed_1_n1.csv
41,4,swish,0.0,True,0.013079881008527494,0.00018830008918188082,0.04452227354049683,0.00917477886624737,77,adamw,1,continuous,tau_fixed,1.0,closed_form,True,0.03,1e-12,./souza_bayes_four_scenarios_modular_n/S3_tau_fixed_1_n1/souza_bayes_params_S3_tau_fixed_1_n1.csv
51,4,swish,0.0,True,0.011831728618736312,0.00022669129278325904,0.04872116819024086,0.019382008685731204,76,adamw,1,continuous,tau_fixed,1.0,closed_form,True,0.03,1e-12,./souza_bayes_four_scenarios_modular_n/S3_tau_fixed_1_n1/souza_bayes_params_S3_tau_fixed_1_n1.csv
24,5,swish,0.0,True,0.015514765246125781,0.00012701507366205778,0.042118220776319513,0.007063019433153202,94,adamw,1,continuous,tau_fixed,1.0,closed_form,True,0.03,1e-12,./souza_bayes_four_scenarios_modular_n/S3_tau_fixed_1_n1/souza_bayes_params_S3_tau_fixed_1_n1.csv
49,2,swish,0.0,True,0.010426758136882205,0.00028940064948126265,0.04779002442955972,0.011791334891669012,113,adamw,1,continuous,tau_fixed,1.0,closed_form,True,0.03,1e-12,./souza_bayes_four_scenarios_modular_n/S3_tau_fixed_1_n1/souza_bayes_params_S3_tau_fixed_1_n1.csv
46,4,swish,0.0,True,0.009514078108413608,0.7914945659000692,0.04571448490023613,0.011861440258880257,84,adamw,1,continuous,tau_fixed,1.0,closed_form,True,0.03,1e-12,./souza_bayes_four_scenarios_modular_n/S3_tau_fixed_1_n1/souza_bayes_params_S3_tau_fixed_1_n1.csv
15,5,swish,0.0,True,0.014030504267672146,0.00016532676553158816,0.05118054971098901,0.015420304332727026,42,adamw,1,continuous,tau_fixed,1.0,closed_form,True,0.03,1e-12,./souza_bayes_four_scenarios_modular_n/S3_tau_fixed_1_n1/souza_bayes_params_S3_tau_fixed_1_n1.csv
25,5,gelu,0.0,True,0.00856264201634333,0.0002041360832910592,0.04656757116317749,0.016697803039386182,62,adamw,1,continuous,tau_fixed,1.0,closed_form,True,0.03,1e-12,./souza_bayes_four_scenarios_modular_n/S3_tau_fixed_1_n1/souza_bayes_params_S3_tau_fixed_1_n1.csv
26,5,swish,0.0,True,0.007056999221060054,0.0010537475778284297,0.04953895509243012,0.031111274218685942,189,adamw,1,continuous,tau_fixed,1.0,closed_form,True,0.03,1e-12,./souza_bayes_four_scenarios_modular_n/S3_tau_fixed_1_n1/souza_bayes_params_S3_tau_fixed_1_n1.csv
28,3,swish,0.0,True,0.012428651217096888,0.00015069604701610818,0.03988544046878815,0.004262440751655125,109,adamw,1,continuous,tau_fixed,1.0,closed_form,True,0.03,1e-12,./souza_bayes_four_scenarios_modular_n/S3_tau_fixed_1_n1/souza_bayes_params_S3_tau_fixed_1_n1.csv
29,4,swish,0.0,True,0.01278987828226402,0.00014754128959201796,0.04073055237531662,0.013877388888150636,137,adamw,1,continuous,tau_fixed,1.0,closed_form,True,0.03,1e-12,./souza_bayes_four_scenarios_modular_n/S3_tau_fixed_1_n1/souza_bayes_params_S3_tau_fixed_1_n1.csv
30,3,swish,0.0,True,0.011246230300732879,0.00013004293710223495,0.0397933579981327,0.009479205018365171,92,adamw,1,continuous,tau_fixed,1.0,closed_form,True,0.03,1e-12,./souza_bayes_four_scenarios_modular_n/S3_tau_fixed_1_n1/souza_bayes_params_S3_tau_fixed_1_n1.csv
31,3,swish,0.0,True,0.01443262877677944,0.00011978004164185706,0.04444856569170952,0.012985436664854064,83,adamw,1,continuous,tau_fixed,1.0,closed_form,True,0.03,1e-12,./souza_bayes_four_scenarios_modular_n/S3_tau_fixed_1_n1/souza_bayes_params_S3_tau_fixed_1_n1.csv
30,4,swish,0.0,True,0.011343228294205188,0.00017408020958140953,0.042925255745649336,0.016986278334239262,140,adamw,1,continuous,tau_fixed,1.0,closed_form,True,0.03,1e-12,./souza_bayes_four_scenarios_modular_n/S3_tau_fixed_1_n1/souza_bayes_params_S3_tau_fixed_1_n1.csv
27,3,swish,0.0,True,0.012083190640976193,0.00013506887554344592,0.04367763474583626,0.011066652439516062,166,adamw,1,continuous,tau_fixed,1.0,closed_form,True,0.03,1e-12,./souza_bayes_four_scenarios_modular_n/S3_tau_fixed_1_n1/souza_bayes_params_S3_tau_fixed_1_n1.csv
28,3,swish,0.0,True,0.01064658945746392,0.00012575932322081166,0.04526683241128922,0.013941335933003316,84,adamw,1,continuous,tau_fixed,1.0,closed_form,True,0.03,1e-12,./souza_bayes_four_scenarios_modular_n/S3_tau_fixed_1_n1/souza_bayes_params_S3_tau_fixed_1_n1.csv
35,3,swish,0.0,True,0.009822130990537026,0.00018565759214119644,0.04148733504116535,0.010791601836879204,112,adamw,1,continuous,tau_fixed,1.0,closed_form,True,0.03,1e-12,./souza_bayes_four_scenarios_modular_n/S3_tau_fixed_1_n1/souza_bayes_params_S3_tau_fixed_1_n1.csv
53,3,swish,0.0,True,0.013249731078611231,0.00015079508269229708,0.040790318697690967,0.009316151691765884,129,adamw,1,continuous,tau_fixed,1.0,closed_form,True,0.03,1e-12,./souza_bayes_four_scenarios_modular_n/S3_tau_fixed_1_n1/souza_bayes_params_S3_tau_fixed_1_n1.csv
30,5,swish,0.0,True,0.016712919466803467,0.0001017300756692688,0.03966553322970867,0.00895404029747604,86,adamw,1,continuous,tau_fixed,1.0,closed_form,True,0.03,1e-12,./souza_bayes_four_scenarios_modular_n/S3_tau_fixed_1_n1/souza_bayes_params_S3_tau_fixed_1_n1.csv
30,5,swish,0.0,True,0.01543794195288084,0.00012334564781256042,0.04741311520338058,0.0215122686706053,98,adamw,1,continuous,tau_fixed,1.0,closed_form,True,0.03,1e-12,./souza_bayes_four_scenarios_modular_n/S3_tau_fixed_1_n1/souza_bayes_params_S3_tau_fixed_1_n1.csv
32,5,swish,0.0,True,0.012517159910764806,0.00010952156764997065,0.04693387895822525,0.021774818774840044,106,adamw,1,continuous,tau_fixed,1.0,closed_form,True,0.03,1e-12,./souza_bayes_four_scenarios_modular_n/S3_tau_fixed_1_n1/souza_bayes_params_S3_tau_fixed_1_n1.csv
29,3,swish,0.0,True,0.02037867010584045,0.00010372639039636763,0.04291176423430443,0.01121518413808799,116,adamw,1,continuous,tau_fixed,1.0,closed_form,True,0.03,1e-12,./souza_bayes_four_scenarios_modular_n/S3_tau_fixed_1_n1/souza_bayes_params_S3_tau_fixed_1_n1.csv
28,5,swish,0.1,True,0.017931420175518523,0.0002553564531988204,0.04398124366998672,0.01306369789577717,140,adamw,1,continuous,tau_fixed,1.0,closed_form,True,0.03,1e-12,./souza_bayes_four_scenarios_modular_n/S3_tau_fixed_1_n1/souza_bayes_params_S3_tau_fixed_1_n1.csv
32,5,swish,0.0,True,0.017118891694925725,0.0001606342148030915,0.042572955787181864,0.008315296872739627,76,adamw,1,continuous,tau_fixed,1.0,closed_form,True,0.03,1e-12,./souza_bayes_four_scenarios_modular_n/S3_tau_fixed_1_n1/souza_bayes_params_S3_tau_fixed_1_n1.csv
30,5,swish,0.0,True,0.010971881148699257,0.00010054634151386734,0.038705899566411975,0.006176853378424443,175,adamw,1,continuous,tau_fixed,1.0,closed_form,True,0.03,1e-12,./souza_bayes_four_scenarios_modular_n/S3_tau_fixed_1_n1/souza_bayes_params_S3_tau_fixed_1_n1.csv
30,5,swish,0.0,True,0.011322107540368056,0.00010505338133931131,0.04146662950515747,0.008815871658473877,195,adamw,1,continuous,tau_fixed,1.0,closed_form,True,0.03,1e-12,./souza_bayes_four_scenarios_modular_n/S3_tau_fixed_1_n1/souza_bayes_params_S3_tau_fixed_1_n1.csv
28,5,swish,0.0,True,0.014582827905003863,0.00013463315445922926,0.042452767118811616,0.01159622589735444,83,adamw,1,continuous,tau_fixed,1.0,closed_form,True,0.03,1e-12,./souza_bayes_four_scenarios_modular_n/S3_tau_fixed_1_n1/souza_bayes_params_S3_tau_fixed_1_n1.csv
31,5,swish,0.0,True,0.016284226051707904,0.00010237990803643627,0.04179560840129852,0.005746629995660368,61,adamw,1,continuous,tau_fixed,1.0,closed_form,True,0.03,1e-12,./souza_bayes_four_scenarios_modular_n/S3_tau_fixed_1_n1/souza_bayes_params_S3_tau_fixed_1_n1.csv
29,5,swish,0.0,True,0.01178166475324812,0.00020402037109604733,0.04149231575429439,0.012490593535041457,51,adamw,1,continuous,tau_fixed,1.0,closed_form,True,0.03,1e-12,./souza_bayes_four_scenarios_modular_n/S3_tau_fixed_1_n1/souza_bayes_params_S3_tau_fixed_1_n1.csv
26,5,swish,0.0,True,0.010923400449837521,0.00015277253557501543,0.03879912085831165,0.007641927859996319,93,adamw,1,continuous,tau_fixed,1.0,closed_form,True,0.03,1e-12,./souza_bayes_four_scenarios_modular_n/S3_tau_fixed_1_n1/souza_bayes_params_S3_tau_fixed_1_n1.csv
33,5,swish,0.0,True,0.009306902440637435,0.00012201671340658247,0.04593632854521275,0.017936528151994584,141,adamw,1,continuous,tau_fixed,1.0,closed_form,True,0.03,1e-12,./souza_bayes_four_scenarios_modular_n/S3_tau_fixed_1_n1/souza_bayes_params_S3_tau_fixed_1_n1.csv
24,5,swish,0.2,True,0.010467134665050271,0.00017628045316744678,0.04384147599339485,0.008956552817236278,246,adamw,1,continuous,tau_fixed,1.0,closed_form,True,0.03,1e-12,./souza_bayes_four_scenarios_modular_n/S3_tau_fixed_1_n1/souza_bayes_params_S3_tau_fixed_1_n1.csv
26,5,swish,0.0,True,0.00791554345740039,0.0003021886749708291,0.03975575268268585,0.005951597105373148,144,adamw,1,continuous,tau_fixed,1.0,closed_form,True,0.03,1e-12,./souza_bayes_four_scenarios_modular_n/S3_tau_fixed_1_n1/souza_bayes_params_S3_tau_fixed_1_n1.csv
26,5,leakyrelu,0.0,True,0.007921999095085735,0.00031155979693597114,0.044023783504962916,0.005822448129046479,106,adamw,1,continuous,tau_fixed,1.0,closed_form,True,0.03,1e-12,./souza_bayes_four_scenarios_modular_n/S3_tau_fixed_1_n1/souza_bayes_params_S3_tau_fixed_1_n1.csv
27,5,swish,0.0,True,0.007412964626784856,0.00022704244116535308,0.04016817696392536,0.010791828884601116,138,adamw,1,continuous,tau_fixed,1.0,closed_form,True,0.03,1e-12,./souza_bayes_four_scenarios_modular_n/S3_tau_fixed_1_n1/souza_bayes_params_S3_tau_fixed_1_n1.csv
25,5,swish,0.0,True,0.008771692213626628,0.00032425670445377454,0.042246877774596216,0.009803076131290894,100,adamw,1,continuous,tau_fixed,1.0,closed_form,True,0.03,1e-12,./souza_bayes_four_scenarios_modular_n/S3_tau_fixed_1_n1/souza_bayes_params_S3_tau_fixed_1_n1.csv
23,5,swish,0.0,True,0.011348632024916623,0.00014131455626520655,0.03894339762628078,0.007333773212269897,122,adamw,1,continuous,tau_fixed,1.0,closed_form,True,0.03,1e-12,./souza_bayes_four_scenarios_modular_n/S3_tau_fixed_1_n1/souza_bayes_params_S3_tau_fixed_1_n1.csv
22,5,swish,0.0,True,0.0011758519789826125,0.00024203873659015565,0.04283115267753601,0.008002824501829625,264,adamw,1,continuous,tau_fixed,1.0,closed_form,True,0.03,1e-12,./souza_bayes_four_scenarios_modular_n/S3_tau_fixed_1_n1/souza_bayes_params_S3_tau_fixed_1_n1.csv
23,5,swish,0.0,True,0.008011113091856925,0.000412714257050032,0.04848758690059185,0.02702944159374335,102,adamw,1,continuous,tau_fixed,1.0,closed_form,True,0.03,1e-12,./souza_bayes_four_scenarios_modular_n/S3_tau_fixed_1_n1/souza_bayes_params_S3_tau_fixed_1_n1.csv
25,5,swish,0.0,True,0.009813704025017965,0.00015520228783923786,0.04079758673906327,0.009083466302198593,115,adamw,1,continuous,tau_fixed,1.0,closed_form,True,0.03,1e-12,./souza_bayes_four_scenarios_modular_n/S3_tau_fixed_1_n1/souza_bayes_params_S3_tau_fixed_1_n1.csv
23,5,swish,0.0,True,0.00655725549873475,0.00019452158241665946,0.04271487630903721,0.011011486516597694,82,adamw,1,continuous,tau_fixed,1.0,closed_form,True,0.03,1e-12,./souza_bayes_four_scenarios_modular_n/S3_tau_fixed_1_n1/souza_bayes_params_S3_tau_fixed_1_n1.csv
39,5,swish,0.0,True,0.0020022036476377105,0.00010119295398533972,0.0476878859102726,0.017849171967841432,143,adamw,1,continuous,tau_fixed,1.0,closed_form,True,0.03,1e-12,./souza_bayes_four_scenarios_modular_n/S3_tau_fixed_1_n1/souza_bayes_params_S3_tau_fixed_1_n1.csv
24,5,swish,0.0,True,0.013553104846747184,0.0023776388999865576,0.040927116945385936,0.00865787401920064,68,adamw,1,continuous,tau_fixed,1.0,closed_form,True,0.03,1e-12,./souza_bayes_four_scenarios_modular_n/S3_tau_fixed_1_n1/souza_bayes_params_S3_tau_fixed_1_n1.csv
26,5,swish,0.0,True,0.010414302628156744,0.013314313946577772,0.038408859819173816,0.006061883880461449,91,adamw,1,continuous,tau_fixed,1.0,closed_form,True,0.03,1e-12,./souza_bayes_four_scenarios_modular_n/S3_tau_fixed_1_n1/souza_bayes_params_S3_tau_fixed_1_n1.csv
26,5,swish,0.0,True,0.010607185159711334,0.014280721738953403,0.045314721390604974,0.018249936745387017,141,adamw,1,continuous,tau_fixed,1.0,closed_form,True,0.03,1e-12,./souza_bayes_four_scenarios_modular_n/S3_tau_fixed_1_n1/souza_bayes_params_S3_tau_fixed_1_n1.csv
27,5,swish,0.0,True,0.009676379128184837,0.009203943219313985,0.04136793650686741,0.011626380996921695,109,adamw,1,continuous,tau_fixed,1.0,closed_form,True,0.03,1e-12,./souza_bayes_four_scenarios_modular_n/S3_tau_fixed_1_n1/souza_bayes_params_S3_tau_fixed_1_n1.csv
26,5,swish,0.0,True,0.008650475404912233,0.016126996608660932,0.04434018470346928,0.016203612888384417,72,adamw,1,continuous,tau_fixed,1.0,closed_form,True,0.03,1e-12,./souza_bayes_four_scenarios_modular_n/S3_tau_fixed_1_n1/souza_bayes_params_S3_tau_fixed_1_n1.csv
24,5,swish,0.0,True,0.011063021102442831,0.012180691178207187,0.0428505327552557,0.007681320386011794,76,adamw,1,continuous,tau_fixed,1.0,closed_form,True,0.03,1e-12,./souza_bayes_four_scenarios_modular_n/S3_tau_fixed_1_n1/souza_bayes_params_S3_tau_fixed_1_n1.csv
21,5,swish,0.0,True,0.0071003740824057485,0.018765931800683595,0.04602954164147377,0.020245511691090123,148,adamw,1,continuous,tau_fixed,1.0,closed_form,True,0.03,1e-12,./souza_bayes_four_scenarios_modular_n/S3_tau_fixed_1_n1/souza_bayes_params_S3_tau_fixed_1_n1.csv
52,5,swish,0.0,True,0.011995962152075651,0.00014085668838265282,0.04121974036097527,0.007439426522896661,99,adamw,1,continuous,tau_fixed,1.0,closed_form,True,0.03,1e-12,./souza_bayes_four_scenarios_modular_n/S3_tau_fixed_1_n1/souza_bayes_params_S3_tau_fixed_1_n1.csv
25,4,swish,0.0,True,0.010024241079781015,0.00017240092854209455,0.04220910668373108,0.00813670159551748,54,adamw,1,continuous,tau_fixed,1.0,closed_form,True,0.03,1e-12,./souza_bayes_four_scenarios_modular_n/S3_tau_fixed_1_n1/souza_bayes_params_S3_tau_fixed_1_n1.csv
22,5,swish,0.0,True,0.00905009786318592,0.012834941549426809,0.047104721516370775,0.017713981743728204,113,adamw,1,continuous,tau_fixed,1.0,closed_form,True,0.03,1e-12,./souza_bayes_four_scenarios_modular_n/S3_tau_fixed_1_n1/souza_bayes_params_S3_tau_fixed_1_n1.csv
47,5,swish,0.0,True,0.007522460576074772,0.00012267966631033533,0.04523182660341263,0.015176201585039803,122,adamw,1,continuous,tau_fixed,1.0,closed_form,True,0.03,1e-12,./souza_bayes_four_scenarios_modular_n/S3_tau_fixed_1_n1/souza_bayes_params_S3_tau_fixed_1_n1.csv
26,5,swish,0.0,True,0.011230988348477002,0.0002862308112647848,0.04746543318033218,0.018796656904532336,109,adamw,1,continuous,tau_fixed,1.0,closed_form,True,0.03,1e-12,./souza_bayes_four_scenarios_modular_n/S3_tau_fixed_1_n1/souza_bayes_params_S3_tau_fixed_1_n1.csv
27,4,swish,0.0,True,0.008170517310940064,0.00020598295480604907,0.04026688188314438,0.009420082010001777,163,adamw,1,continuous,tau_fixed,1.0,closed_form,True,0.03,1e-12,./souza_bayes_four_scenarios_modular_n/S3_tau_fixed_1_n1/souza_bayes_params_S3_tau_fixed_1_n1.csv
54,2,swish,0.0,True,0.013129356485557459,0.00015542814976830956,0.04916799142956733,0.013439943589020335,74,adamw,1,continuous,tau_fixed,1.0,closed_form,True,0.03,1e-12,./souza_bayes_four_scenarios_modular_n/S3_tau_fixed_1_n1/souza_bayes_params_S3_tau_fixed_1_n1.csv
25,5,swish,0.0,True,0.010438402460694,0.00025799690273622234,0.03865550979971887,0.009554317887949944,100,adamw,1,continuous,tau_fixed,1.0,closed_form,True,0.03,1e-12,./souza_bayes_four_scenarios_modular_n/S3_tau_fixed_1_n1/souza_bayes_params_S3_tau_fixed_1_n1.csv
23,5,swish,0.0,True,0.010700260994437822,0.00023237051083155278,0.04114140793681145,0.009440990916842626,45,adamw,1,continuous,tau_fixed,1.0,closed_form,True,0.03,1e-12,./souza_bayes_four_scenarios_modular_n/S3_tau_fixed_1_n1/souza_bayes_params_S3_tau_fixed_1_n1.csv
25,4,swish,0.1,True,0.011576642333802949,0.0017231465626558894,0.044868909567594525,0.00618874779957486,185,adamw,1,continuous,tau_fixed,1.0,closed_form,True,0.03,1e-12,./souza_bayes_four_scenarios_modular_n/S3_tau_fixed_1_n1/souza_bayes_params_S3_tau_fixed_1_n1.csv
24,5,swish,0.0,True,0.01021838930399904,0.00012549929732411943,0.050157715752720836,0.016975502863259148,51,adamw,1,continuous,tau_fixed,1.0,closed_form,True,0.03,1e-12,./souza_bayes_four_scenarios_modular_n/S3_tau_fixed_1_n1/souza_bayes_params_S3_tau_fixed_1_n1.csv
57,5,swish,0.0,True,0.01200103663223945,0.00017617343259024952,0.04265037328004837,0.008884832341433002,66,adamw,1,continuous,tau_fixed,1.0,closed_form,True,0.03,1e-12,./souza_bayes_four_scenarios_modular_n/S3_tau_fixed_1_n1/souza_bayes_params_S3_tau_fixed_1_n1.csv
37,5,swish,0.0,True,0.009615432623178906,0.00014341024169508014,0.040166534110903734,0.010892031870634424,90,adamw,1,continuous,tau_fixed,1.0,closed_form,True,0.03,1e-12,./souza_bayes_four_scenarios_modular_n/S3_tau_fixed_1_n1/souza_bayes_params_S3_tau_fixed_1_n1.csv
22,4,swish,0.0,True,0.014804223452065982,0.00025942392053936484,0.04471565410494805,0.011928647804472316,99,adamw,1,continuous,tau_fixed,1.0,closed_form,True,0.03,1e-12,./souza_bayes_four_scenarios_modular_n/S3_tau_fixed_1_n1/souza_bayes_params_S3_tau_fixed_1_n1.csv
28,5,swish,0.2,True,0.012828371674525264,0.0001002585897808703,0.05066724196076393,0.011550264745520927,118,adamw,1,continuous,tau_fixed,1.0,closed_form,True,0.03,1e-12,./souza_bayes_four_scenarios_modular_n/S3_tau_fixed_1_n1/souza_bayes_params_S3_tau_fixed_1_n1.csv
43,5,swish,0.0,True,0.010813048104057728,0.00019548477494791798,0.0384512759745121,0.008233069693587456,87,adamw,1,continuous,tau_fixed,1.0,closed_form,True,0.03,1e-12,./souza_bayes_four_scenarios_modular_n/S3_tau_fixed_1_n1/souza_bayes_params_S3_tau_fixed_1_n1.csv
46,5,leakyrelu,0.0,True,0.009148029324329673,0.00020748562607788125,0.05737168714404106,0.025321711078598454,121,adamw,1,continuous,tau_fixed,1.0,closed_form,True,0.03,1e-12,./souza_bayes_four_scenarios_modular_n/S3_tau_fixed_1_n1/souza_bayes_params_S3_tau_fixed_1_n1.csv
42,5,swish,0.0,True,0.005954224829055776,0.019769586317621643,0.03670426309108734,0.006518460710605126,152,adamw,1,continuous,tau_fixed,1.0,closed_form,True,0.03,1e-12,./souza_bayes_four_scenarios_modular_n/S3_tau_fixed_1_n1/souza_bayes_params_S3_tau_fixed_1_n1.csv
43,5,swish,0.0,True,0.006453209348469525,0.022174046679816088,0.0448844488710165,0.017456105155109248,83,adamw,1,continuous,tau_fixed,1.0,closed_form,True,0.03,1e-12,./souza_bayes_four_scenarios_modular_n/S3_tau_fixed_1_n1/souza_bayes_params_S3_tau_fixed_1_n1.csv
48,5,swish,0.0,True,0.005837997706020133,0.017093448531799692,0.04737352281808853,0.021103896038417284,90,adamw,1,continuous,tau_fixed,1.0,closed_form,True,0.03,1e-12,./souza_bayes_four_scenarios_modular_n/S3_tau_fixed_1_n1/souza_bayes_params_S3_tau_fixed_1_n1.csv
44,5,mish,0.0,True,0.005341875731801394,0.020403542396638087,0.04011437557637691,0.007988418866965713,171,adamw,1,continuous,tau_fixed,1.0,closed_form,True,0.03,1e-12,./souza_bayes_four_scenarios_modular_n/S3_tau_fixed_1_n1/souza_bayes_params_S3_tau_fixed_1_n1.csv
42,5,swish,0.0,True,0.010379443690442093,0.015436090178371031,0.04155960120260716,0.009503791668799277,134,adamw,1,continuous,tau_fixed,1.0,closed_form,True,0.03,1e-12,./souza_bayes_four_scenarios_modular_n/S3_tau_fixed_1_n1/souza_bayes_params_S3_tau_fixed_1_n1.csv
45,5,swish,0.0,True,0.006036678004399133,0.003987570309294471,0.04133880287408829,0.007021020762864305,100,adamw,1,continuous,tau_fixed,1.0,closed_form,True,0.03,1e-12,./souza_bayes_four_scenarios_modular_n/S3_tau_fixed_1_n1/souza_bayes_params_S3_tau_fixed_1_n1.csv
42,5,swish,0.0,True,0.006678199651563403,0.00036510448454083247,0.04596621282398701,0.02172170930703097,98,adamw,1,continuous,tau_fixed,1.0,closed_form,True,0.03,1e-12,./souza_bayes_four_scenarios_modular_n/S3_tau_fixed_1_n1/souza_bayes_params_S3_tau_fixed_1_n1.csv
43,5,swish,0.0,True,0.011948243200109673,0.024885512401706646,0.041570702195167536,0.009123697145149452,81,adamw,1,continuous,tau_fixed,1.0,closed_form,True,0.03,1e-12,./souza_bayes_four_scenarios_modular_n/S3_tau_fixed_1_n1/souza_bayes_params_S3_tau_fixed_1_n1.csv
44,5,swish,0.0,True,0.009717626212593262,0.00977372859730238,0.046774294972419736,0.01864221555111116,62,adamw,1,continuous,tau_fixed,1.0,closed_form,True,0.03,1e-12,./souza_bayes_four_scenarios_modular_n/S3_tau_fixed_1_n1/souza_bayes_params_S3_tau_fixed_1_n1.csv
39,5,swish,0.0,True,0.011193659464828249,0.00026156119141848176,0.04375051446259022,0.016858515561232076,121,adamw,1,continuous,tau_fixed,1.0,closed_form,True,0.03,1e-12,./souza_bayes_four_scenarios_modular_n/S3_tau_fixed_1_n1/souza_bayes_params_S3_tau_fixed_1_n1.csv
42,5,swish,0.0,True,0.006943075081836997,0.0001923931721721216,0.042514964938163764,0.010404769765413928,103,adamw,1,continuous,tau_fixed,1.0,closed_form,True,0.03,1e-12,./souza_bayes_four_scenarios_modular_n/S3_tau_fixed_1_n1/souza_bayes_params_S3_tau_fixed_1_n1.csv
40,5,swish,0.0,True,0.008723557892508773,0.00048218871046498837,0.04265262745320797,0.009180328725513241,56,adamw,1,continuous,tau_fixed,1.0,closed_form,True,0.03,1e-12,./souza_bayes_four_scenarios_modular_n/S3_tau_fixed_1_n1/souza_bayes_params_S3_tau_fixed_1_n1.csv
24,5,swish,0.0,True,0.012552979413636684,0.00022546448028904623,0.044406048953533166,0.01526564666968336,85,adamw,1,continuous,tau_fixed,1.0,closed_form,True,0.03,1e-12,./souza_bayes_four_scenarios_modular_n/S3_tau_fixed_1_n1/souza_bayes_params_S3_tau_fixed_1_n1.csv
27,2,swish,0.0,True,0.010494903667720205,0.01288477064525678,0.05560150519013405,0.02289115946581501,51,adamw,1,continuous,tau_fixed,1.0,closed_form,True,0.03,1e-12,./souza_bayes_four_scenarios_modular_n/S3_tau_fixed_1_n1/souza_bayes_params_S3_tau_fixed_1_n1.csv
50,5,swish,0.1,True,0.013702361196555069,0.0013051412198922141,0.046944061666727065,0.009939279007611079,112,adamw,1,continuous,tau_fixed,1.0,closed_form,True,0.03,1e-12,./souza_bayes_four_scenarios_modular_n/S3_tau_fixed_1_n1/souza_bayes_params_S3_tau_fixed_1_n1.csv
21,5,swish,0.0,True,0.0073974131942808295,0.0001706398599394431,0.04791438356041909,0.015302261194444826,60,adamw,1,continuous,tau_fixed,1.0,closed_form,True,0.03,1e-12,./souza_bayes_four_scenarios_modular_n/S3_tau_fixed_1_n1/souza_bayes_params_S3_tau_fixed_1_n1.csv
23,5,mish,0.0,True,0.01141445821915735,0.017758537837033687,0.040877815335989,0.006284690891075482,81,adamw,1,continuous,tau_fixed,1.0,closed_form,True,0.03,1e-12,./souza_bayes_four_scenarios_modular_n/S3_tau_fixed_1_n1/souza_bayes_params_S3_tau_fixed_1_n1.csv
25,5,swish,0.0,True,0.00986040651854903,0.00031854977228653914,0.04018847271800041,0.008678892838526443,83,adamw,1,continuous,tau_fixed,1.0,closed_form,True,0.03,1e-12,./souza_bayes_four_scenarios_modular_n/S3_tau_fixed_1_n1/souza_bayes_params_S3_tau_fixed_1_n1.csv
40,5,swish,0.0,True,0.005682477296770304,0.00019490539825803104,0.04818523526191711,0.022346002770401958,149,adamw,1,continuous,tau_fixed,1.0,closed_form,True,0.03,1e-12,./souza_bayes_four_scenarios_modular_n/S3_tau_fixed_1_n1/souza_bayes_params_S3_tau_fixed_1_n1.csv
27,5,swish,0.0,True,0.008219825712959284,0.00016254520301489772,0.04244917668402195,0.008167586083703255,153,adamw,1,continuous,tau_fixed,1.0,closed_form,True,0.03,1e-12,./souza_bayes_four_scenarios_modular_n/S3_tau_fixed_1_n1/souza_bayes_params_S3_tau_fixed_1_n1.csv
19,5,leakyrelu,0.0,True,0.006209069447832209,0.0002658231721525794,0.05468045100569725,0.013727229625055971,147,adamw,1,continuous,tau_fixed,1.0,closed_form,True,0.03,1e-12,./souza_bayes_four_scenarios_modular_n/S3_tau_fixed_1_n1/souza_bayes_params_S3_tau_fixed_1_n1.csv
24,5,swish,0.2,True,0.0091844160974123,0.011027157220015193,0.05068221911787986,0.01825638985020555,194,adamw,1,continuous,tau_fixed,1.0,closed_form,True,0.03,1e-12,./souza_bayes_four_scenarios_modular_n/S3_tau_fixed_1_n1/souza_bayes_params_S3_tau_fixed_1_n1.csv
26,5,swish,0.0,True,0.012391936246365113,0.0002125544682156703,0.038958441093564035,0.00662254741247543,47,adamw,1,continuous,tau_fixed,1.0,closed_form,True,0.03,1e-12,./souza_bayes_four_scenarios_modular_n/S3_tau_fixed_1_n1/souza_bayes_params_S3_tau_fixed_1_n1.csv
25,5,swish,0.0,True,0.004964197216237243,0.003082756124699193,0.03951144926249981,0.008766297212396867,155,adamw,1,continuous,tau_fixed,1.0,closed_form,True,0.03,1e-12,./souza_bayes_four_scenarios_modular_n/S3_tau_fixed_1_n1/souza_bayes_params_S3_tau_fixed_1_n1.csv
25,5,swish,0.0,True,0.0046348989998920755,0.006877857922203865,0.04569113403558731,0.016893306156303974,98,adamw,1,continuous,tau_fixed,1.0,closed_form,True,0.03,1e-12,./souza_bayes_four_scenarios_modular_n/S3_tau_fixed_1_n1/souza_bayes_params_S3_tau_fixed_1_n1.csv
26,5,swish,0.0,True,0.0052905888001572475,0.002497799910261057,0.03892533555626869,0.006817314643228997,215,adamw,1,continuous,tau_fixed,1.0,closed_form,True,0.03,1e-12,./souza_bayes_four_scenarios_modular_n/S3_tau_fixed_1_n1/souza_bayes_params_S3_tau_fixed_1_n1.csv
26,5,swish,0.0,True,0.005437286380453454,0.0018887106873890875,0.04554495923221112,0.02275765074512891,179,adamw,1,continuous,tau_fixed,1.0,closed_form,True,0.03,1e-12,./souza_bayes_four_scenarios_modular_n/S3_tau_fixed_1_n1/souza_bayes_params_S3_tau_fixed_1_n1.csv
23,5,swish,0.0,True,0.006015994383141225,0.0016855921281844744,0.04085398390889168,0.012267952686573635,194,adamw,1,continuous,tau_fixed,1.0,closed_form,True,0.03,1e-12,./souza_bayes_four_scenarios_modular_n/S3_tau_fixed_1_n1/souza_bayes_params_S3_tau_fixed_1_n1.csv
26,5,swish,0.0,True,0.00744374467803787,0.001967868898990993,0.0385957233607769,0.006360776473690143,109,adamw,1,continuous,tau_fixed,1.0,closed_form,True,0.03,1e-12,./souza_bayes_four_scenarios_modular_n/S3_tau_fixed_1_n1/souza_bayes_params_S3_tau_fixed_1_n1.csv
26,5,swish,0.0,True,0.007069383671519837,0.0003813711777758576,0.046021733433008194,0.017897599720036125,77,adamw,1,continuous,tau_fixed,1.0,closed_form,True,0.03,1e-12,./souza_bayes_four_scenarios_modular_n/S3_tau_fixed_1_n1/souza_bayes_params_S3_tau_fixed_1_n1.csv
26,5,mish,0.0,True,0.007493691221426272,0.0014636939077654696,0.048360997810959816,0.018775547920810442,78,adamw,1,continuous,tau_fixed,1.0,closed_form,True,0.03,1e-12,./souza_bayes_four_scenarios_modular_n/S3_tau_fixed_1_n1/souza_bayes_params_S3_tau_fixed_1_n1.csv
36,5,swish,0.0,True,0.006646127427216843,0.0022371231918922024,0.04349321313202381,0.01754532640510955,179,adamw,1,continuous,tau_fixed,1.0,closed_form,True,0.03,1e-12,./souza_bayes_four_scenarios_modular_n/S3_tau_fixed_1_n1/souza_bayes_params_S3_tau_fixed_1_n1.csv
27,5,swish,0.0,True,0.008484490892838209,0.0002425470706167084,0.04409384541213512,0.02038171054711393,106,adamw,1,continuous,tau_fixed,1.0,closed_form,True,0.03,1e-12,./souza_bayes_four_scenarios_modular_n/S3_tau_fixed_1_n1/souza_bayes_params_S3_tau_fixed_1_n1.csv
25,5,swish,0.0,True,0.007875567168486938,0.0007638331642598862,0.04357182644307613,0.018386940973070687,90,adamw,1,continuous,tau_fixed,1.0,closed_form,True,0.03,1e-12,./souza_bayes_four_scenarios_modular_n/S3_tau_fixed_1_n1/souza_bayes_params_S3_tau_fixed_1_n1.csv
20,5,swish,0.0,True,0.009058623977514144,0.0011087154055407476,0.04130574315786362,0.005733317760581983,80,adamw,1,continuous,tau_fixed,1.0,closed_form,True,0.03,1e-12,./souza_bayes_four_scenarios_modular_n/S3_tau_fixed_1_n1/souza_bayes_params_S3_tau_fixed_1_n1.csv
62,5,swish,0.0,True,0.005218921312346831,0.0006049477116886755,0.03931806981563568,0.007768828855977888,128,adamw,1,continuous,tau_fixed,1.0,closed_form,True,0.03,1e-12,./souza_bayes_four_scenarios_modular_n/S3_tau_fixed_1_n1/souza_bayes_params_S3_tau_fixed_1_n1.csv
24,5,swish,0.0,True,0.006975696361060245,0.0023789814550612865,0.048390805721282966,0.021736674397644727,133,adamw,1,continuous,tau_fixed,1.0,closed_form,True,0.03,1e-12,./souza_bayes_four_scenarios_modular_n/S3_tau_fixed_1_n1/souza_bayes_params_S3_tau_fixed_1_n1.csv
23,5,swish,0.0,True,0.010264892310240236,0.00021710839380000813,0.04508723244071007,0.02013296761771934,120,adamw,1,continuous,tau_fixed,1.0,closed_form,True,0.03,1e-12,./souza_bayes_four_scenarios_modular_n/S3_tau_fixed_1_n1/souza_bayes_params_S3_tau_fixed_1_n1.csv
28,5,swish,0.1,True,0.006163851334108609,0.19524638707621286,0.04545031189918518,0.0066780796861433825,88,adamw,1,continuous,tau_fixed,1.0,closed_form,True,0.03,1e-12,./souza_bayes_four_scenarios_modular_n/S3_tau_fixed_1_n1/souza_bayes_params_S3_tau_fixed_1_n1.csv
22,5,swish,0.0,True,0.03609212318309444,0.0003299770899442169,0.05042968913912773,0.010758627692175584,150,adamw,1,continuous,tau_fixed,1.0,closed_form,True,0.03,1e-12,./souza_bayes_four_scenarios_modular_n/S3_tau_fixed_1_n1/souza_bayes_params_S3_tau_fixed_1_n1.csv
25,5,swish,0.0,True,0.008344286008168179,0.0034501296222902212,0.039399640262126924,0.00942433632692668,103,adamw,1,continuous,tau_fixed,1.0,closed_form,True,0.03,1e-12,./souza_bayes_four_scenarios_modular_n/S3_tau_fixed_1_n1/souza_bayes_params_S3_tau_fixed_1_n1.csv
26,5,swish,0.0,True,0.0075232056036784265,0.013865525529878542,0.043134624511003486,0.014770116307524946,100,adamw,1,continuous,tau_fixed,1.0,closed_form,True,0.03,1e-12,./souza_bayes_four_scenarios_modular_n/S3_tau_fixed_1_n1/souza_bayes_params_S3_tau_fixed_1_n1.csv
24,5,mish,0.0,True,0.009479475098308852,0.0009099097222546213,0.03930471241474152,0.009627081309412056,162,adamw,1,continuous,tau_fixed,1.0,closed_form,True,0.03,1e-12,./souza_bayes_four_scenarios_modular_n/S3_tau_fixed_1_n1/souza_bayes_params_S3_tau_fixed_1_n1.csv
28,2,swish,0.2,True,0.011210314814101693,0.0002897595649867395,0.05210261642932892,0.012704348707291523,78,adamw,1,continuous,tau_fixed,1.0,closed_form,True,0.03,1e-12,./souza_bayes_four_scenarios_modular_n/S3_tau_fixed_1_n1/souza_bayes_params_S3_tau_fixed_1_n1.csv
27,5,swish,0.0,True,0.006517017953117264,0.00043430999133426144,0.04696111381053925,0.01880806977520688,103,adamw,1,continuous,tau_fixed,1.0,closed_form,True,0.03,1e-12,./souza_bayes_four_scenarios_modular_n/S3_tau_fixed_1_n1/souza_bayes_params_S3_tau_fixed_1_n1.csv
29,5,swish,0.0,True,0.010352201934411895,0.020281795625574868,0.04741074331104755,0.019095624674586413,106,adamw,1,continuous,tau_fixed,1.0,closed_form,True,0.03,1e-12,./souza_bayes_four_scenarios_modular_n/S3_tau_fixed_1_n1/souza_bayes_params_S3_tau_fixed_1_n1.csv
59,5,leakyrelu,0.0,True,0.008831913949843265,0.00020742924679922875,0.05980168655514718,0.021746541794848504,89,adamw,1,continuous,tau_fixed,1.0,closed_form,True,0.03,1e-12,./souza_bayes_four_scenarios_modular_n/S3_tau_fixed_1_n1/souza_bayes_params_S3_tau_fixed_1_n1.csv
23,5,swish,0.0,True,0.005820992633813372,0.00015420727448115578,0.04564338065683842,0.016354201820311824,113,adamw,1,continuous,tau_fixed,1.0,closed_form,True,0.03,1e-12,./souza_bayes_four_scenarios_modular_n/S3_tau_fixed_1_n1/souza_bayes_params_S3_tau_fixed_1_n1.csv
25,5,swish,0.0,True,0.007101216228733995,0.0002585973847087726,0.0385806106030941,0.007733858923880161,94,adamw,1,continuous,tau_fixed,1.0,closed_form,True,0.03,1e-12,./souza_bayes_four_scenarios_modular_n/S3_tau_fixed_1_n1/souza_bayes_params_S3_tau_fixed_1_n1.csv
34,5,gelu,0.0,True,0.0070203695527841035,0.0002572734553945141,0.04459852278232575,0.01320034861226006,81,adamw,1,continuous,tau_fixed,1.0,closed_form,True,0.03,1e-12,./souza_bayes_four_scenarios_modular_n/S3_tau_fixed_1_n1/souza_bayes_params_S3_tau_fixed_1_n1.csv
27,5,swish,0.0,True,0.00725438420432275,0.00024039288426748524,0.038368722796440116,0.008919386248809993,211,adamw,1,continuous,tau_fixed,1.0,closed_form,True,0.03,1e-12,./souza_bayes_four_scenarios_modular_n/S3_tau_fixed_1_n1/souza_bayes_params_S3_tau_fixed_1_n1.csv
56,5,swish,0.0,True,0.007466266305308092,0.0003345758908858971,0.04762771688401698,0.022363010096002882,147,adamw,1,continuous,tau_fixed,1.0,closed_form,True,0.03,1e-12,./souza_bayes_four_scenarios_modular_n/S3_tau_fixed_1_n1/souza_bayes_params_S3_tau_fixed_1_n1.csv
27,5,swish,0.0,True,0.006485164093219556,0.0002792235801988003,0.039534328132867814,0.008327657038767188,126,adamw,1,continuous,tau_fixed,1.0,closed_form,True,0.03,1e-12,./souza_bayes_four_scenarios_modular_n/S3_tau_fixed_1_n1/souza_bayes_params_S3_tau_fixed_1_n1.csv
26,5,swish,0.0,True,0.006878860978984013,0.00017691216209395468,0.04438494518399239,0.019839553092625858,153,adamw,1,continuous,tau_fixed,1.0,closed_form,True,0.03,1e-12,./souza_bayes_four_scenarios_modular_n/S3_tau_fixed_1_n1/souza_bayes_params_S3_tau_fixed_1_n1.csv
29,5,swish,0.0,True,0.007661613297633751,0.0002408503217765552,0.04862445257604122,0.023718642976752708,111,adamw,1,continuous,tau_fixed,1.0,closed_form,True,0.03,1e-12,./souza_bayes_four_scenarios_modular_n/S3_tau_fixed_1_n1/souza_bayes_params_S3_tau_fixed_1_n1.csv
25,5,swish,0.0,True,0.00803166414267902,0.00013944205554149597,0.04219724833965301,0.007239820699472607,52,adamw,1,continuous,tau_fixed,1.0,closed_form,True,0.03,1e-12,./souza_bayes_four_scenarios_modular_n/S3_tau_fixed_1_n1/souza_bayes_params_S3_tau_fixed_1_n1.csv
28,5,swish,0.0,True,0.007150267872256718,0.0026869907920703986,0.03462418355047703,0.005046033534343854,82,adamw,1,continuous,tau_fixed,1.0,closed_form,True,0.03,1e-12,./souza_bayes_four_scenarios_modular_n/S3_tau_fixed_1_n1/souza_bayes_params_S3_tau_fixed_1_n1.csv
29,5,mish,0.0,True,0.006937067512040506,0.0030017069642837703,0.04684687703847885,0.01923190589481114,60,adamw,1,continuous,tau_fixed,1.0,closed_form,True,0.03,1e-12,./souza_bayes_four_scenarios_modular_n/S3_tau_fixed_1_n1/souza_bayes_params_S3_tau_fixed_1_n1.csv
28,3,swish,0.0,True,0.006070783888185495,0.000357662106614187,0.0445747472345829,0.012847370843265954,92,adamw,1,continuous,tau_fixed,1.0,closed_form,True,0.03,1e-12,./souza_bayes_four_scenarios_modular_n/S3_tau_fixed_1_n1/souza_bayes_params_S3_tau_fixed_1_n1.csv
27,5,swish,0.0,True,0.007268034254581319,0.00250148938852959,0.03784911297261715,0.007064568465052754,117,adamw,1,continuous,tau_fixed,1.0,closed_form,True,0.03,1e-12,./souza_bayes_four_scenarios_modular_n/S3_tau_fixed_1_n1/souza_bayes_params_S3_tau_fixed_1_n1.csv
37,5,swish,0.0,True,0.007341769011041394,0.004887928756731607,0.03871377930045128,0.012768015805261214,116,adamw,1,continuous,tau_fixed,1.0,closed_form,True,0.03,1e-12,./souza_bayes_four_scenarios_modular_n/S3_tau_fixed_1_n1/souza_bayes_params_S3_tau_fixed_1_n1.csv
37,5,swish,0.0,True,0.007294766827713271,0.004687237854788467,0.0501757562160492,0.027872553497785425,60,adamw,1,continuous,tau_fixed,1.0,closed_form,True,0.03,1e-12,./souza_bayes_four_scenarios_modular_n/S3_tau_fixed_1_n1/souza_bayes_params_S3_tau_fixed_1_n1.csv
35,5,swish,0.1,True,0.007800704834316642,0.002173287214267981,0.043605244159698485,0.004535614927157992,151,adamw,1,continuous,tau_fixed,1.0,closed_form,True,0.03,1e-12,./souza_bayes_four_scenarios_modular_n/S3_tau_fixed_1_n1/souza_bayes_params_S3_tau_fixed_1_n1.csv
38,5,swish,0.0,True,0.0064178822213811215,0.0029192188384431325,0.03847871609032154,0.007448930316436905,200,adamw,1,continuous,tau_fixed,1.0,closed_form,True,0.03,1e-12,./souza_bayes_four_scenarios_modular_n/S3_tau_fixed_1_n1/souza_bayes_params_S3_tau_fixed_1_n1.csv
31,5,swish,0.0,True,0.006555443289673084,0.003502379478571179,0.04590967409312725,0.02196903182249988,122,adamw,1,continuous,tau_fixed,1.0,closed_form,True,0.03,1e-12,./souza_bayes_four_scenarios_modular_n/S3_tau_fixed_1_n1/souza_bayes_params_S3_tau_fixed_1_n1.csv
37,5,swish,0.0,True,0.007044879010715789,0.0025580069808237944,0.04719362743198872,0.01867605333654769,88,adamw,1,continuous,tau_fixed,1.0,closed_form,True,0.03,1e-12,./souza_bayes_four_scenarios_modular_n/S3_tau_fixed_1_n1/souza_bayes_params_S3_tau_fixed_1_n1.csv
38,5,swish,0.0,True,0.006648488253256649,0.0018704392283613066,0.03939448818564415,0.008100214154130888,114,adamw,1,continuous,tau_fixed,1.0,closed_form,True,0.03,1e-12,./souza_bayes_four_scenarios_modular_n/S3_tau_fixed_1_n1/souza_bayes_params_S3_tau_fixed_1_n1.csv
34,5,swish,0.0,True,0.006211736258062275,0.002825452464811514,0.047083937749266634,0.021529271392151446,78,adamw,1,continuous,tau_fixed,1.0,closed_form,True,0.03,1e-12,./souza_bayes_four_scenarios_modular_n/S3_tau_fixed_1_n1/souza_bayes_params_S3_tau_fixed_1_n1.csv
36,5,swish,0.2,True,0.0076413776358341375,0.0026963550789404853,0.04861038029193878,0.009450857110478056,125,adamw,1,continuous,tau_fixed,1.0,closed_form,True,0.03,1e-12,./souza_bayes_four_scenarios_modular_n/S3_tau_fixed_1_n1/souza_bayes_params_S3_tau_fixed_1_n1.csv
40,5,swish,0.0,True,0.007301965148816969,0.0040818883084646354,0.04351085908710957,0.02138950651690084,156,adamw,1,continuous,tau_fixed,1.0,closed_form,True,0.03,1e-12,./souza_bayes_four_scenarios_modular_n/S3_tau_fixed_1_n1/souza_bayes_params_S3_tau_fixed_1_n1.csv
28,5,swish,0.0,True,0.008255977321851661,0.0020005995477765373,0.04561075121164322,0.01986131287840556,87,adamw,1,continuous,tau_fixed,1.0,closed_form,True,0.03,1e-12,./souza_bayes_four_scenarios_modular_n/S3_tau_fixed_1_n1/souza_bayes_params_S3_tau_fixed_1_n1.csv
38,2,leakyrelu,0.0,True,0.006631312426263806,0.004665812506682038,0.06368982642889022,0.023130938708871347,127,adamw,1,continuous,tau_fixed,1.0,closed_form,True,0.03,1e-12,./souza_bayes_four_scenarios_modular_n/S3_tau_fixed_1_n1/souza_bayes_params_S3_tau_fixed_1_n1.csv
30,5,mish,0.0,True,0.007154493555708495,0.007909181256903706,0.04152394905686378,0.007893322381305667,92,adamw,1,continuous,tau_fixed,1.0,closed_form,True,0.03,1e-12,./souza_bayes_four_scenarios_modular_n/S3_tau_fixed_1_n1/souza_bayes_params_S3_tau_fixed_1_n1.csv
27,5,swish,0.0,True,0.00829114347028374,0.003253933817126468,0.04490547180175782,0.021238739086975482,107,adamw,1,continuous,tau_fixed,1.0,closed_form,True,0.03,1e-12,./souza_bayes_four_scenarios_modular_n/S3_tau_fixed_1_n1/souza_bayes_params_S3_tau_fixed_1_n1.csv
29,5,swish,0.0,True,0.0077308196908635815,0.005520453756014764,0.03832930773496628,0.005813412147183208,105,adamw,1,continuous,tau_fixed,1.0,closed_form,True,0.03,1e-12,./souza_bayes_four_scenarios_modular_n/S3_tau_fixed_1_n1/souza_bayes_params_S3_tau_fixed_1_n1.csv
29,5,swish,0.0,True,0.007770871498765698,0.0039540418851333504,0.0398005411028862,0.007108524324251349,78,adamw,1,continuous,tau_fixed,1.0,closed_form,True,0.03,1e-12,./souza_bayes_four_scenarios_modular_n/S3_tau_fixed_1_n1/souza_bayes_params_S3_tau_fixed_1_n1.csv
32,5,swish,0.0,True,0.00572617451153792,0.00661096104803458,0.047683097794651984,0.019710342186776503,80,adamw,1,continuous,tau_fixed,1.0,closed_form,True,0.03,1e-12,./souza_bayes_four_scenarios_modular_n/S3_tau_fixed_1_n1/souza_bayes_params_S3_tau_fixed_1_n1.csv
29,5,swish,0.0,True,0.007304456922068402,0.005552423641040493,0.04579705484211445,0.018963781226581312,76,adamw,1,continuous,tau_fixed,1.0,closed_form,True,0.03,1e-12,./souza_bayes_four_scenarios_modular_n/S3_tau_fixed_1_n1/souza_bayes_params_S3_tau_fixed_1_n1.csv
38,5,gelu,0.0,True,0.006373381864169546,0.0023189987992779265,0.03910795599222183,0.0067081025409036895,131,adamw,1,continuous,tau_fixed,1.0,closed_form,True,0.03,1e-12,./souza_bayes_four_scenarios_modular_n/S3_tau_fixed_1_n1/souza_bayes_params_S3_tau_fixed_1_n1.csv
31,5,swish,0.0,True,0.008645068666479365,0.002666974032658394,0.04405501037836075,0.015395041911170587,95,adamw,1,continuous,tau_fixed,1.0,closed_form,True,0.03,1e-12,./souza_bayes_four_scenarios_modular_n/S3_tau_fixed_1_n1/souza_bayes_params_S3_tau_fixed_1_n1.csv
28,5,swish,0.0,True,0.008030881382657111,0.003442965585003598,0.040503332018852235,0.0069108311663427045,108,adamw,1,continuous,tau_fixed,1.0,closed_form,True,0.03,1e-12,./souza_bayes_four_scenarios_modular_n/S3_tau_fixed_1_n1/souza_bayes_params_S3_tau_fixed_1_n1.csv
27,5,swish,0.0,True,0.006811329988339086,0.0015658754605599801,0.04337683692574501,0.01661428945665963,136,adamw,1,continuous,tau_fixed,1.0,closed_form,True,0.03,1e-12,./souza_bayes_four_scenarios_modular_n/S3_tau_fixed_1_n1/souza_bayes_params_S3_tau_fixed_1_n1.csv
40,5,swish,0.0,True,0.006126075807539151,0.005608953161431638,0.0434352308511734,0.01489911400624955,136,adamw,1,continuous,tau_fixed,1.0,closed_form,True,0.03,1e-12,./souza_bayes_four_scenarios_modular_n/S3_tau_fixed_1_n1/souza_bayes_params_S3_tau_fixed_1_n1.csv
28,5,swish,0.0,True,0.007448240448083941,0.009853899262193723,0.042588746547698966,0.00912604414104433,58,adamw,1,continuous,tau_fixed,1.0,closed_form,True,0.03,1e-12,./souza_bayes_four_scenarios_modular_n/S3_tau_fixed_1_n1/souza_bayes_params_S3_tau_fixed_1_n1.csv
30,5,swish,0.0,True,0.008421230092992255,0.0018649910917320734,0.03707992620766163,0.0066323699227904785,72,adamw,1,continuous,tau_fixed,1.0,closed_form,True,0.03,1e-12,./souza_bayes_four_scenarios_modular_n/S3_tau_fixed_1_n1/souza_bayes_params_S3_tau_fixed_1_n1.csv
30,5,swish,0.0,True,0.006886305908439974,0.002270722403576068,0.046389223262667666,0.01907267877821096,108,adamw,1,continuous,tau_fixed,1.0,closed_form,True,0.03,1e-12,./souza_bayes_four_scenarios_modular_n/S3_tau_fixed_1_n1/souza_bayes_params_S3_tau_fixed_1_n1.csv
30,5,swish,0.0,True,0.007921424227418544,0.0078001040666429424,0.03706924691796303,0.006543971516895773,114,adamw,1,continuous,tau_fixed,1.0,closed_form,True,0.03,1e-12,./souza_bayes_four_scenarios_modular_n/S3_tau_fixed_1_n1/souza_bayes_params_S3_tau_fixed_1_n1.csv
33,5,mish,0.1,True,0.008363843707319607,0.011308422066045898,0.04359262585639954,0.009315844517940682,115,adamw,1,continuous,tau_fixed,1.0,closed_form,True,0.03,1e-12,./souza_bayes_four_scenarios_modular_n/S3_tau_fixed_1_n1/souza_bayes_params_S3_tau_fixed_1_n1.csv
31,5,swish,0.0,True,0.007923447904441413,0.008304119858835063,0.04415600597858429,0.01684332647171211,113,adamw,1,continuous,tau_fixed,1.0,closed_form,True,0.03,1e-12,./souza_bayes_four_scenarios_modular_n/S3_tau_fixed_1_n1/souza_bayes_params_S3_tau_fixed_1_n1.csv
30,5,swish,0.0,True,0.009164775946169441,0.0079604832419513,0.0404842559248209,0.009307728692844928,118,adamw,1,continuous,tau_fixed,1.0,closed_form,True,0.03,1e-12,./souza_bayes_four_scenarios_modular_n/S3_tau_fixed_1_n1/souza_bayes_params_S3_tau_fixed_1_n1.csv
32,5,swish,0.0,True,0.006425422185996188,0.001865527545064845,0.039833458885550496,0.009815195186879127,128,adamw,1,continuous,tau_fixed,1.0,closed_form,True,0.03,1e-12,./souza_bayes_four_scenarios_modular_n/S3_tau_fixed_1_n1/souza_bayes_params_S3_tau_fixed_1_n1.csv
30,5,swish,0.0,True,0.008443371744812508,0.0014628313481487446,0.038554589822888376,0.00724567372307316,93,adamw,1,continuous,tau_fixed,1.0,closed_form,True,0.03,1e-12,./souza_bayes_four_scenarios_modular_n/S3_tau_fixed_1_n1/souza_bayes_params_S3_tau_fixed_1_n1.csv
29,5,swish,0.2,True,0.008466180083354344,0.0014696460506094086,0.04937022179365158,0.011756340176524369,133,adamw,1,continuous,tau_fixed,1.0,closed_form,True,0.03,1e-12,./souza_bayes_four_scenarios_modular_n/S3_tau_fixed_1_n1/souza_bayes_params_S3_tau_fixed_1_n1.csv
30,5,swish,0.0,True,0.0026398658189925235,0.0011567503882025571,0.04416364058852197,0.015789326410981772,172,adamw,1,continuous,tau_fixed,1.0,closed_form,True,0.03,1e-12,./souza_bayes_four_scenarios_modular_n/S3_tau_fixed_1_n1/souza_bayes_params_S3_tau_fixed_1_n1.csv
28,5,swish,0.0,True,0.007816360675296992,0.002013511898347228,0.04316610544919968,0.010885063974404282,99,adamw,1,continuous,tau_fixed,1.0,closed_form,True,0.03,1e-12,./souza_bayes_four_scenarios_modular_n/S3_tau_fixed_1_n1/souza_bayes_params_S3_tau_fixed_1_n1.csv
33,5,swish,0.0,True,0.00874453887978157,0.001376224565686434,0.03824574612081051,0.007299213669577469,133,adamw,1,continuous,tau_fixed,1.0,closed_form,True,0.03,1e-12,./souza_bayes_four_scenarios_modular_n/S3_tau_fixed_1_n1/souza_bayes_params_S3_tau_fixed_1_n1.csv
32,5,swish,0.0,True,0.008554193709734781,0.0013826510875118586,0.04441362954676152,0.014243266808519006,72,adamw,1,continuous,tau_fixed,1.0,closed_form,True,0.03,1e-12,./souza_bayes_four_scenarios_modular_n/S3_tau_fixed_1_n1/souza_bayes_params_S3_tau_fixed_1_n1.csv
33,5,swish,0.0,True,0.0075347400936450004,0.0015182286372727384,0.04327177070081234,0.01562595401621847,87,adamw,1,continuous,tau_fixed,1.0,closed_form,True,0.03,1e-12,./souza_bayes_four_scenarios_modular_n/S3_tau_fixed_1_n1/souza_bayes_params_S3_tau_fixed_1_n1.csv
31,5,leakyrelu,0.0,True,0.007072859305248052,0.0018540726367848007,0.04445949867367745,0.005538992120134911,147,adamw,1,continuous,tau_fixed,1.0,closed_form,True,0.03,1e-12,./souza_bayes_four_scenarios_modular_n/S3_tau_fixed_1_n1/souza_bayes_params_S3_tau_fixed_1_n1.csv
29,5,swish,0.0,True,0.008665295083927944,0.0012479421137452892,0.0457020740956068,0.016000083379386788,102,adamw,1,continuous,tau_fixed,1.0,closed_form,True,0.03,1e-12,./souza_bayes_four_scenarios_modular_n/S3_tau_fixed_1_n1/souza_bayes_params_S3_tau_fixed_1_n1.csv
55,2,swish,0.0,True,0.00800385287825927,0.0015998699973828786,0.04814930409193039,0.006187613281586586,96,adamw,1,continuous,tau_fixed,1.0,closed_form,True,0.03,1e-12,./souza_bayes_four_scenarios_modular_n/S3_tau_fixed_1_n1/souza_bayes_params_S3_tau_fixed_1_n1.csv
29,5,mish,0.0,True,0.0068535212144926715,0.0009672591061041267,0.03809446431696415,0.004885858130418728,110,adamw,1,continuous,tau_fixed,1.0,closed_form,True,0.03,1e-12,./souza_bayes_four_scenarios_modular_n/S3_tau_fixed_1_n1/souza_bayes_params_S3_tau_fixed_1_n1.csv
29,5,mish,0.0,True,0.006086151576677676,0.0008252588482947473,0.04755930304527282,0.021937218242227764,82,adamw,1,continuous,tau_fixed,1.0,closed_form,True,0.03,1e-12,./souza_bayes_four_scenarios_modular_n/S3_tau_fixed_1_n1/souza_bayes_params_S3_tau_fixed_1_n1.csv
31,5,mish,0.0,True,0.005576955746375276,0.0010304779697727065,0.039871995151042935,0.00751660111732436,126,adamw,1,continuous,tau_fixed,1.0,closed_form,True,0.03,1e-12,./souza_bayes_four_scenarios_modular_n/S3_tau_fixed_1_n1/souza_bayes_params_S3_tau_fixed_1_n1.csv
35,5,mish,0.0,True,0.006774553977449892,0.0012207417288212505,0.04089690297842026,0.008039956721997442,72,adamw,1,continuous,tau_fixed,1.0,closed_form,True,0.03,1e-12,./souza_bayes_four_scenarios_modular_n/S3_tau_fixed_1_n1/souza_bayes_params_S3_tau_fixed_1_n1.csv
30,5,mish,0.0,True,0.009091441234912151,0.0011121865256847633,0.0412596382200718,0.0067931238484544975,63,adamw,1,continuous,tau_fixed,1.0,closed_form,True,0.03,1e-12,./souza_bayes_four_scenarios_modular_n/S3_tau_fixed_1_n1/souza_bayes_params_S3_tau_fixed_1_n1.csv
29,5,mish,0.0,True,0.006481976315684145,0.0009576739002954804,0.0441618200391531,0.011389236260451996,135,adamw,1,continuous,tau_fixed,1.0,closed_form,True,0.03,1e-12,./souza_bayes_four_scenarios_modular_n/S3_tau_fixed_1_n1/souza_bayes_params_S3_tau_fixed_1_n1.csv
31,5,mish,0.0,True,0.007947708132598088,0.00682391149906115,0.040089942514896386,0.00837753159465331,108,adamw,1,continuous,tau_fixed,1.0,closed_form,True,0.03,1e-12,./souza_bayes_four_scenarios_modular_n/S3_tau_fixed_1_n1/souza_bayes_params_S3_tau_fixed_1_n1.csv
33,5,mish,0.0,True,0.0069068938544793535,0.001356793515416276,0.04756409600377083,0.02474663078272859,136,adamw,1,continuous,tau_fixed,1.0,closed_form,True,0.03,1e-12,./souza_bayes_four_scenarios_modular_n/S3_tau_fixed_1_n1/souza_bayes_params_S3_tau_fixed_1_n1.csv
28,5,gelu,0.0,True,0.005786589327287852,0.0008668756363189608,0.04166823625564575,0.013250347491678036,219,adamw,1,continuous,tau_fixed,1.0,closed_form,True,0.03,1e-12,./souza_bayes_four_scenarios_modular_n/S3_tau_fixed_1_n1/souza_bayes_params_S3_tau_fixed_1_n1.csv
30,5,swish,0.0,True,0.007290773532108214,0.014949505685554237,0.045097806677222255,0.015809053787812322,102,adamw,1,continuous,tau_fixed,1.0,closed_form,True,0.03,1e-12,./souza_bayes_four_scenarios_modular_n/S3_tau_fixed_1_n1/souza_bayes_params_S3_tau_fixed_1_n1.csv
32,5,mish,0.0,True,0.00920648214439678,0.626122580709402,0.04203529134392738,0.005585090411278782,42,adamw,1,continuous,tau_fixed,1.0,closed_form,True,0.03,1e-12,./souza_bayes_four_scenarios_modular_n/S3_tau_fixed_1_n1/souza_bayes_params_S3_tau_fixed_1_n1.csv
28,5,swish,0.0,True,0.008213051738966021,0.009669013912318909,0.03672305159270763,0.005497637999572539,184,adamw,1,continuous,tau_fixed,1.0,closed_form,True,0.03,1e-12,./souza_bayes_four_scenarios_modular_n/S3_tau_fixed_1_n1/souza_bayes_params_S3_tau_fixed_1_n1.csv
29,5,swish,0.1,True,0.00856684218331601,0.010284125864576731,0.04794973954558372,0.010710825344521368,101,adamw,1,continuous,tau_fixed,1.0,closed_form,True,0.03,1e-12,./souza_bayes_four_scenarios_modular_n/S3_tau_fixed_1_n1/souza_bayes_params_S3_tau_fixed_1_n1.csv
28,5,swish,0.0,True,0.008149710203498882,0.024958868404279917,0.04572964459657669,0.019895075318431883,52,adamw,1,continuous,tau_fixed,1.0,closed_form,True,0.03,1e-12,./souza_bayes_four_scenarios_modular_n/S3_tau_fixed_1_n1/souza_bayes_params_S3_tau_fixed_1_n1.csv
29,5,swish,0.2,True,0.009407847261950951,0.008336434409170498,0.05089784115552902,0.02121702719691061,199,adamw,1,continuous,tau_fixed,1.0,closed_form,True,0.03,1e-12,./souza_bayes_four_scenarios_modular_n/S3_tau_fixed_1_n1/souza_bayes_params_S3_tau_fixed_1_n1.csv
28,4,swish,0.0,True,0.007773307305091788,0.013519899070541805,0.04185140281915665,0.010578212806049805,71,adamw,1,continuous,tau_fixed,1.0,closed_form,True,0.03,1e-12,./souza_bayes_four_scenarios_modular_n/S3_tau_fixed_1_n1/souza_bayes_params_S3_tau_fixed_1_n1.csv
31,5,swish,0.0,True,0.008436988061590947,0.012040944990052323,0.04675751440227032,0.022280510041338773,106,adamw,1,continuous,tau_fixed,1.0,closed_form,True,0.03,1e-12,./souza_bayes_four_scenarios_modular_n/S3_tau_fixed_1_n1/souza_bayes_params_S3_tau_fixed_1_n1.csv
27,5,swish,0.0,True,0.0015387048641756086,0.009281111578915818,0.042752788215875616,0.00923695453433838,224,adamw,1,continuous,tau_fixed,1.0,closed_form,True,0.03,1e-12,./souza_bayes_four_scenarios_modular_n/S3_tau_fixed_1_n1/souza_bayes_params_S3_tau_fixed_1_n1.csv
34,5,swish,0.0,True,0.00909281947987322,0.0061711398583462656,0.04031424783170223,0.009828317520456004,77,adamw,1,continuous,tau_fixed,1.0,closed_form,True,0.03,1e-12,./souza_bayes_four_scenarios_modular_n/S3_tau_fixed_1_n1/souza_bayes_params_S3_tau_fixed_1_n1.csv
53,5,swish,0.0,True,0.006455738516723682,0.000697180321203545,0.04789158701896668,0.021486679735593848,104,adamw,1,continuous,tau_fixed,1.0,closed_form,True,0.03,1e-12,./souza_bayes_four_scenarios_modular_n/S3_tau_fixed_1_n1/souza_bayes_params_S3_tau_fixed_1_n1.csv
29,2,mish,0.0,True,0.007567437772049886,0.001683723765857823,0.052375003695487976,0.020347412126124773,114,adamw,1,continuous,tau_fixed,1.0,closed_form,True,0.03,1e-12,./souza_bayes_four_scenarios_modular_n/S3_tau_fixed_1_n1/souza_bayes_params_S3_tau_fixed_1_n1.csv
30,5,swish,0.0,True,0.008181856199741344,0.002873688712475773,0.045284683257341383,0.01684299750758294,72,adamw,1,continuous,tau_fixed,1.0,closed_form,True,0.03,1e-12,./souza_bayes_four_scenarios_modular_n/S3_tau_fixed_1_n1/souza_bayes_params_S3_tau_fixed_1_n1.csv
27,5,swish,0.0,True,0.006285682813446379,0.0104451085677699,0.046984488889574995,0.020815176511678416,126,adamw,1,continuous,tau_fixed,1.0,closed_form,True,0.03,1e-12,./souza_bayes_four_scenarios_modular_n/S3_tau_fixed_1_n1/souza_bayes_params_S3_tau_fixed_1_n1.csv
56,5,swish,0.0,True,0.00699728119839547,0.01938637232439077,0.04633155390620232,0.018065966424014472,90,adamw,1,continuous,tau_fixed,1.0,closed_form,True,0.03,1e-12,./souza_bayes_four_scenarios_modular_n/S3_tau_fixed_1_n1/souza_bayes_params_S3_tau_fixed_1_n1.csv
29,4,leakyrelu,0.0,True,0.009602929858914014,0.016731022795712938,0.046646296977996826,0.012093610632235264,81,adamw,1,continuous,tau_fixed,1.0,closed_form,True,0.03,1e-12,./souza_bayes_four_scenarios_modular_n/S3_tau_fixed_1_n1/souza_bayes_params_S3_tau_fixed_1_n1.csv
28,5,swish,0.0,True,0.007549329020784403,0.0013923599457906295,0.044597931951284406,0.01645746688682901,78,adamw,1,continuous,tau_fixed,1.0,closed_form,True,0.03,1e-12,./souza_bayes_four_scenarios_modular_n/S3_tau_fixed_1_n1/souza_bayes_params_S3_tau_fixed_1_n1.csv
32,5,gelu,0.0,True,0.005693100292905375,0.002255117348143085,0.038199201226234436,0.005126588456804825,113,adamw,1,continuous,tau_fixed,1.0,closed_form,True,0.03,1e-12,./souza_bayes_four_scenarios_modular_n/S3_tau_fixed_1_n1/souza_bayes_params_S3_tau_fixed_1_n1.csv
32,5,gelu,0.0,True,0.004897923693418506,0.0022700800887240948,0.04353219568729401,0.015002673947847397,104,adamw,1,continuous,tau_fixed,1.0,closed_form,True,0.03,1e-12,./souza_bayes_four_scenarios_modular_n/S3_tau_fixed_1_n1/souza_bayes_params_S3_tau_fixed_1_n1.csv
33,5,gelu,0.0,True,0.005729073595469397,0.003866605917593089,0.0400706060230732,0.0075128180853337705,118,adamw,1,continuous,tau_fixed,1.0,closed_form,True,0.03,1e-12,./souza_bayes_four_scenarios_modular_n/S3_tau_fixed_1_n1/souza_bayes_params_S3_tau_fixed_1_n1.csv
33,5,gelu,0.0,True,0.00525249131937266,0.0032603047371225326,0.04259785935282708,0.009606650257437795,103,adamw,1,continuous,tau_fixed,1.0,closed_form,True,0.03,1e-12,./souza_bayes_four_scenarios_modular_n/S3_tau_fixed_1_n1/souza_bayes_params_S3_tau_fixed_1_n1.csv
17,5,mish,0.0,True,0.005888541797026114,0.007219383923909005,0.043443096429109575,0.015495110996258755,145,adamw,1,continuous,tau_fixed,1.0,closed_form,True,0.03,1e-12,./souza_bayes_four_scenarios_modular_n/S3_tau_fixed_1_n1/souza_bayes_params_S3_tau_fixed_1_n1.csv
35,5,gelu,0.0,True,0.006169651874873418,0.0022777909146260264,0.03811530508100987,0.006054457717058497,140,adamw,1,continuous,tau_fixed,1.0,closed_form,True,0.03,1e-12,./souza_bayes_four_scenarios_modular_n/S3_tau_fixed_1_n1/souza_bayes_params_S3_tau_fixed_1_n1.csv
35,4,gelu,0.1,True,0.005578581023887775,0.0020444309035650816,0.04855774044990538,0.007166623698434369,100,adamw,1,continuous,tau_fixed,1.0,closed_form,True,0.03,1e-12,./souza_bayes_four_scenarios_modular_n/S3_tau_fixed_1_n1/souza_bayes_params_S3_tau_fixed_1_n1.csv
34,5,gelu,0.0,True,0.006146001086145871,0.0025617097535670557,0.045911908894777295,0.01642594024601256,200,adamw,1,continuous,tau_fixed,1.0,closed_form,True,0.03,1e-12,./souza_bayes_four_scenarios_modular_n/S3_tau_fixed_1_n1/souza_bayes_params_S3_tau_fixed_1_n1.csv
35,5,gelu,0.0,True,0.00676852992048989,0.012751536193476735,0.03824428766965866,0.006699585099527199,114,adamw,1,continuous,tau_fixed,1.0,closed_form,True,0.03,1e-12,./souza_bayes_four_scenarios_modular_n/S3_tau_fixed_1_n1/souza_bayes_params_S3_tau_fixed_1_n1.csv
34,5,gelu,0.0,True,0.006767845035488778,0.013347011431730641,0.03806695640087128,0.0064374954217378535,161,adamw,1,continuous,tau_fixed,1.0,closed_form,True,0.03,1e-12,./souza_bayes_four_scenarios_modular_n/S3_tau_fixed_1_n1/souza_bayes_params_S3_tau_fixed_1_n1.csv
35,5,gelu,0.0,True,0.006716150627414513,0.012347217470283613,0.04114391356706619,0.008481678975698738,95,adamw,1,continuous,tau_fixed,1.0,closed_form,True,0.03,1e-12,./souza_bayes_four_scenarios_modular_n/S3_tau_fixed_1_n1/souza_bayes_params_S3_tau_fixed_1_n1.csv
36,5,gelu,0.2,True,0.006070959017999136,0.009615294813657546,0.052803778648376466,0.013761506715831337,159,adamw,1,continuous,tau_fixed,1.0,closed_form,True,0.03,1e-12,./souza_bayes_four_scenarios_modular_n/S3_tau_fixed_1_n1/souza_bayes_params_S3_tau_fixed_1_n1.csv
34,5,gelu,0.0,True,0.006918021899047322,0.028371173686313363,0.038628250360488885,0.004912953373384329,107,adamw,1,continuous,tau_fixed,1.0,closed_form,True,0.03,1e-12,./souza_bayes_four_scenarios_modular_n/S3_tau_fixed_1_n1/souza_bayes_params_S3_tau_fixed_1_n1.csv
33,5,gelu,0.0,True,0.006547300002829421,0.01503380518755181,0.03943473771214485,0.010238168335812784,106,adamw,1,continuous,tau_fixed,1.0,closed_form,True,0.03,1e-12,./souza_bayes_four_scenarios_modular_n/S3_tau_fixed_1_n1/souza_bayes_params_S3_tau_fixed_1_n1.csv
33,5,gelu,0.0,True,0.005353632930062212,0.012135808619127927,0.03833191618323326,0.00549096297967997,82,adamw,1,continuous,tau_fixed,1.0,closed_form,True,0.03,1e-12,./souza_bayes_four_scenarios_modular_n/S3_tau_fixed_1_n1/souza_bayes_params_S3_tau_fixed_1_n1.csv
34,4,gelu,0.0,True,0.0048426515947591715,0.012082042282886759,0.04075313434004784,0.0035595791385611398,140,adamw,1,continuous,tau_fixed,1.0,closed_form,True,0.03,1e-12,./souza_bayes_four_scenarios_modular_n/S3_tau_fixed_1_n1/souza_bayes_params_S3_tau_fixed_1_n1.csv
32,5,gelu,0.0,True,0.0057094445393846074,0.010273822873594076,0.039817252382636066,0.009443143700360156,102,adamw,1,continuous,tau_fixed,1.0,closed_form,True,0.03,1e-12,./souza_bayes_four_scenarios_modular_n/S3_tau_fixed_1_n1/souza_bayes_params_S3_tau_fixed_1_n1.csv
35,5,gelu,0.0,True,0.0045821662896712466,0.009008438491737924,0.04614076167345047,0.016258625199857418,90,adamw,1,continuous,tau_fixed,1.0,closed_form,True,0.03,1e-12,./souza_bayes_four_scenarios_modular_n/S3_tau_fixed_1_n1/souza_bayes_params_S3_tau_fixed_1_n1.csv
35,2,gelu,0.0,True,0.005759248383037746,0.018595835529171684,0.05247724056243897,0.005924064020508318,116,adamw,1,continuous,tau_fixed,1.0,closed_form,True,0.03,1e-12,./souza_bayes_four_scenarios_modular_n/S3_tau_fixed_1_n1/souza_bayes_params_S3_tau_fixed_1_n1.csv
32,5,gelu,0.0,True,0.0049951698700393616,0.014224486838684122,0.03909115642309189,0.006156270629819129,68,adamw,1,continuous,tau_fixed,1.0,closed_form,True,0.03,1e-12,./souza_bayes_four_scenarios_modular_n/S3_tau_fixed_1_n1/souza_bayes_params_S3_tau_fixed_1_n1.csv
36,5,gelu,0.0,True,0.0038958991734803156,0.01143091077716693,0.0449126984924078,0.02041689588053173,77,adamw,1,continuous,tau_fixed,1.0,closed_form,True,0.03,1e-12,./souza_bayes_four_scenarios_modular_n/S3_tau_fixed_1_n1/souza_bayes_params_S3_tau_fixed_1_n1.csv
34,5,gelu,0.0,True,0.0061835244790251894,0.015835247172984894,0.03669728003442287,0.006390947169504982,195,adamw,1,continuous,tau_fixed,1.0,closed_form,True,0.03,1e-12,./souza_bayes_four_scenarios_modular_n/S3_tau_fixed_1_n1/souza_bayes_params_S3_tau_fixed_1_n1.csv
34,5,gelu,0.0,True,0.006608265889776887,0.01783058980434475,0.042370788753032684,0.006988565709223796,62,adamw,1,continuous,tau_fixed,1.0,closed_form,True,0.03,1e-12,./souza_bayes_four_scenarios_modular_n/S3_tau_fixed_1_n1/souza_bayes_params_S3_tau_fixed_1_n1.csv
34,5,gelu,0.0,True,0.00626538075681366,0.033363470894981484,0.04437341764569282,0.017797624952728283,99,adamw,1,continuous,tau_fixed,1.0,closed_form,True,0.03,1e-12,./souza_bayes_four_scenarios_modular_n/S3_tau_fixed_1_n1/souza_bayes_params_S3_tau_fixed_1_n1.csv
36,5,gelu,0.0,True,0.006126802101196739,0.02295179304381991,0.042712516337633136,0.012328928717211666,122,adamw,1,continuous,tau_fixed,1.0,closed_form,True,0.03,1e-12,./souza_bayes_four_scenarios_modular_n/S3_tau_fixed_1_n1/souza_bayes_params_S3_tau_fixed_1_n1.csv
32,4,gelu,0.0,True,0.007142475091874418,0.020407912602700508,0.03983767852187157,0.006443526712346605,130,adamw,1,continuous,tau_fixed,1.0,closed_form,True,0.03,1e-12,./souza_bayes_four_scenarios_modular_n/S3_tau_fixed_1_n1/souza_bayes_params_S3_tau_fixed_1_n1.csv
52,5,gelu,0.0,True,0.007645954332769805,0.0005108781899978134,0.04058890268206596,0.006171123022287711,93,adamw,1,continuous,tau_fixed,1.0,closed_form,True,0.03,1e-12,./souza_bayes_four_scenarios_modular_n/S3_tau_fixed_1_n1/souza_bayes_params_S3_tau_fixed_1_n1.csv
34,5,gelu,0.0,True,0.006716864369370266,0.002619222231880395,0.04025412537157536,0.009365912836001059,122,adamw,1,continuous,tau_fixed,1.0,closed_form,True,0.03,1e-12,./souza_bayes_four_scenarios_modular_n/S3_tau_fixed_1_n1/souza_bayes_params_S3_tau_fixed_1_n1.csv
33,5,gelu,0.1,True,0.0071973485476457,0.016653699315977495,0.046299438923597336,0.005246976370986082,118,adamw,1,continuous,tau_fixed,1.0,closed_form,True,0.03,1e-12,./souza_bayes_four_scenarios_modular_n/S3_tau_fixed_1_n1/souza_bayes_params_S3_tau_fixed_1_n1.csv
31,5,gelu,0.0,True,0.0055477947708679936,0.014717016846633237,0.04038306549191475,0.006868383493864386,67,adamw,1,continuous,tau_fixed,1.0,closed_form,True,0.03,1e-12,./souza_bayes_four_scenarios_modular_n/S3_tau_fixed_1_n1/souza_bayes_params_S3_tau_fixed_1_n1.csv
33,5,gelu,0.0,True,0.00601502591038989,0.007712394128279024,0.041569332033395766,0.008280486466408925,108,adamw,1,continuous,tau_fixed,1.0,closed_form,True,0.03,1e-12,./souza_bayes_four_scenarios_modular_n/S3_tau_fixed_1_n1/souza_bayes_params_S3_tau_fixed_1_n1.csv
35,5,gelu,0.0,True,0.007827515677144098,0.0017221034028839064,0.04711058661341668,0.011131888496217287,84,adamw,1,continuous,tau_fixed,1.0,closed_form,True,0.03,1e-12,./souza_bayes_four_scenarios_modular_n/S3_tau_fixed_1_n1/souza_bayes_params_S3_tau_fixed_1_n1.csv
36,5,gelu,0.0,True,0.006705876429023554,0.013952361648874931,0.0406713467091322,0.008528035656686875,113,adamw,1,continuous,tau_fixed,1.0,closed_form,True,0.03,1e-12,./souza_bayes_four_scenarios_modular_n/S3_tau_fixed_1_n1/souza_bayes_params_S3_tau_fixed_1_n1.csv
30,4,gelu,0.2,True,0.007411680340022284,0.0022186411122637373,0.05106955021619797,0.011009158849196059,178,adamw,1,continuous,tau_fixed,1.0,closed_form,True,0.03,1e-12,./souza_bayes_four_scenarios_modular_n/S3_tau_fixed_1_n1/souza_bayes_params_S3_tau_fixed_1_n1.csv
12,5,gelu,0.0,True,0.006280558620776632,0.0010183098516642747,0.045021587237715724,0.014045246591067623,108,adamw,1,continuous,tau_fixed,1.0,closed_form,True,0.03,1e-12,./souza_bayes_four_scenarios_modular_n/S3_tau_fixed_1_n1/souza_bayes_params_S3_tau_fixed_1_n1.csv
32,5,gelu,0.0,True,0.007016707031413435,0.01732945169828212,0.041056661307811736,0.009670949284754092,114,adamw,1,continuous,tau_fixed,1.0,closed_form,True,0.03,1e-12,./souza_bayes_four_scenarios_modular_n/S3_tau_fixed_1_n1/souza_bayes_params_S3_tau_fixed_1_n1.csv
58,5,gelu,0.0,True,0.008032394016621244,0.005276253976634275,0.03950687758624554,0.00986691043213754,214,adamw,1,continuous,tau_fixed,1.0,closed_form,True,0.03,1e-12,./souza_bayes_four_scenarios_modular_n/S3_tau_fixed_1_n1/souza_bayes_params_S3_tau_fixed_1_n1.csv
31,5,gelu,0.0,True,0.006547513160414946,0.0006438427467721022,0.04369219467043877,0.014489854034594069,126,adamw,1,continuous,tau_fixed,1.0,closed_form,True,0.03,1e-12,./souza_bayes_four_scenarios_modular_n/S3_tau_fixed_1_n1/souza_bayes_params_S3_tau_fixed_1_n1.csv
54,5,gelu,0.0,True,0.0077257839540759285,0.001862080253065136,0.041829740256071085,0.009374622426566613,69,adamw,1,continuous,tau_fixed,1.0,closed_form,True,0.03,1e-12,./souza_bayes_four_scenarios_modular_n/S3_tau_fixed_1_n1/souza_bayes_params_S3_tau_fixed_1_n1.csv
35,5,gelu,0.0,True,0.008862145467437663,0.006950173846620229,0.04291475638747215,0.00757999867653692,55,adamw,1,continuous,tau_fixed,1.0,closed_form,True,0.03,1e-12,./souza_bayes_four_scenarios_modular_n/S3_tau_fixed_1_n1/souza_bayes_params_S3_tau_fixed_1_n1.csv
31,5,mish,0.0,True,0.005964178212582162,0.0022034040496717046,0.04550319835543633,0.01758721959384096,73,adamw,1,continuous,tau_fixed,1.0,closed_form,True,0.03,1e-12,./souza_bayes_four_scenarios_modular_n/S3_tau_fixed_1_n1/souza_bayes_params_S3_tau_fixed_1_n1.csv
34,2,gelu,0.0,True,0.005257221446628705,0.010508591489638305,0.05308251306414604,0.007502420165874787,93,adamw,1,continuous,tau_fixed,1.0,closed_form,True,0.03,1e-12,./souza_bayes_four_scenarios_modular_n/S3_tau_fixed_1_n1/souza_bayes_params_S3_tau_fixed_1_n1.csv
30,5,mish,0.0,True,0.007065481601216152,0.0229199070442186,0.041343149915337565,0.0070956329591238985,160,adamw,1,continuous,tau_fixed,1.0,closed_form,True,0.03,1e-12,./souza_bayes_four_scenarios_modular_n/S3_tau_fixed_1_n1/souza_bayes_params_S3_tau_fixed_1_n1.csv
32,5,gelu,0.0,True,0.008383057439139259,0.008628428404377192,0.04002601131796837,0.005025087490890583,90,adamw,1,continuous,tau_fixed,1.0,closed_form,True,0.03,1e-12,./souza_bayes_four_scenarios_modular_n/S3_tau_fixed_1_n1/souza_bayes_params_S3_tau_fixed_1_n1.csv
55,4,leakyrelu,0.0,True,0.006559995649190249,0.00013415021824882188,0.04959850683808327,0.005363898091595644,109,adamw,1,continuous,tau_fixed,1.0,closed_form,True,0.03,1e-12,./souza_bayes_four_scenarios_modular_n/S3_tau_fixed_1_n1/souza_bayes_params_S3_tau_fixed_1_n1.csv
57,5,gelu,0.0,True,0.005579544495753961,0.013610095602501057,0.04384756237268448,0.0059282713138739855,61,adamw,1,continuous,tau_fixed,1.0,closed_form,True,0.03,1e-12,./souza_bayes_four_scenarios_modular_n/S3_tau_fixed_1_n1/souza_bayes_params_S3_tau_fixed_1_n1.csv
29,5,mish,0.0,True,0.00787103863267583,0.0017091877212435428,0.04310375340282917,0.010616615063810292,138,adamw,1,continuous,tau_fixed,1.0,closed_form,True,0.03,1e-12,./souza_bayes_four_scenarios_modular_n/S3_tau_fixed_1_n1/souza_bayes_params_S3_tau_fixed_1_n1.csv
51,5,gelu,0.0,True,0.004195451154383693,0.00012508115539403038,0.03684580996632576,0.0038483616240595343,109,adamw,1,continuous,tau_fixed,1.0,closed_form,True,0.03,1e-12,./souza_bayes_four_scenarios_modular_n/S3_tau_fixed_1_n1/souza_bayes_params_S3_tau_fixed_1_n1.csv
15,5,gelu,0.0,True,0.007052719502297709,0.0001265137777871856,0.041298602521419515,0.008896469350112044,209,adamw,1,continuous,tau_fixed,1.0,closed_form,True,0.03,1e-12,./souza_bayes_four_scenarios_modular_n/S3_tau_fixed_1_n1/souza_bayes_params_S3_tau_fixed_1_n1.csv
49,5,gelu,0.0,True,0.00627950935207176,0.00011720594701239129,0.03729116916656493,0.005119697668223515,75,adamw,1,continuous,tau_fixed,1.0,closed_form,True,0.03,1e-12,./souza_bayes_four_scenarios_modular_n/S3_tau_fixed_1_n1/souza_bayes_params_S3_tau_fixed_1_n1.csv
51,5,gelu,0.0,True,0.0039826013351813285,0.00011650980693305024,0.039745334535837167,0.006935518272302549,134,adamw,1,continuous,tau_fixed,1.0,closed_form,True,0.03,1e-12,./souza_bayes_four_scenarios_modular_n/S3_tau_fixed_1_n1/souza_bayes_params_S3_tau_fixed_1_n1.csv
49,5,gelu,0.1,True,0.005041405041831393,0.0001224594134173136,0.04388591274619103,0.004150757275665158,62,adamw,1,continuous,tau_fixed,1.0,closed_form,True,0.03,1e-12,./souza_bayes_four_scenarios_modular_n/S3_tau_fixed_1_n1/souza_bayes_params_S3_tau_fixed_1_n1.csv
50,4,gelu,0.0,True,0.003226606510264009,0.00011648340247072416,0.036862573027610784,0.003247576522337851,105,adamw,1,continuous,tau_fixed,1.0,closed_form,True,0.03,1e-12,./souza_bayes_four_scenarios_modular_n/S3_tau_fixed_1_n1/souza_bayes_params_S3_tau_fixed_1_n1.csv
53,4,gelu,0.0,True,0.003102573361714208,0.00011158796545004984,0.04002073034644127,0.00682716891196254,84,adamw,1,continuous,tau_fixed,1.0,closed_form,True,0.03,1e-12,./souza_bayes_four_scenarios_modular_n/S3_tau_fixed_1_n1/souza_bayes_params_S3_tau_fixed_1_n1.csv
51,4,gelu,0.0,True,0.00285261156190192,0.00010079963344293368,0.03777610547840595,0.005572017889813831,104,adamw,1,continuous,tau_fixed,1.0,closed_form,True,0.03,1e-12,./souza_bayes_four_scenarios_modular_n/S3_tau_fixed_1_n1/souza_bayes_params_S3_tau_fixed_1_n1.csv
50,4,gelu,0.0,True,0.002933332865213514,0.00010223743379747268,0.039992085099220274,0.006916913682012109,130,adamw,1,continuous,tau_fixed,1.0,closed_form,True,0.03,1e-12,./souza_bayes_four_scenarios_modular_n/S3_tau_fixed_1_n1/souza_bayes_params_S3_tau_fixed_1_n1.csv
50,4,gelu,0.0,True,0.0034805925138646342,0.00011398955305945722,0.04760707728564738,0.019638208912201527,149,adamw,1,continuous,tau_fixed,1.0,closed_form,True,0.03,1e-12,./souza_bayes_four_scenarios_modular_n/S3_tau_fixed_1_n1/souza_bayes_params_S3_tau_fixed_1_n1.csv
51,4,gelu,0.2,True,0.0023010955257320256,0.00014227999015973102,0.054625313729047775,0.014969715849610706,219,adamw,1,continuous,tau_fixed,1.0,closed_form,True,0.03,1e-12,./souza_bayes_four_scenarios_modular_n/S3_tau_fixed_1_n1/souza_bayes_params_S3_tau_fixed_1_n1.csv
48,4,gelu,0.0,True,0.0035467127141830257,0.00011868556048621796,0.03934610262513162,0.008161528856456412,54,adamw,1,continuous,tau_fixed,1.0,closed_form,True,0.03,1e-12,./souza_bayes_four_scenarios_modular_n/S3_tau_fixed_1_n1/souza_bayes_params_S3_tau_fixed_1_n1.csv
52,4,gelu,0.0,True,0.0025288799699912465,0.00011102415267062759,0.042439104616642,0.0112538313362446,86,adamw,1,continuous,tau_fixed,1.0,closed_form,True,0.03,1e-12,./souza_bayes_four_scenarios_modular_n/S3_tau_fixed_1_n1/souza_bayes_params_S3_tau_fixed_1_n1.csv
49,4,gelu,0.0,True,0.004249215488511226,0.00015233256291779672,0.04859050065279007,0.02169698809748604,82,adamw,1,continuous,tau_fixed,1.0,closed_form,True,0.03,1e-12,./souza_bayes_four_scenarios_modular_n/S3_tau_fixed_1_n1/souza_bayes_params_S3_tau_fixed_1_n1.csv
51,4,gelu,0.0,True,0.0028343493029648857,0.0001322992878899272,0.04648613333702088,0.017644096508428464,59,adamw,1,continuous,tau_fixed,1.0,closed_form,True,0.03,1e-12,./souza_bayes_four_scenarios_modular_n/S3_tau_fixed_1_n1/souza_bayes_params_S3_tau_fixed_1_n1.csv
53,4,gelu,0.0,True,0.0034007184978388128,0.00010072394928749897,0.036488936841487886,0.003298774127600005,88,adamw,1,continuous,tau_fixed,1.0,closed_form,True,0.03,1e-12,./souza_bayes_four_scenarios_modular_n/S3_tau_fixed_1_n1/souza_bayes_params_S3_tau_fixed_1_n1.csv
50,4,gelu,0.0,True,0.003015022066861849,0.00010330300476329913,0.03668532818555832,0.004966456574947914,121,adamw,1,continuous,tau_fixed,1.0,closed_form,True,0.03,1e-12,./souza_bayes_four_scenarios_modular_n/S3_tau_fixed_1_n1/souza_bayes_params_S3_tau_fixed_1_n1.csv
52,4,gelu,0.0,True,0.003316383130178016,0.00010010081112488405,0.040702492743730535,0.00568098692992624,117,adamw,1,continuous,tau_fixed,1.0,closed_form,True,0.03,1e-12,./souza_bayes_four_scenarios_modular_n/S3_tau_fixed_1_n1/souza_bayes_params_S3_tau_fixed_1_n1.csv
50,4,gelu,0.0,True,0.0033036418659082144,0.00010369099114812205,0.03985022455453872,0.005501330558510703,96,adamw,1,continuous,tau_fixed,1.0,closed_form,True,0.03,1e-12,./souza_bayes_four_scenarios_modular_n/S3_tau_fixed_1_n1/souza_bayes_params_S3_tau_fixed_1_n1.csv
53,4,gelu,0.0,True,0.003622117903665056,0.0001236663434361252,0.042492081969976433,0.011081147118155086,57,adamw,1,continuous,tau_fixed,1.0,closed_form,True,0.03,1e-12,./souza_bayes_four_scenarios_modular_n/S3_tau_fixed_1_n1/souza_bayes_params_S3_tau_fixed_1_n1.csv
51,4,gelu,0.0,True,0.002481473942263675,0.00014424763019958058,0.04699371978640556,0.018924254941690904,84,adamw,1,continuous,tau_fixed,1.0,closed_form,True,0.03,1e-12,./souza_bayes_four_scenarios_modular_n/S3_tau_fixed_1_n1/souza_bayes_params_S3_tau_fixed_1_n1.csv
49,4,gelu,0.0,True,0.002623800273178909,0.00010030965370868204,0.04231275245547295,0.005764326759551484,68,adamw,1,continuous,tau_fixed,1.0,closed_form,True,0.03,1e-12,./souza_bayes_four_scenarios_modular_n/S3_tau_fixed_1_n1/souza_bayes_params_S3_tau_fixed_1_n1.csv
48,4,gelu,0.0,True,0.002920891158564786,0.00012112984443976089,0.041934356465935706,0.01003180388257588,90,adamw,1,continuous,tau_fixed,1.0,closed_form,True,0.03,1e-12,./souza_bayes_four_scenarios_modular_n/S3_tau_fixed_1_n1/souza_bayes_params_S3_tau_fixed_1_n1.csv
50,4,gelu,0.0,True,0.0028154284654545504,0.00016321244825635815,0.050019388645887376,0.0244964547409962,167,adamw,1,continuous,tau_fixed,1.0,closed_form,True,0.03,1e-12,./souza_bayes_four_scenarios_modular_n/S3_tau_fixed_1_n1/souza_bayes_params_S3_tau_fixed_1_n1.csv
53,4,gelu,0.0,True,0.003699718357572008,0.00010060905869747536,0.04717823714017868,0.02066701827280674,43,adamw,1,continuous,tau_fixed,1.0,closed_form,True,0.03,1e-12,./souza_bayes_four_scenarios_modular_n/S3_tau_fixed_1_n1/souza_bayes_params_S3_tau_fixed_1_n1.csv
52,4,mish,0.0,True,0.0029131026451095767,0.00013346533034178738,0.04093937464058399,0.010043862347053385,102,adamw,1,continuous,tau_fixed,1.0,closed_form,True,0.03,1e-12,./souza_bayes_four_scenarios_modular_n/S3_tau_fixed_1_n1/souza_bayes_params_S3_tau_fixed_1_n1.csv
49,4,gelu,0.0,True,0.004127045160104843,0.00014689014645484684,0.04206433258950711,0.007768610124713462,180,adamw,1,continuous,tau_fixed,1.0,closed_form,True,0.03,1e-12,./souza_bayes_four_scenarios_modular_n/S3_tau_fixed_1_n1/souza_bayes_params_S3_tau_fixed_1_n1.csv
51,4,gelu,0.1,True,0.003762373915341835,0.0001229056815883083,0.04662978127598762,0.006178187725554668,114,adamw,1,continuous,tau_fixed,1.0,closed_form,True,0.03,1e-12,./souza_bayes_four_scenarios_modular_n/S3_tau_fixed_1_n1/souza_bayes_params_S3_tau_fixed_1_n1.csv
52,4,leakyrelu,0.0,True,0.003090809843953861,0.0001676539030045922,0.046325262635946274,0.00933005666440168,147,adamw,1,continuous,tau_fixed,1.0,closed_form,True,0.03,1e-12,./souza_bayes_four_scenarios_modular_n/S3_tau_fixed_1_n1/souza_bayes_params_S3_tau_fixed_1_n1.csv
50,4,gelu,0.0,True,0.003393865245588222,0.00011904027658455688,0.03888029381632805,0.0021628016937512025,146,adamw,1,continuous,tau_fixed,1.0,closed_form,True,0.03,1e-12,./souza_bayes_four_scenarios_modular_n/S3_tau_fixed_1_n1/souza_bayes_params_S3_tau_fixed_1_n1.csv
47,4,mish,0.0,True,0.0031519294700673144,0.000173702860618676,0.045992626994848254,0.020084367580525758,182,adamw,1,continuous,tau_fixed,1.0,closed_form,True,0.03,1e-12,./souza_bayes_four_scenarios_modular_n/S3_tau_fixed_1_n1/souza_bayes_params_S3_tau_fixed_1_n1.csv
50,4,gelu,0.0,True,0.002323665506347528,0.0001428794832895054,0.04758977219462394,0.01946560660529091,118,adamw,1,continuous,tau_fixed,1.0,closed_form,True,0.03,1e-12,./souza_bayes_four_scenarios_modular_n/S3_tau_fixed_1_n1/souza_bayes_params_S3_tau_fixed_1_n1.csv
54,4,gelu,0.2,True,0.00267564157570695,0.00012060047763917726,0.051017751544713975,0.0068510089408583726,153,adamw,1,continuous,tau_fixed,1.0,closed_form,True,0.03,1e-12,./souza_bayes_four_scenarios_modular_n/S3_tau_fixed_1_n1/souza_bayes_params_S3_tau_fixed_1_n1.csv
51,4,gelu,0.0,True,0.003033007124397202,0.00010079253254294104,0.04088770113885402,0.00844966148267492,187,adamw,1,continuous,tau_fixed,1.0,closed_form,True,0.03,1e-12,./souza_bayes_four_scenarios_modular_n/S3_tau_fixed_1_n1/souza_bayes_params_S3_tau_fixed_1_n1.csv
54,4,gelu,0.0,True,0.0034182026422114944,0.0001519828646590993,0.039073868095874785,0.004328271205413344,91,adamw,1,continuous,tau_fixed,1.0,closed_form,True,0.03,1e-12,./souza_bayes_four_scenarios_modular_n/S3_tau_fixed_1_n1/souza_bayes_params_S3_tau_fixed_1_n1.csv
52,4,gelu,0.0,True,0.0030772678171219064,0.00018651139204195306,0.03882702253758906,0.0073043645879960345,87,adamw,1,continuous,tau_fixed,1.0,closed_form,True,0.03,1e-12,./souza_bayes_four_scenarios_modular_n/S3_tau_fixed_1_n1/souza_bayes_params_S3_tau_fixed_1_n1.csv
53,4,mish,0.0,True,0.0028593491727026184,0.00012761628753322037,0.04380355998873711,0.012294148757138931,156,adamw,1,continuous,tau_fixed,1.0,closed_form,True,0.03,1e-12,./souza_bayes_four_scenarios_modular_n/S3_tau_fixed_1_n1/souza_bayes_params_S3_tau_fixed_1_n1.csv
51,4,mish,0.0,True,0.003340416149189049,0.0001555062363713188,0.048435373976826665,0.019898182575589292,109,adamw,1,continuous,tau_fixed,1.0,closed_form,True,0.03,1e-12,./souza_bayes_four_scenarios_modular_n/S3_tau_fixed_1_n1/souza_bayes_params_S3_tau_fixed_1_n1.csv
49,4,gelu,0.0,True,0.002742922865547832,0.00011918524856326352,0.046993613243103034,0.017808116774620998,176,adamw,1,continuous,tau_fixed,1.0,closed_form,True,0.03,1e-12,./souza_bayes_four_scenarios_modular_n/S3_tau_fixed_1_n1/souza_bayes_params_S3_tau_fixed_1_n1.csv
48,4,gelu,0.0,True,0.002462865538167024,0.00010198559209588913,0.0423861376941204,0.009115553482307541,174,adamw,1,continuous,tau_fixed,1.0,closed_form,True,0.03,1e-12,./souza_bayes_four_scenarios_modular_n/S3_tau_fixed_1_n1/souza_bayes_params_S3_tau_fixed_1_n1.csv
55,4,leakyrelu,0.0,True,0.00443199156630849,0.00013849918629125766,0.04690820723772049,0.012005098057314458,103,adamw,1,continuous,tau_fixed,1.0,closed_form,True,0.03,1e-12,./souza_bayes_four_scenarios_modular_n/S3_tau_fixed_1_n1/souza_bayes_params_S3_tau_fixed_1_n1.csv
52,4,gelu,0.0,True,0.0031889105440839624,0.00018543747852399167,0.04051710814237595,0.007879064017488217,126,adamw,1,continuous,tau_fixed,1.0,closed_form,True,0.03,1e-12,./souza_bayes_four_scenarios_modular_n/S3_tau_fixed_1_n1/souza_bayes_params_S3_tau_fixed_1_n1.csv
50,2,mish,0.0,True,0.009705042861683263,0.00012495992599793968,0.047294975817203516,0.0072807116577078,155,adamw,1,continuous,tau_fixed,1.0,closed_form,True,0.03,1e-12,./souza_bayes_four_scenarios_modular_n/S3_tau_fixed_1_n1/souza_bayes_params_S3_tau_fixed_1_n1.csv
51,4,gelu,0.0,True,0.003874309703546892,0.00010103601265534582,0.0410124983638525,0.007971489214731297,61,adamw,1,continuous,tau_fixed,1.0,closed_form,True,0.03,1e-12,./souza_bayes_four_scenarios_modular_n/S3_tau_fixed_1_n1/souza_bayes_params_S3_tau_fixed_1_n1.csv
47,4,gelu,0.0,True,0.0031879489459159163,0.00015949604453495604,0.04166144095361233,0.009194660133493168,122,adamw,1,continuous,tau_fixed,1.0,closed_form,True,0.03,1e-12,./souza_bayes_four_scenarios_modular_n/S3_tau_fixed_1_n1/souza_bayes_params_S3_tau_fixed_1_n1.csv
53,4,gelu,0.0,True,0.003463902661310943,0.0005652818727643258,0.038764838129282005,0.006430244404990672,145,adamw,1,continuous,tau_fixed,1.0,closed_form,True,0.03,1e-12,./souza_bayes_four_scenarios_modular_n/S3_tau_fixed_1_n1/souza_bayes_params_S3_tau_fixed_1_n1.csv
54,4,swish,0.0,True,0.0029469793490651194,0.0001410447263456485,0.04640396125614643,0.021358718771594964,147,adamw,1,continuous,tau_fixed,1.0,closed_form,True,0.03,1e-12,./souza_bayes_four_scenarios_modular_n/S3_tau_fixed_1_n1/souza_bayes_params_S3_tau_fixed_1_n1.csv
50,4,mish,0.0,True,0.008780201377930768,0.0001861950852698005,0.04124766141176224,0.009283923625952987,152,adamw,1,continuous,tau_fixed,1.0,closed_form,True,0.03,1e-12,./souza_bayes_four_scenarios_modular_n/S3_tau_fixed_1_n1/souza_bayes_params_S3_tau_fixed_1_n1.csv
49,2,swish,0.0,True,0.004292370588475239,0.00012437254212143879,0.05223746150732042,0.011320593771653002,143,adamw,1,continuous,tau_fixed,1.0,closed_form,True,0.03,1e-12,./souza_bayes_four_scenarios_modular_n/S3_tau_fixed_1_n1/souza_bayes_params_S3_tau_fixed_1_n1.csv
52,5,gelu,0.0,True,0.003758045993150775,0.00015966862944781146,0.038842852041125295,0.006509540396843648,130,adamw,1,continuous,tau_fixed,1.0,closed_form,True,0.03,1e-12,./souza_bayes_four_scenarios_modular_n/S3_tau_fixed_1_n1/souza_bayes_params_S3_tau_fixed_1_n1.csv
53,5,swish,0.1,True,0.0019141557687765765,0.00010002805544744449,0.05202634632587433,0.017284407933879455,171,adamw,1,continuous,tau_fixed,1.0,closed_form,True,0.03,1e-12,./souza_bayes_four_scenarios_modular_n/S3_tau_fixed_1_n1/souza_bayes_params_S3_tau_fixed_1_n1.csv
18,4,swish,0.0,True,0.007455466343830383,0.00012271162209612658,0.04070359319448471,0.0066872703549699574,121,adamw,1,continuous,tau_fixed,1.0,closed_form,True,0.03,1e-12,./souza_bayes_four_scenarios_modular_n/S3_tau_fixed_1_n1/souza_bayes_params_S3_tau_fixed_1_n1.csv
51,5,gelu,0.0,True,0.009484988488069815,0.000401346920300805,0.04209270179271698,0.00830851366712872,93,adamw,1,continuous,tau_fixed,1.0,closed_form,True,0.03,1e-12,./souza_bayes_four_scenarios_modular_n/S3_tau_fixed_1_n1/souza_bayes_params_S3_tau_fixed_1_n1.csv
27,5,swish,0.0,True,0.030857060504348,0.0001899750446279196,0.042202578485012056,0.008603255273634237,130,adamw,1,continuous,tau_fixed,1.0,closed_form,True,0.03,1e-12,./souza_bayes_four_scenarios_modular_n/S3_tau_fixed_1_n1/souza_bayes_params_S3_tau_fixed_1_n1.csv
49,5,leakyrelu,0.2,True,0.0025940555496622893,0.0001422939688392465,0.05968797281384468,0.020280267037958027,160,adamw,1,continuous,tau_fixed,1.0,closed_form,True,0.03,1e-12,./souza_bayes_four_scenarios_modular_n/S3_tau_fixed_1_n1/souza_bayes_params_S3_tau_fixed_1_n1.csv
56,4,gelu,0.0,True,0.0031751080523316905,0.00012177075603496705,0.041969023272395135,0.00671385136481521,72,adamw,1,continuous,tau_fixed,1.0,closed_form,True,0.03,1e-12,./souza_bayes_four_scenarios_modular_n/S3_tau_fixed_1_n1/souza_bayes_params_S3_tau_fixed_1_n1.csv
48,5,swish,0.0,True,0.002781179208776113,0.03994828623273114,0.046306048333644864,0.017326640402786156,166,adamw,1,continuous,tau_fixed,1.0,closed_form,True,0.03,1e-12,./souza_bayes_four_scenarios_modular_n/S3_tau_fixed_1_n1/souza_bayes_params_S3_tau_fixed_1_n1.csv
55,5,mish,0.0,True,0.008204323940570031,0.02897479733391308,0.04750232920050621,0.01786841687346872,98,adamw,1,continuous,tau_fixed,1.0,closed_form,True,0.03,1e-12,./souza_bayes_four_scenarios_modular_n/S3_tau_fixed_1_n1/souza_bayes_params_S3_tau_fixed_1_n1.csv
28,5,swish,0.0,True,0.00724699413427767,0.00010066053551839652,0.04314250759780407,0.015101201972367985,114,adamw,1,continuous,tau_fixed,1.0,closed_form,True,0.03,1e-12,./souza_bayes_four_scenarios_modular_n/S3_tau_fixed_1_n1/souza_bayes_params_S3_tau_fixed_1_n1.csv
27,4,gelu,0.0,True,0.008977153231614217,0.0001678282270041219,0.03702694699168205,0.005723839319259669,87,adamw,1,continuous,tau_fixed,1.0,closed_form,True,0.03,1e-12,./souza_bayes_four_scenarios_modular_n/S3_tau_fixed_1_n1/souza_bayes_params_S3_tau_fixed_1_n1.csv
28,4,gelu,0.0,True,0.009724176375266557,0.00021564022933926385,0.04137467667460441,0.006642667344588814,106,adamw,1,continuous,tau_fixed,1.0,closed_form,True,0.03,1e-12,./souza_bayes_four_scenarios_modular_n/S3_tau_fixed_1_n1/souza_bayes_params_S3_tau_fixed_1_n1.csv
27,4,gelu,0.0,True,0.008920220852004073,0.00016616205924597613,0.03896305896341802,0.007303477773289972,74,adamw,1,continuous,tau_fixed,1.0,closed_form,True,0.03,1e-12,./souza_bayes_four_scenarios_modular_n/S3_tau_fixed_1_n1/souza_bayes_params_S3_tau_fixed_1_n1.csv
52,4,gelu,0.0,True,0.009212427596208569,0.00016959326426463684,0.04013549983501434,0.00767088371976671,50,adamw,1,continuous,tau_fixed,1.0,closed_form,True,0.03,1e-12,./souza_bayes_four_scenarios_modular_n/S3_tau_fixed_1_n1/souza_bayes_params_S3_tau_fixed_1_n1.csv
50,4,gelu,0.0,True,0.008333502953044369,0.0002055713643316336,0.040622437745332717,0.006114970618546267,65,adamw,1,continuous,tau_fixed,1.0,closed_form,True,0.03,1e-12,./souza_bayes_four_scenarios_modular_n/S3_tau_fixed_1_n1/souza_bayes_params_S3_tau_fixed_1_n1.csv
27,4,gelu,0.0,True,0.008799970874439277,0.00014941192388761809,0.04053284302353859,0.0070621391651431815,102,adamw,1,continuous,tau_fixed,1.0,closed_form,True,0.03,1e-12,./souza_bayes_four_scenarios_modular_n/S3_tau_fixed_1_n1/souza_bayes_params_S3_tau_fixed_1_n1.csv
47,4,gelu,0.0,True,0.007895707254090698,0.00012063568451809761,0.0437359906733036,0.008854598431940686,81,adamw,1,continuous,tau_fixed,1.0,closed_form,True,0.03,1e-12,./souza_bayes_four_scenarios_modular_n/S3_tau_fixed_1_n1/souza_bayes_params_S3_tau_fixed_1_n1.csv
53,4,gelu,0.0,True,0.009944273243606704,0.0001397857356166368,0.04444030970335007,0.010827505450440174,71,adamw,1,continuous,tau_fixed,1.0,closed_form,True,0.03,1e-12,./souza_bayes_four_scenarios_modular_n/S3_tau_fixed_1_n1/souza_bayes_params_S3_tau_fixed_1_n1.csv
60,4,gelu,0.0,True,0.008382185865768034,0.022993123332113664,0.041102039813995364,0.00306751074582579,61,adamw,1,continuous,tau_fixed,1.0,closed_form,True,0.03,1e-12,./souza_bayes_four_scenarios_modular_n/S3_tau_fixed_1_n1/souza_bayes_params_S3_tau_fixed_1_n1.csv
51,4,gelu,0.0,True,0.003645567793384559,0.00017957885695603918,0.050608274340629575,0.02899278217813484,78,adamw,1,continuous,tau_fixed,1.0,closed_form,True,0.03,1e-12,./souza_bayes_four_scenarios_modular_n/S3_tau_fixed_1_n1/souza_bayes_params_S3_tau_fixed_1_n1.csv
54,4,swish,0.0,True,0.009362425544355443,0.00012119744883151556,0.04509642980992794,0.02564843945416233,66,adamw,1,continuous,tau_fixed,1.0,closed_form,True,0.03,1e-12,./souza_bayes_four_scenarios_modular_n/S3_tau_fixed_1_n1/souza_bayes_params_S3_tau_fixed_1_n1.csv
16,4,swish,0.0,True,0.007520262446648255,0.018647473095067976,0.04245727583765983,0.014384322307818284,165,adamw,1,continuous,tau_fixed,1.0,closed_form,True,0.03,1e-12,./souza_bayes_four_scenarios_modular_n/S3_tau_fixed_1_n1/souza_bayes_params_S3_tau_fixed_1_n1.csv
27,2,gelu,0.1,True,0.00329674584464077,0.0002138459995518609,0.058837960660457614,0.017227114909808938,177,adamw,1,continuous,tau_fixed,1.0,closed_form,True,0.03,1e-12,./souza_bayes_four_scenarios_modular_n/S3_tau_fixed_1_n1/souza_bayes_params_S3_tau_fixed_1_n1.csv
46,4,swish,0.0,True,0.025858148984506862,0.00014554017860361618,0.03758170045912266,0.005080554512588083,131,adamw,1,continuous,tau_fixed,1.0,closed_form,True,0.03,1e-12,./souza_bayes_four_scenarios_modular_n/S3_tau_fixed_1_n1/souza_bayes_params_S3_tau_fixed_1_n1.csv
46,4,swish,0.0,True,0.02477529927813793,0.00015721332627423966,0.041752862930297854,0.006723107975116101,137,adamw,1,continuous,tau_fixed,1.0,closed_form,True,0.03,1e-12,./souza_bayes_four_scenarios_modular_n/S3_tau_fixed_1_n1/souza_bayes_params_S3_tau_fixed_1_n1.csv
49,4,swish,0.0,True,0.0030211459041705442,0.0001449465774456326,0.04702597782015802,0.023388494990642075,113,adamw,1,continuous,tau_fixed,1.0,closed_form,True,0.03,1e-12,./souza_bayes_four_scenarios_modular_n/S3_tau_fixed_1_n1/souza_bayes_params_S3_tau_fixed_1_n1.csv
47,4,swish,0.0,True,0.044659009934852514,0.00011863794253867388,0.06942808404564857,0.023057836437235472,57,adamw,1,continuous,tau_fixed,1.0,closed_form,True,0.03,1e-12,./souza_bayes_four_scenarios_modular_n/S3_tau_fixed_1_n1/souza_bayes_params_S3_tau_fixed_1_n1.csv
48,4,swish,0.0,True,0.009899124569414629,0.00018333999651149341,0.04556216858327389,0.022621039515339458,71,adamw,1,continuous,tau_fixed,1.0,closed_form,True,0.03,1e-12,./souza_bayes_four_scenarios_modular_n/S3_tau_fixed_1_n1/souza_bayes_params_S3_tau_fixed_1_n1.csv
48,4,swish,0.2,True,0.023319288554214872,0.00011672372796632527,0.051671411097049716,0.0183033785618388,92,adamw,1,continuous,tau_fixed,1.0,closed_form,True,0.03,1e-12,./souza_bayes_four_scenarios_modular_n/S3_tau_fixed_1_n1/souza_bayes_params_S3_tau_fixed_1_n1.csv
41,4,swish,0.0,True,0.03042635610913207,0.00015032565358869131,0.04454166740179062,0.005816519665649617,128,adamw,1,continuous,tau_fixed,1.0,closed_form,True,0.03,1e-12,./souza_bayes_four_scenarios_modular_n/S3_tau_fixed_1_n1/souza_bayes_params_S3_tau_fixed_1_n1.csv
46,4,swish,0.0,True,0.002136072011077213,0.00013866025002696585,0.047745807468891135,0.01813885647317545,110,adamw,1,continuous,tau_fixed,1.0,closed_form,True,0.03,1e-12,./souza_bayes_four_scenarios_modular_n/S3_tau_fixed_1_n1/souza_bayes_params_S3_tau_fixed_1_n1.csv
44,4,swish,0.0,True,0.008862085125218952,0.00020279371766954109,0.03838902749121189,0.005393696949372452,129,adamw,1,continuous,tau_fixed,1.0,closed_form,True,0.03,1e-12,./souza_bayes_four_scenarios_modular_n/S3_tau_fixed_1_n1/souza_bayes_params_S3_tau_fixed_1_n1.csv
50,4,swish,0.0,True,0.008057871156268916,0.00010060012081243408,0.04515035822987557,0.017824245399315153,179,adamw,1,continuous,tau_fixed,1.0,closed_form,True,0.03,1e-12,./souza_bayes_four_scenarios_modular_n/S3_tau_fixed_1_n1/souza_bayes_params_S3_tau_fixed_1_n1.csv
51,4,swish,0.0,True,0.03746307107722359,0.00016194872839612426,0.06019550040364265,0.017875350476495345,47,adamw,1,continuous,tau_fixed,1.0,closed_form,True,0.03,1e-12,./souza_bayes_four_scenarios_modular_n/S3_tau_fixed_1_n1/souza_bayes_params_S3_tau_fixed_1_n1.csv
45,4,swish,0.0,True,0.0183559620887548,0.00013215329650645552,0.04091667085886001,0.009001462280814453,119,adamw,1,continuous,tau_fixed,1.0,closed_form,True,0.03,1e-12,./souza_bayes_four_scenarios_modular_n/S3_tau_fixed_1_n1/souza_bayes_params_S3_tau_fixed_1_n1.csv
28,4,swish,0.0,True,0.02556021634038682,0.00011465045187205572,0.04039426073431969,0.005957712981717224,94,adamw,1,continuous,tau_fixed,1.0,closed_form,True,0.03,1e-12,./souza_bayes_four_scenarios_modular_n/S3_tau_fixed_1_n1/souza_bayes_params_S3_tau_fixed_1_n1.csv
26,4,swish,0.0,True,0.0024772093192070173,0.00018051153862938427,0.048495107889175416,0.017098544972631212,199,adamw,1,continuous,tau_fixed,1.0,closed_form,True,0.03,1e-12,./souza_bayes_four_scenarios_modular_n/S3_tau_fixed_1_n1/souza_bayes_params_S3_tau_fixed_1_n1.csv
49,4,swish,0.0,True,0.0028078517296703962,0.00013540296701412398,0.039723682776093484,0.008095204562721931,127,adamw,1,continuous,tau_fixed,1.0,closed_form,True,0.03,1e-12,./souza_bayes_four_scenarios_modular_n/S3_tau_fixed_1_n1/souza_bayes_params_S3_tau_fixed_1_n1.csv
52,3,swish,0.0,True,0.01950322721536255,0.00024290904293432577,0.043139664083719255,0.00947401853935991,51,adamw,1,continuous,tau_fixed,1.0,closed_form,True,0.03,1e-12,./souza_bayes_four_scenarios_modular_n/S3_tau_fixed_1_n1/souza_bayes_params_S3_tau_fixed_1_n1.csv
19,5,swish,0.0,True,0.03324585176945104,0.0001013330618411686,0.04296708256006241,0.007000408028176246,140,adamw,1,continuous,tau_fixed,1.0,closed_form,True,0.03,1e-12,./souza_bayes_four_scenarios_modular_n/S3_tau_fixed_1_n1/souza_bayes_params_S3_tau_fixed_1_n1.csv
50,5,swish,0.0,True,0.01005328222155761,0.00016855997852345607,0.04591179266571999,0.01790251331871787,71,adamw,1,continuous,tau_fixed,1.0,closed_form,True,0.03,1e-12,./souza_bayes_four_scenarios_modular_n/S3_tau_fixed_1_n1/souza_bayes_params_S3_tau_fixed_1_n1.csv
52,4,leakyrelu,0.0,True,0.021439796424001668,0.00021681942667981955,0.05044916570186615,0.012616106168446922,48,adamw,1,continuous,tau_fixed,1.0,closed_form,True,0.03,1e-12,./souza_bayes_four_scenarios_modular_n/S3_tau_fixed_1_n1/souza_bayes_params_S3_tau_fixed_1_n1.csv
54,5,swish,0.0,True,0.008456668252769334,0.00028858943296441395,0.03852461352944374,0.007762138917628619,136,adamw,1,continuous,tau_fixed,1.0,closed_form,True,0.03,1e-12,./souza_bayes_four_scenarios_modular_n/S3_tau_fixed_1_n1/souza_bayes_params_S3_tau_fixed_1_n1.csv
28,2,swish,0.0,True,0.039622236856287504,0.00011665513516843203,0.05055002570152282,0.01333439435407406,64,adamw,1,continuous,tau_fixed,1.0,closed_form,True,0.03,1e-12,./souza_bayes_four_scenarios_modular_n/S3_tau_fixed_1_n1/souza_bayes_params_S3_tau_fixed_1_n1.csv
26,5,swish,0.0,True,0.02857366317636113,0.24249386820895186,0.04272460602223873,0.006720518350413772,107,adamw,1,continuous,tau_fixed,1.0,closed_form,True,0.03,1e-12,./souza_bayes_four_scenarios_modular_n/S3_tau_fixed_1_n1/souza_bayes_params_S3_tau_fixed_1_n1.csv
51,5,swish,0.0,True,0.009180772564532605,0.00046550889509485495,0.03839667737483978,0.006648113603005964,71,adamw,1,continuous,tau_fixed,1.0,closed_form,True,0.03,1e-12,./souza_bayes_four_scenarios_modular_n/S3_tau_fixed_1_n1/souza_bayes_params_S3_tau_fixed_1_n1.csv
55,4,swish,0.0,True,0.0035158448857847964,0.00014495627001491514,0.04064405672252178,0.009450618752252416,129,adamw,1,continuous,tau_fixed,1.0,closed_form,True,0.03,1e-12,./souza_bayes_four_scenarios_modular_n/S3_tau_fixed_1_n1/souza_bayes_params_S3_tau_fixed_1_n1.csv
27,5,swish,0.0,True,0.007434314109081189,0.0001881114546363493,0.03764066025614739,0.007366692046468008,103,adamw,1,continuous,tau_fixed,1.0,closed_form,True,0.03,1e-12,./souza_bayes_four_scenarios_modular_n/S3_tau_fixed_1_n1/souza_bayes_params_S3_tau_fixed_1_n1.csv
27,5,swish,0.1,True,0.004556076091842753,0.00021812803200554274,0.04610310941934585,0.015240188716434603,287,adamw,1,continuous,tau_fixed,1.0,closed_form,True,0.03,1e-12,./souza_bayes_four_scenarios_modular_n/S3_tau_fixed_1_n1/souza_bayes_params_S3_tau_fixed_1_n1.csv
25,4,swish,0.0,True,0.007395381037341373,0.00019752158184582842,0.03889065459370613,0.005563870749837418,163,adamw,1,continuous,tau_fixed,1.0,closed_form,True,0.03,1e-12,./souza_bayes_four_scenarios_modular_n/S3_tau_fixed_1_n1/souza_bayes_params_S3_tau_fixed_1_n1.csv
64,5,swish,0.2,True,0.003920600969905786,0.0003205990213660324,0.0415102556347847,0.0052786361902285965,152,adamw,1,continuous,tau_fixed,1.0,closed_form,True,0.03,1e-12,./souza_bayes_four_scenarios_modular_n/S3_tau_fixed_1_n1/souza_bayes_params_S3_tau_fixed_1_n1.csv
45,5,swish,0.0,True,0.045586932189825485,0.08630209581846812,0.05454747900366783,0.003853896268824801,144,adamw,1,continuous,tau_fixed,1.0,closed_form,True,0.03,1e-12,./souza_bayes_four_scenarios_modular_n/S3_tau_fixed_1_n1/souza_bayes_params_S3_tau_fixed_1_n1.csv
49,4,gelu,0.0,True,0.008097175787336687,0.00017781037748287195,0.04104747101664543,0.007310331051135145,99,adamw,1,continuous,tau_fixed,1.0,closed_form,True,0.03,1e-12,./souza_bayes_four_scenarios_modular_n/S3_tau_fixed_1_n1/souza_bayes_params_S3_tau_fixed_1_n1.csv
26,5,swish,0.0,True,0.0030835618335616393,0.0002510345363206527,0.038282735273242,0.008713613688951724,145,adamw,1,continuous,tau_fixed,1.0,closed_form,True,0.03,1e-12,./souza_bayes_four_scenarios_modular_n/S3_tau_fixed_1_n1/souza_bayes_params_S3_tau_fixed_1_n1.csv
27,5,swish,0.0,True,0.010344729085851635,0.0001687006109195751,0.045658772438764574,0.018190669741936474,44,adamw,1,continuous,tau_fixed,1.0,closed_form,True,0.03,1e-12,./souza_bayes_four_scenarios_modular_n/S3_tau_fixed_1_n1/souza_bayes_params_S3_tau_fixed_1_n1.csv
52,5,gelu,0.0,True,0.00740635307282976,0.00021422688634388368,0.03554796725511551,0.00374077138161062,95,adamw,1,continuous,tau_fixed,1.0,closed_form,True,0.03,1e-12,./souza_bayes_four_scenarios_modular_n/S3_tau_fixed_1_n1/souza_bayes_params_S3_tau_fixed_1_n1.csv
51,4,gelu,0.0,True,0.04942284981205541,0.00020547352320223202,0.10312012881040572,0.022117451451261854,37,adamw,1,continuous,tau_fixed,1.0,closed_form,True,0.03,1e-12,./souza_bayes_four_scenarios_modular_n/S3_tau_fixed_1_n1/souza_bayes_params_S3_tau_fixed_1_n1.csv
50,5,gelu,0.0,True,0.007497053749641465,0.0001713950610247302,0.04166716784238815,0.0042429719038144,53,adamw,1,continuous,tau_fixed,1.0,closed_form,True,0.03,1e-12,./souza_bayes_four_scenarios_modular_n/S3_tau_fixed_1_n1/souza_bayes_params_S3_tau_fixed_1_n1.csv
52,5,gelu,0.0,True,0.006343186702142571,0.00014422639061856534,0.03867915868759155,0.0057682621656488745,73,adamw,1,continuous,tau_fixed,1.0,closed_form,True,0.03,1e-12,./souza_bayes_four_scenarios_modular_n/S3_tau_fixed_1_n1/souza_bayes_params_S3_tau_fixed_1_n1.csv
48,4,gelu,0.0,True,0.0071176579037613985,0.057947966604225576,0.04009830616414547,0.00647233400696784,71,adamw,1,continuous,tau_fixed,1.0,closed_form,True,0.03,1e-12,./souza_bayes_four_scenarios_modular_n/S3_tau_fixed_1_n1/souza_bayes_params_S3_tau_fixed_1_n1.csv
29,5,gelu,0.0,True,0.0075994140830104185,0.0002216419907473948,0.04110594280064106,0.0067542348692022,85,adamw,1,continuous,tau_fixed,1.0,closed_form,True,0.03,1e-12,./souza_bayes_four_scenarios_modular_n/S3_tau_fixed_1_n1/souza_bayes_params_S3_tau_fixed_1_n1.csv
28,5,gelu,0.0,True,0.008294700205974384,0.02684080236727872,0.0396312989294529,0.003878898020482555,68,adamw,1,continuous,tau_fixed,1.0,closed_form,True,0.03,1e-12,./souza_bayes_four_scenarios_modular_n/S3_tau_fixed_1_n1/souza_bayes_params_S3_tau_fixed_1_n1.csv
20,4,gelu,0.0,True,0.006989924458010454,0.00014809293253935916,0.05033373832702637,0.020142655896054986,154,adamw,1,continuous,tau_fixed,1.0,closed_form,True,0.03,1e-12,./souza_bayes_four_scenarios_modular_n/S3_tau_fixed_1_n1/souza_bayes_params_S3_tau_fixed_1_n1.csv
50,5,gelu,0.0,True,0.006271473069463077,0.00018794950806070521,0.042295392602682114,0.005514941532066968,42,adamw,1,continuous,tau_fixed,1.0,closed_form,True,0.03,1e-12,./souza_bayes_four_scenarios_modular_n/S3_tau_fixed_1_n1/souza_bayes_params_S3_tau_fixed_1_n1.csv
25,3,gelu,0.0,True,0.004192095819145715,0.0001336549850112092,0.04295903444290161,0.007037782999461445,151,adamw,1,continuous,tau_fixed,1.0,closed_form,True,0.03,1e-12,./souza_bayes_four_scenarios_modular_n/S3_tau_fixed_1_n1/souza_bayes_params_S3_tau_fixed_1_n1.csv
43,5,gelu,0.0,True,0.007792510181396144,0.00016449515811992857,0.03944080471992493,0.0056165351981554605,115,adamw,1,continuous,tau_fixed,1.0,closed_form,True,0.03,1e-12,./souza_bayes_four_scenarios_modular_n/S3_tau_fixed_1_n1/souza_bayes_params_S3_tau_fixed_1_n1.csv
53,4,gelu,0.0,True,0.008897374504531,0.00011996809256190438,0.03802052065730095,0.0041307564614048685,122,adamw,1,continuous,tau_fixed,1.0,closed_form,True,0.03,1e-12,./souza_bayes_four_scenarios_modular_n/S3_tau_fixed_1_n1/souza_bayes_params_S3_tau_fixed_1_n1.csv
13,5,leakyrelu,0.0,True,0.002705703268370465,0.00022255912899517982,0.06341434493660927,0.014909362569615463,161,adamw,1,continuous,tau_fixed,1.0,closed_form,True,0.03,1e-12,./souza_bayes_four_scenarios_modular_n/S3_tau_fixed_1_n1/souza_bayes_params_S3_tau_fixed_1_n1.csv
41,5,gelu,0.1,True,0.006581716714689847,0.00013753142075430537,0.04578653052449226,0.01095975959195978,135,adamw,1,continuous,tau_fixed,1.0,closed_form,True,0.03,1e-12,./souza_bayes_four_scenarios_modular_n/S3_tau_fixed_1_n1/souza_bayes_params_S3_tau_fixed_1_n1.csv
27,4,gelu,0.0,True,0.007196543368940803,0.00010097627045069044,0.03724617809057236,0.0025593011968373363,78,adamw,1,continuous,tau_fixed,1.0,closed_form,True,0.03,1e-12,./souza_bayes_four_scenarios_modular_n/S3_tau_fixed_1_n1/souza_bayes_params_S3_tau_fixed_1_n1.csv
27,4,gelu,0.0,True,0.007234684361911539,0.0001180478051088743,0.03867290802299976,0.006384372046758873,99,adamw,1,continuous,tau_fixed,1.0,closed_form,True,0.03,1e-12,./souza_bayes_four_scenarios_modular_n/S3_tau_fixed_1_n1/souza_bayes_params_S3_tau_fixed_1_n1.csv
27,4,gelu,0.0,True,0.006706676941786457,0.0001039309535085125,0.042496678233146665,0.0036417934325620256,137,adamw,1,continuous,tau_fixed,1.0,closed_form,True,0.03,1e-12,./souza_bayes_four_scenarios_modular_n/S3_tau_fixed_1_n1/souza_bayes_params_S3_tau_fixed_1_n1.csv
26,4,gelu,0.0,True,0.006113357082006606,0.00012291148739297718,0.041450758650898936,0.0070577210737354954,129,adamw,1,continuous,tau_fixed,1.0,closed_form,True,0.03,1e-12,./souza_bayes_four_scenarios_modular_n/S3_tau_fixed_1_n1/souza_bayes_params_S3_tau_fixed_1_n1.csv
25,4,gelu,0.0,True,0.007770481875590084,0.00016121493136873655,0.03980390056967735,0.0060137843180113285,93,adamw,1,continuous,tau_fixed,1.0,closed_form,True,0.03,1e-12,./souza_bayes_four_scenarios_modular_n/S3_tau_fixed_1_n1/souza_bayes_params_S3_tau_fixed_1_n1.csv
28,4,gelu,0.2,True,0.007158185593089736,0.00011720695755929942,0.054305911809206006,0.013886168958923318,137,adamw,1,continuous,tau_fixed,1.0,closed_form,True,0.03,1e-12,./souza_bayes_four_scenarios_modular_n/S3_tau_fixed_1_n1/souza_bayes_params_S3_tau_fixed_1_n1.csv
24,4,gelu,0.0,True,0.005443848465650293,0.00010025204191880704,0.03983641043305397,0.003903369017887917,76,adamw,1,continuous,tau_fixed,1.0,closed_form,True,0.03,1e-12,./souza_bayes_four_scenarios_modular_n/S3_tau_fixed_1_n1/souza_bayes_params_S3_tau_fixed_1_n1.csv
26,4,gelu,0.0,True,0.007932242130470541,0.00014271248154343756,0.04302036240696907,0.009186057281276002,89,adamw,1,continuous,tau_fixed,1.0,closed_form,True,0.03,1e-12,./souza_bayes_four_scenarios_modular_n/S3_tau_fixed_1_n1/souza_bayes_params_S3_tau_fixed_1_n1.csv
24,4,gelu,0.0,True,0.006814145045218511,0.0001815886477641308,0.04313913434743881,0.008919638279530335,119,adamw,1,continuous,tau_fixed,1.0,closed_form,True,0.03,1e-12,./souza_bayes_four_scenarios_modular_n/S3_tau_fixed_1_n1/souza_bayes_params_S3_tau_fixed_1_n1.csv
29,4,gelu,0.0,True,0.005861191705031408,0.00010067990311966964,0.047775386646389965,0.01658749941017381,137,adamw,1,continuous,tau_fixed,1.0,closed_form,True,0.03,1e-12,./souza_bayes_four_scenarios_modular_n/S3_tau_fixed_1_n1/souza_bayes_params_S3_tau_fixed_1_n1.csv
49,4,gelu,0.0,True,0.0048414051272976715,0.00013407076559266988,0.040435583144426336,0.008485961932592571,66,adamw,1,continuous,tau_fixed,1.0,closed_form,True,0.03,1e-12,./souza_bayes_four_scenarios_modular_n/S3_tau_fixed_1_n1/souza_bayes_params_S3_tau_fixed_1_n1.csv
47,2,gelu,0.0,True,0.007509607767833515,0.0002721832280586467,0.046917765587568286,0.008984510873872937,138,adamw,1,continuous,tau_fixed,1.0,closed_form,True,0.03,1e-12,./souza_bayes_four_scenarios_modular_n/S3_tau_fixed_1_n1/souza_bayes_params_S3_tau_fixed_1_n1.csv
51,4,gelu,0.0,True,0.006464830114880615,0.0001578293602025154,0.041962155327200885,0.0123638058662017,97,adamw,1,continuous,tau_fixed,1.0,closed_form,True,0.03,1e-12,./souza_bayes_four_scenarios_modular_n/S3_tau_fixed_1_n1/souza_bayes_params_S3_tau_fixed_1_n1.csv
28,4,gelu,0.0,True,0.0029490614165483572,0.0001937072023897028,0.0437754712998867,0.005365793814852548,150,adamw,1,continuous,tau_fixed,1.0,closed_form,True,0.03,1e-12,./souza_bayes_four_scenarios_modular_n/S3_tau_fixed_1_n1/souza_bayes_params_S3_tau_fixed_1_n1.csv
53,4,gelu,0.0,True,0.008439861134219025,0.00012203651585998279,0.03818846456706524,0.00677154794672349,91,adamw,1,continuous,tau_fixed,1.0,closed_form,True,0.03,1e-12,./souza_bayes_four_scenarios_modular_n/S3_tau_fixed_1_n1/souza_bayes_params_S3_tau_fixed_1_n1.csv
22,4,gelu,0.0,True,0.006979317887727061,0.00013991087419725433,0.03790522068738937,0.004921101494751966,108,adamw,1,continuous,tau_fixed,1.0,closed_form,True,0.03,1e-12,./souza_bayes_four_scenarios_modular_n/S3_tau_fixed_1_n1/souza_bayes_params_S3_tau_fixed_1_n1.csv
26,4,gelu,0.0,True,0.003314244399339808,0.00022598425682742002,0.04196556136012077,0.0045290163311142535,181,adamw,1,continuous,tau_fixed,1.0,closed_form,True,0.03,1e-12,./souza_bayes_four_scenarios_modular_n/S3_tau_fixed_1_n1/souza_bayes_params_S3_tau_fixed_1_n1.csv
30,5,leakyrelu,0.0,True,0.007446420314795791,0.12488476715104653,0.04829521104693413,0.009950597565499724,173,adamw,1,continuous,tau_fixed,1.0,closed_form,True,0.03,1e-12,./souza_bayes_four_scenarios_modular_n/S3_tau_fixed_1_n1/souza_bayes_params_S3_tau_fixed_1_n1.csv
27,4,gelu,0.0,True,0.008335545825040291,0.00010055984646848067,0.03921590112149717,0.009556490479131331,100,adamw,1,continuous,tau_fixed,1.0,closed_form,True,0.03,1e-12,./souza_bayes_four_scenarios_modular_n/S3_tau_fixed_1_n1/souza_bayes_params_S3_tau_fixed_1_n1.csv
52,5,gelu,0.0,True,0.006371559881251682,0.0001675439906922515,0.03801277577877045,0.006025647355122507,59,adamw,1,continuous,tau_fixed,1.0,closed_form,True,0.03,1e-12,./souza_bayes_four_scenarios_modular_n/S3_tau_fixed_1_n1/souza_bayes_params_S3_tau_fixed_1_n1.csv
51,3,gelu,0.0,True,0.0079216074955186,0.00012117207524550266,0.047049324959516525,0.016190940901710558,75,adamw,1,continuous,tau_fixed,1.0,closed_form,True,0.03,1e-12,./souza_bayes_four_scenarios_modular_n/S3_tau_fixed_1_n1/souza_bayes_params_S3_tau_fixed_1_n1.csv
28,5,swish,0.0,True,0.007183983452393098,0.00015089469977026454,0.04659647345542908,0.016781169042258178,56,adamw,1,continuous,tau_fixed,1.0,closed_form,True,0.03,1e-12,./souza_bayes_four_scenarios_modular_n/S3_tau_fixed_1_n1/souza_bayes_params_S3_tau_fixed_1_n1.csv
24,4,gelu,0.0,True,0.002322258286339029,0.00019279362838064864,0.044443173706531516,0.012697912361306246,233,adamw,1,continuous,tau_fixed,1.0,closed_form,True,0.03,1e-12,./souza_bayes_four_scenarios_modular_n/S3_tau_fixed_1_n1/souza_bayes_params_S3_tau_fixed_1_n1.csv
50,5,swish,0.1,True,0.006490364657177167,0.00010007575164406178,0.04554043337702751,0.009934565331202485,147,adamw,1,continuous,tau_fixed,1.0,closed_form,True,0.03,1e-12,./souza_bayes_four_scenarios_modular_n/S3_tau_fixed_1_n1/souza_bayes_params_S3_tau_fixed_1_n1.csv
29,2,swish,0.0,True,0.003615005005744824,0.5621742770219171,0.05286092832684517,0.009608677296062395,251,adamw,1,continuous,tau_fixed,1.0,closed_form,True,0.03,1e-12,./souza_bayes_four_scenarios_modular_n/S3_tau_fixed_1_n1/souza_bayes_params_S3_tau_fixed_1_n1.csv
25,5,gelu,0.0,True,0.005923980292693539,0.00012366713497841022,0.03990792706608772,0.0031701480803537144,110,adamw,1,continuous,tau_fixed,1.0,closed_form,True,0.03,1e-12,./souza_bayes_four_scenarios_modular_n/S3_tau_fixed_1_n1/souza_bayes_params_S3_tau_fixed_1_n1.csv
42,4,swish,0.0,True,0.008631882786488358,0.004402096878601868,0.039826863631606105,0.008270762387527471,98,adamw,1,continuous,tau_fixed,1.0,closed_form,True,0.03,1e-12,./souza_bayes_four_scenarios_modular_n/S3_tau_fixed_1_n1/souza_bayes_params_S3_tau_fixed_1_n1.csv
49,5,gelu,0.2,True,0.007631795183387269,0.00015129288321453368,0.04268481209874153,0.005044939905258599,156,adamw,1,continuous,tau_fixed,1.0,closed_form,True,0.03,1e-12,./souza_bayes_four_scenarios_modular_n/S3_tau_fixed_1_n1/souza_bayes_params_S3_tau_fixed_1_n1.csv
27,4,swish,0.0,True,0.001304329287681423,0.00013615748242241013,0.04683038219809532,0.016505760867849436,214,adamw,1,continuous,tau_fixed,1.0,closed_form,True,0.03,1e-12,./souza_bayes_four_scenarios_modular_n/S3_tau_fixed_1_n1/souza_bayes_params_S3_tau_fixed_1_n1.csv
29,5,swish,0.0,True,0.007063109027672684,0.00023999409219410903,0.05073757842183113,0.02467055570616693,61,adamw,1,continuous,tau_fixed,1.0,closed_form,True,0.03,1e-12,./souza_bayes_four_scenarios_modular_n/S3_tau_fixed_1_n1/souza_bayes_params_S3_tau_fixed_1_n1.csv
46,5,gelu,0.0,True,0.00819467866311758,0.00018364307760698496,0.03885438963770867,0.0061789788008693785,114,adamw,1,continuous,tau_fixed,1.0,closed_form,True,0.03,1e-12,./souza_bayes_four_scenarios_modular_n/S3_tau_fixed_1_n1/souza_bayes_params_S3_tau_fixed_1_n1.csv
54,4,swish,0.0,True,0.005300192118844636,0.03659980252009912,0.040076141431927684,0.011189093853720205,183,adamw,1,continuous,tau_fixed,1.0,closed_form,True,0.03,1e-12,./souza_bayes_four_scenarios_modular_n/S3_tau_fixed_1_n1/souza_bayes_params_S3_tau_fixed_1_n1.csv
52,5,gelu,0.0,True,0.0067735736098653715,0.00012010328301165137,0.04031158983707428,0.007747230589390828,57,adamw,1,continuous,tau_fixed,1.0,closed_form,True,0.03,1e-12,./souza_bayes_four_scenarios_modular_n/S3_tau_fixed_1_n1/souza_bayes_params_S3_tau_fixed_1_n1.csv
27,5,swish,0.0,True,0.002600977138915973,0.00027805999648330585,0.04623793661594392,0.017594292889204687,138,adamw,1,continuous,tau_fixed,1.0,closed_form,True,0.03,1e-12,./souza_bayes_four_scenarios_modular_n/S3_tau_fixed_1_n1/souza_bayes_params_S3_tau_fixed_1_n1.csv
26,4,swish,0.0,True,0.009039833591908384,0.00016708105226850465,0.048194967210292816,0.022816871051403675,75,adamw,1,continuous,tau_fixed,1.0,closed_form,True,0.03,1e-12,./souza_bayes_four_scenarios_modular_n/S3_tau_fixed_1_n1/souza_bayes_params_S3_tau_fixed_1_n1.csv
56,5,gelu,0.0,True,0.0032361743529920987,0.00011811042769245844,0.04386372528970242,0.015266152234577878,111,adamw,1,continuous,tau_fixed,1.0,closed_form,True,0.03,1e-12,./souza_bayes_four_scenarios_modular_n/S3_tau_fixed_1_n1/souza_bayes_params_S3_tau_fixed_1_n1.csv
30,5,swish,0.0,True,0.0060090918315493895,0.00010092145527308658,0.04760589376091957,0.02135117613898209,94,adamw,1,continuous,tau_fixed,1.0,closed_form,True,0.03,1e-12,./souza_bayes_four_scenarios_modular_n/S3_tau_fixed_1_n1/souza_bayes_params_S3_tau_fixed_1_n1.csv
50,4,leakyrelu,0.0,True,0.007620289231731863,0.000204475938733793,0.052204144746065134,0.015542308690892596,80,adamw,1,continuous,tau_fixed,1.0,closed_form,True,0.03,1e-12,./souza_bayes_four_scenarios_modular_n/S3_tau_fixed_1_n1/souza_bayes_params_S3_tau_fixed_1_n1.csv
48,5,gelu,0.0,True,0.0038991604323491353,0.00013872555386791553,0.039076969027519226,0.005489493522734098,119,adamw,1,continuous,tau_fixed,1.0,closed_form,True,0.03,1e-12,./souza_bayes_four_scenarios_modular_n/S3_tau_fixed_1_n1/souza_bayes_params_S3_tau_fixed_1_n1.csv
25,4,swish,0.0,True,0.003035679688495677,0.0001578139653098763,0.04585382342338562,0.014660222545806591,123,adamw,1,continuous,tau_fixed,1.0,closed_form,True,0.03,1e-12,./souza_bayes_four_scenarios_modular_n/S3_tau_fixed_1_n1/souza_bayes_params_S3_tau_fixed_1_n1.csv
28,5,swish,0.0,True,0.007293494111745744,0.0002311007189945852,0.04728725403547287,0.017881652067879585,112,adamw,1,continuous,tau_fixed,1.0,closed_form,True,0.03,1e-12,./souza_bayes_four_scenarios_modular_n/S3_tau_fixed_1_n1/souza_bayes_params_S3_tau_fixed_1_n1.csv
51,5,gelu,0.0,True,0.00806904936875952,0.00011858396739046396,0.039528786391019824,0.006682742312465568,75,adamw,1,continuous,tau_fixed,1.0,closed_form,True,0.03,1e-12,./souza_bayes_four_scenarios_modular_n/S3_tau_fixed_1_n1/souza_bayes_params_S3_tau_fixed_1_n1.csv
53,4,swish,0.0,True,0.006373486831078426,0.00036167903015137744,0.04009922556579113,0.009991015442029495,111,adamw,1,continuous,tau_fixed,1.0,closed_form,True,0.03,1e-12,./souza_bayes_four_scenarios_modular_n/S3_tau_fixed_1_n1/souza_bayes_params_S3_tau_fixed_1_n1.csv
23,5,gelu,0.0,True,0.006764864270399414,0.0001922436684160912,0.03986235857009888,0.005804587785158581,85,adamw,1,continuous,tau_fixed,1.0,closed_form,True,0.03,1e-12,./souza_bayes_four_scenarios_modular_n/S3_tau_fixed_1_n1/souza_bayes_params_S3_tau_fixed_1_n1.csv
28,3,swish,0.1,True,0.002806060659898426,0.00013838620601038212,0.045772230625152587,0.010074357783130074,270,adamw,1,continuous,tau_fixed,1.0,closed_form,True,0.03,1e-12,./souza_bayes_four_scenarios_modular_n/S3_tau_fixed_1_n1/souza_bayes_params_S3_tau_fixed_1_n1.csv
