loss_mode,diluent_encoding,hidden_size,n_hidden_layers,activation,dropout,standardize_cont,lr,mean_rmse,std_rmse,optimizer,use_scheduler,rel_eps
absolute,onehot,24,3,mish,0.1,True,0.0310381040513303,0.0558391674450785,0.0157304355983116,adam,True,
absolute,onehot,16,3,leakyrelu,0.1,True,0.0011650723760806,0.0891729355861866,0.0210979445137842,adam,True,
absolute,onehot,19,3,relu,0.2,True,0.0186685679585991,0.0744709076832227,0.0317207368674281,adam,True,
absolute,onehot,21,3,relu,0.2,True,0.0012321437076471,0.0918715594504141,0.0237936560580086,adam,True,
absolute,onehot,28,5,swish,0.2,True,0.0099206338199282,0.0639280592044752,0.0246948156780162,adam,True,
absolute,onehot,34,5,swish,0.0,True,0.0039153250012812,0.0642728933736595,0.025830447727062,adam,True,
absolute,onehot,21,5,leakyrelu,0.2,True,0.0094333128972001,0.0703595026332689,0.0224884254013358,adam,True,
absolute,onehot,16,3,mish,0.1,True,0.0017099740712959,0.0774033250484538,0.0214650078300066,adam,True,
absolute,onehot,35,5,tanh,0.2,True,0.0082310988199492,0.0669493751413296,0.0170950494597563,adam,True,
absolute,onehot,27,3,tanh,0.2,True,0.0185924773291711,0.0694665736602424,0.0196461969003856,adam,True,
absolute,onehot,31,4,mish,0.1,True,0.0401893388605958,0.0646098180629973,0.0173073135720155,adam,True,
absolute,onehot,26,4,swish,0.0,True,0.044560184642893,0.0611824042039833,0.0234472759748441,adam,True,
absolute,onehot,24,4,gelu,0.0,True,0.0374932536144459,0.0664461791801047,0.0258307321820809,adam,True,
absolute,onehot,24,4,mish,0.0,True,0.022320001630141,0.0616385124649735,0.0334375405981365,adam,True,
absolute,onehot,30,4,swish,0.0,True,0.0442310387760854,0.0624044404500187,0.0193226710039814,adam,True,
absolute,onehot,24,4,gelu,0.1,True,0.024842158612926,0.0655396580470864,0.0279311228872494,adam,True,
absolute,onehot,26,3,mish,0.0,True,0.00435330167959,0.0706237677554371,0.0283092654455057,adam,True,
absolute,onehot,31,4,swish,0.1,True,0.0132108196377412,0.0641519252388474,0.0225906547245653,adam,True,
absolute,onehot,21,3,swish,0.1,True,0.0280908246127993,0.0634800637378937,0.0222372874684728,adam,True,
absolute,onehot,29,4,mish,0.0,True,0.0490019236461468,0.0556366530729361,0.0131181661506334,adam,True,
absolute,onehot,33,4,mish,0.1,True,0.0050146051704766,0.0597305000134294,0.0137212896519267,adam,True,
absolute,onehot,33,4,mish,0.1,True,0.0040447384994727,0.0697687906282288,0.0306827500634212,adam,True,
absolute,onehot,29,4,mish,0.1,True,0.0056004565746052,0.069148103641539,0.0285970781837804,adam,True,
absolute,onehot,32,4,mish,0.1,True,0.0027532506672595,0.0757894072626295,0.0308331848084971,adam,True,
absolute,onehot,29,4,mish,0.1,True,0.0151147180026083,0.0637003471180653,0.0234948887537876,adam,True,
absolute,onehot,35,3,mish,0.0,True,0.030870728053006,0.0629088149571972,0.0261633199937638,adam,True,
absolute,onehot,33,4,mish,0.1,True,0.0024908040649178,0.0697474554500771,0.0218335141794308,adam,True,
absolute,onehot,36,4,mish,0.0,True,0.0125300020696727,0.0662715441724047,0.0330388669932506,adam,True,
absolute,onehot,23,5,tanh,0.1,True,0.0053413289045992,0.0677088472889737,0.0181459226850591,adam,True,
absolute,onehot,27,3,leakyrelu,0.1,True,0.0490092515023012,0.0613954627456096,0.0173733844870247,adam,True,
absolute,onehot,30,3,relu,0.0,True,0.0027894804629327,0.0813817303782966,0.0340135281639622,adam,True,
absolute,onehot,27,4,gelu,0.0,True,0.034092817348289,0.0636860934103342,0.0210773612923268,adam,True,
absolute,onehot,25,4,leakyrelu,0.0,True,0.020696824758777,0.0740649194755414,0.0353252597533331,adam,True,
absolute,onehot,22,4,relu,0.0,True,0.0494352080957637,0.0670206342791397,0.0235840877405,adam,True,
absolute,onehot,19,4,swish,0.0,True,0.0312706504898637,0.0606334184179487,0.0250638516899655,adam,True,
absolute,onehot,16,3,mish,0.0,True,0.0067899365288918,0.0660908096688504,0.0293801794518582,adam,True,
absolute,onehot,18,5,swish,0.2,True,0.0155938982229107,0.0641495360444935,0.0169578155426977,adam,True,
absolute,onehot,17,4,relu,0.1,True,0.001033375285485,0.0892890667806092,0.0263377185530305,adam,True,
absolute,onehot,20,3,mish,0.0,True,0.0272731642437999,0.063309796824707,0.0209780091869624,adam,True,
absolute,onehot,19,5,leakyrelu,0.2,True,0.0110111652316745,0.0726253416768763,0.0216702319228384,adam,True,
absolute,onehot,22,4,tanh,0.1,True,0.0337892772205156,0.0696424345890785,0.0140450461492034,adam,True,
absolute,onehot,26,4,swish,0.0,True,0.0379415930175291,0.0614344614399488,0.0225039612706109,adam,True,
absolute,onehot,28,4,swish,0.0,True,0.0183767073708725,0.0545890984991153,0.0281785896642273,adam,True,
absolute,onehot,28,4,swish,0.0,True,0.019731018090537,0.0625133220182955,0.0277419229564984,adam,True,
absolute,onehot,28,4,swish,0.0,True,0.0081954167967372,0.0645728526277573,0.0293811811955974,adam,True,
absolute,onehot,32,4,swish,0.2,True,0.0247870180174095,0.0599261715841411,0.0269224964914998,adam,True,
absolute,onehot,32,3,mish,0.2,True,0.0240811864461597,0.0627509076375653,0.0279627985170123,adam,True,
absolute,onehot,34,4,swish,0.2,True,0.0177040901456402,0.066064399305153,0.0292833039528289,adam,True,
absolute,onehot,30,5,gelu,0.2,True,0.0088373319262523,0.0625976209875096,0.025047170390722,adam,True,
absolute,onehot,31,4,mish,0.2,True,0.0404277132088239,0.0541197063107463,0.0129704591026952,adam,True,
absolute,onehot,29,3,mish,0.2,True,0.0416321999618479,0.0628953519529288,0.0205923250258554,adam,True,
absolute,onehot,31,4,mish,0.2,True,0.0257847090897676,0.0654482730849735,0.030683290960808,adam,True,
absolute,onehot,33,4,mish,0.2,True,0.0383179652647972,0.0592598678914491,0.0172947515822311,adam,True,
absolute,onehot,34,4,mish,0.2,True,0.0368606281611292,0.0551044632759486,0.0177589744738407,adam,True,
absolute,onehot,34,4,mish,0.2,True,0.0371520418443002,0.0538309659662546,0.0094175322785525,adam,True,
absolute,onehot,36,4,mish,0.2,True,0.0308967945479118,0.0644997299958056,0.0226622398100557,adam,True,
absolute,onehot,34,4,mish,0.2,True,0.043649374010985,0.0543657299875332,0.0118387518685198,adam,True,
absolute,onehot,35,4,mish,0.2,True,0.0441867742475447,0.0572369614655978,0.0142216387287899,adam,True,
absolute,onehot,34,4,mish,0.2,True,0.0363395365585582,0.0550198860086417,0.0195126900362038,adam,True,
absolute,onehot,34,4,mish,0.2,True,0.0372487518427291,0.0609049692309909,0.0252281785567496,adam,True,
absolute,onehot,35,4,tanh,0.2,True,0.0286376488492968,0.0680381247674459,0.0124342259199215,adam,True,
absolute,onehot,34,4,mish,0.2,True,0.048531881092868,0.0580230108336014,0.0165156711451146,adam,True,
absolute,onehot,31,4,mish,0.2,True,0.0342330172924376,0.0573781672169109,0.0127543915756555,adam,True,
absolute,onehot,36,4,mish,0.2,True,0.0418422623819009,0.0540364535827777,0.0184265112485905,adam,True,
absolute,onehot,36,4,mish,0.2,True,0.0227952476715816,0.0570140407995219,0.0209376221904802,adam,True,
absolute,onehot,35,4,mish,0.2,True,0.040505200280484,0.0471766666470079,0.0104738020199433,adam,True,
absolute,onehot,35,4,mish,0.2,True,0.0428890104948049,0.0563078237780507,0.009264508494578,adam,True,
absolute,onehot,36,4,gelu,0.2,True,0.0296049926737566,0.0677547169982088,0.0249721164084908,adam,True,
absolute,onehot,33,4,mish,0.2,True,0.0436252932354735,0.0632518218766824,0.0211364783547501,adam,True,
absolute,onehot,32,4,mish,0.2,True,0.0334098400737345,0.0589919027362045,0.0177659268809563,adam,True,
absolute,onehot,35,4,leakyrelu,0.2,True,0.0169485365564839,0.0679664769197831,0.0194215053956414,adam,True,
absolute,onehot,34,4,mish,0.2,True,0.037436988056127,0.0576453438331788,0.012008173363114,adam,True,
absolute,onehot,34,4,mish,0.2,True,0.0400766567635503,0.0586123766685121,0.0126372893324374,adam,True,
absolute,onehot,35,4,mish,0.2,True,0.0220445224476802,0.058815537477987,0.0197792246153516,adam,True,
absolute,onehot,36,4,relu,0.2,True,0.0352093619949533,0.0579375419942177,0.007085040129514,adam,True,
absolute,onehot,34,4,mish,0.2,True,0.0460400374225323,0.0597393058013593,0.0140019060405883,adam,True,
absolute,onehot,33,5,mish,0.2,True,0.0277315460917985,0.0570320853335311,0.0175207035448791,adam,True,
absolute,onehot,32,4,mish,0.2,True,0.0405020508355339,0.0549114239551576,0.0096626873767435,adam,True,
absolute,onehot,32,4,tanh,0.2,True,0.0015242591172099,0.0810895686813215,0.0205311224335892,adam,True,
absolute,onehot,30,4,mish,0.2,True,0.0416720404729064,0.0508132794378533,0.012575612017306,adam,True,
absolute,onehot,30,4,mish,0.2,True,0.0499367110230474,0.0577654965116185,0.0133655308585185,adam,True,
absolute,onehot,33,4,mish,0.2,True,0.0406713331929962,0.0534901253403161,0.0115314654846075,adam,True,
absolute,onehot,31,4,mish,0.2,True,0.0430508113294112,0.0575960792189076,0.0141670113291457,adam,True,
absolute,onehot,32,4,mish,0.2,True,0.0313587779215185,0.0608755833754351,0.0164406302783142,adam,True,
absolute,onehot,29,4,mish,0.2,True,0.039880372660646,0.0578864774021847,0.0104135316455027,adam,True,
absolute,onehot,33,4,gelu,0.2,True,0.0462744141384573,0.0588423745614792,0.0103203143466759,adam,True,
absolute,onehot,30,4,mish,0.2,True,0.0264083594817592,0.0572177354546162,0.0262065622057928,adam,True,
absolute,onehot,28,5,relu,0.2,True,0.040864165329922,0.0672116056160896,0.013329402738215,adam,True,
absolute,onehot,31,4,leakyrelu,0.2,True,0.0322836417862342,0.0650296889795063,0.0124944088831374,adam,True,
absolute,onehot,30,4,mish,0.2,True,0.0299680594641326,0.0625258693565954,0.0244598356397802,adam,True,
absolute,onehot,32,4,swish,0.2,True,0.0131771659415675,0.0638100112729748,0.0227453070173282,adam,True,
absolute,onehot,33,4,mish,0.2,True,0.0357049648265643,0.0526404080662748,0.0131900650120636,adam,True,
absolute,onehot,33,4,mish,0.2,True,0.0399736879623791,0.0547794950576485,0.0099623056698262,adam,True,
absolute,onehot,33,4,mish,0.2,True,0.0330405550418271,0.0539456907189258,0.0141459347915014,adam,True,
absolute,onehot,35,4,mish,0.2,True,0.0345343807921813,0.0558780171657577,0.0099939970251434,adam,True,
absolute,onehot,36,4,mish,0.2,True,0.0448780830810076,0.0556598710859526,0.0091770595601773,adam,True,
absolute,onehot,33,4,mish,0.0,True,0.0286813880437083,0.0549044845713878,0.0281559348070369,adam,True,
absolute,onehot,27,4,mish,0.2,True,0.0204989912759353,0.0620431299832594,0.0258281806695036,adam,True,
absolute,onehot,31,4,swish,0.2,True,0.0244735328509236,0.0551044021237561,0.0159948600124678,adam,True,
absolute,onehot,35,4,tanh,0.2,True,0.0328240989175223,0.0692540157030017,0.0103864464721796,adam,True,
absolute,onehot,34,5,mish,0.0,True,0.0461078629242178,0.0623182102683147,0.0115861754055721,adam,True,
absolute,onehot,33,4,mish,0.2,True,0.0374522409236917,0.0601178875055999,0.0141729766296606,adam,True,
absolute,onehot,33,4,mish,0.2,True,0.0410838812080833,0.05774357126798,0.0122928705682309,adam,True,
absolute,onehot,33,4,mish,0.2,True,0.0364130812937422,0.0605415217135295,0.0087572997590311,adam,True,
absolute,onehot,34,4,mish,0.2,True,0.0492915861403638,0.0598141191275765,0.0105365189567348,adam,True,
absolute,onehot,35,4,mish,0.2,True,0.0312878959183349,0.0530399093656774,0.0095253368319063,adam,True,
absolute,onehot,35,3,mish,0.2,True,0.0315614145291464,0.0542756125825839,0.0163132355110795,adam,True,
absolute,onehot,35,3,mish,0.2,True,0.0321500226679312,0.0599523768327111,0.0209099413869354,adam,True,
absolute,onehot,36,3,mish,0.2,True,0.0033477858396709,0.064686146784674,0.018932519574216,adam,True,
absolute,onehot,35,3,mish,0.2,True,0.0263476813440489,0.0560607323439262,0.0240296823698886,adam,True,
absolute,onehot,36,3,mish,0.2,True,0.0348510824911391,0.0568277807698343,0.0142185801377124,adam,True,
absolute,onehot,34,3,mish,0.2,True,0.0292968030781937,0.0594269014069104,0.0260861546856705,adam,True,
absolute,onehot,34,4,gelu,0.2,True,0.0433585177865091,0.0594988851008212,0.014981830431813,adam,True,
absolute,onehot,35,4,mish,0.2,True,0.0227287241192131,0.0542304671725992,0.021205747685907,adam,True,
absolute,onehot,35,4,mish,0.2,True,0.0370320546021832,0.0545955983034454,0.012504796329974,adam,True,
absolute,onehot,36,4,mish,0.2,True,0.0234533618648624,0.0570748870062172,0.0161033556287675,adam,True,
absolute,onehot,35,4,mish,0.2,True,0.03292327124139,0.0522776978300957,0.0111948898581254,adam,True,
absolute,onehot,35,4,mish,0.2,True,0.0309943769573113,0.0582721439074174,0.0249788078268471,adam,True,
absolute,onehot,36,3,leakyrelu,0.2,True,0.0271564337753033,0.0659905763599406,0.0224054203273707,adam,True,
absolute,onehot,35,4,mish,0.1,True,0.0347841691859717,0.0470557501525717,0.0120376340333313,adam,True,
absolute,onehot,34,4,mish,0.1,True,0.0340611056080569,0.0536038345906691,0.01717519929489,adam,True,
absolute,onehot,34,4,mish,0.1,True,0.0346765079241272,0.0529716725908112,0.0200612610424752,adam,True,
absolute,onehot,34,4,mish,0.1,True,0.0391433120759878,0.0606207356600953,0.0214578083076182,adam,True,
absolute,onehot,34,4,relu,0.1,True,0.0354818756811665,0.0553145373111456,0.0089991162167029,adam,True,
absolute,onehot,33,4,mish,0.1,True,0.0334328781166217,0.0558957877375707,0.0164558502678342,adam,True,
absolute,onehot,36,4,mish,0.1,True,0.0390907145907752,0.0524901987239905,0.0077361503484258,adam,True,
absolute,onehot,36,4,mish,0.1,True,0.0287083298324953,0.0555002747063006,0.0249504293087186,adam,True,
absolute,onehot,35,4,mish,0.1,True,0.0465316477289578,0.0500863043988937,0.009180667189097,adam,True,
absolute,onehot,35,4,mish,0.1,True,0.0457846401021506,0.0509967086802557,0.0081265726772863,adam,True,
absolute,onehot,35,4,mish,0.1,True,0.0466366622145899,0.0483308336677891,0.0090234782707096,adam,True,
absolute,onehot,35,4,mish,0.1,True,0.0467879958624226,0.0516247585514906,0.0090371678038906,adam,True,
absolute,onehot,35,4,mish,0.1,True,0.0462574915525862,0.0486024400156307,0.009482157827975,adam,True,
absolute,onehot,35,4,mish,0.1,True,0.0470050929669447,0.0563477057952752,0.0092243335351222,adam,True,
absolute,onehot,36,4,mish,0.1,True,0.0493021356441233,0.0519526187979143,0.0098150581812826,adam,True,
absolute,onehot,36,4,mish,0.1,True,0.0458608951130168,0.0508223546346393,0.0062449532225929,adam,True,
absolute,onehot,36,4,mish,0.1,True,0.0489577772474142,0.0605045158458731,0.0179380316956749,adam,True,
absolute,onehot,36,4,mish,0.1,True,0.0459037919094239,0.0498836020975256,0.0108135401796519,adam,True,
absolute,onehot,36,4,mish,0.1,True,0.0456688138338498,0.056245351926151,0.0105283794770609,adam,True,
absolute,onehot,36,4,mish,0.1,True,0.0446058380664373,0.050676862671874,0.0087182428447064,adam,True,
absolute,onehot,36,5,mish,0.1,True,0.0497325147664068,0.0587775353881162,0.0072425297729669,adam,True,
absolute,onehot,36,4,tanh,0.1,True,0.044033680335384,0.0658568960629907,0.005656512452477,adam,True,
absolute,onehot,35,4,mish,0.1,True,0.0462296849629738,0.0520685361847056,0.0080041856546075,adam,True,
absolute,onehot,35,4,mish,0.1,True,0.0461216075810935,0.052751463683336,0.0126787164119623,adam,True,
absolute,onehot,36,4,mish,0.1,True,0.049887163764743,0.0558799643802063,0.0078458052269544,adam,True,
absolute,onehot,35,4,mish,0.1,True,0.0426284307531663,0.0502497456900323,0.016646259898626,adam,True,
absolute,onehot,35,4,mish,0.1,True,0.0424492047637741,0.0546639373197221,0.0202965531538945,adam,True,
absolute,onehot,35,4,gelu,0.1,True,0.0440442623300158,0.0519930191443994,0.0089909148291199,adam,True,
absolute,onehot,35,4,gelu,0.1,True,0.0459581670318009,0.0587758101167411,0.0273069692331755,adam,True,
absolute,onehot,36,4,gelu,0.1,True,0.0421659065725597,0.0585488522778663,0.0239636437538531,adam,True,
absolute,onehot,35,4,gelu,0.1,True,0.0450256926398152,0.0526127352692559,0.0150484073860497,adam,True,
absolute,onehot,36,4,gelu,0.1,True,0.0499859575287321,0.0662187384345904,0.0220957532646533,adam,True,
absolute,onehot,35,4,mish,0.1,True,0.0392053432384566,0.0503943395106422,0.0105746126334546,adam,True,
absolute,onehot,35,4,relu,0.1,True,0.0392098730397813,0.0701707390368233,0.0214882824068202,adam,True,
absolute,onehot,35,4,mish,0.1,True,0.0433787201686946,0.0566528954530704,0.0123091679999697,adam,True,
absolute,onehot,36,4,leakyrelu,0.1,True,0.0408776719916637,0.0626015587341265,0.0153613168970119,adam,True,
absolute,onehot,25,4,mish,0.1,True,0.0462938355385355,0.0558625956183384,0.0218865822149056,adam,True,
absolute,onehot,35,4,mish,0.1,True,0.0382775237180252,0.05513081453245,0.0218978080307859,adam,True,
absolute,onehot,36,4,mish,0.1,True,0.0062344114894738,0.0667848729980105,0.0222812669084526,adam,True,
absolute,onehot,35,4,gelu,0.1,True,0.0431872482463038,0.0479230331012043,0.0057402674311031,adam,True,
absolute,onehot,34,4,gelu,0.1,True,0.0417254832867248,0.0526554314844016,0.0143725059277472,adam,True,
absolute,onehot,35,4,gelu,0.1,True,0.0436507918011638,0.0508427933996563,0.0079448941980959,adam,True,
absolute,onehot,35,4,gelu,0.1,True,0.0437833764703807,0.0511270932715997,0.0115912827148675,adam,True,
absolute,onehot,36,4,gelu,0.1,True,0.0497840302722877,0.0552865699869458,0.0105151486689975,adam,True,
absolute,onehot,35,4,gelu,0.1,True,0.0394545043617773,0.0548605630800959,0.0160594547709565,adam,True,
absolute,onehot,35,4,gelu,0.1,True,0.0433316869429337,0.0522195871025064,0.0106169564751383,adam,True,
absolute,onehot,36,4,gelu,0.1,True,0.037421947095549,0.0504530677176568,0.0054626637043702,adam,True,
absolute,onehot,34,4,gelu,0.1,True,0.0021921383199043,0.0704011090802441,0.0254539663983398,adam,True,
absolute,onehot,36,5,gelu,0.1,True,0.037562813010071,0.0533274789971272,0.0170572733507504,adam,True,
absolute,onehot,34,4,gelu,0.1,True,0.0407680841807119,0.0533693430122262,0.0160423879446361,adam,True,
absolute,onehot,35,4,gelu,0.1,True,0.0378955345502844,0.0519202277717894,0.0135204464700221,adam,True,
absolute,onehot,35,4,gelu,0.1,True,0.0431918262466748,0.0577713978129035,0.0144135613032968,adam,True,
absolute,onehot,35,4,gelu,0.1,True,0.0374096226898967,0.0492238224297279,0.0076501989312119,adam,True,
absolute,onehot,36,4,gelu,0.1,True,0.046135412361325,0.0497064244004245,0.0111744136207954,adam,True,
absolute,onehot,36,4,gelu,0.1,True,0.036518995933742,0.0515278059602745,0.0226533692278678,adam,True,
absolute,onehot,36,4,gelu,0.1,True,0.0414227948860387,0.0487334220724878,0.0062792285412193,adam,True,
absolute,onehot,36,4,gelu,0.1,True,0.0400025348033188,0.0509150667248578,0.0079780442926515,adam,True,
absolute,onehot,36,4,gelu,0.1,True,0.0393794729380726,0.061329639433985,0.0181396661186346,adam,True,
absolute,onehot,36,4,gelu,0.1,True,0.0359300302792321,0.0530417496712074,0.0105664026016598,adam,True,
absolute,onehot,36,4,gelu,0.1,True,0.0408896322723458,0.0500486865569864,0.0167100655059745,adam,True,
absolute,onehot,36,4,gelu,0.1,True,0.0417701225801609,0.0566958233701474,0.0178351471515161,adam,True,
absolute,onehot,36,4,gelu,0.1,True,0.0367134774103851,0.0566702745475999,0.0153871356493262,adam,True,
absolute,onehot,36,4,gelu,0.1,True,0.0407010877710759,0.0479826690640889,0.0075625770775887,adam,True,
absolute,onehot,36,4,gelu,0.1,True,0.0416418870419685,0.056605787925982,0.0102565434567427,adam,True,
absolute,onehot,36,4,gelu,0.1,True,0.046169985857225,0.0558882898077538,0.0077781320891737,adam,True,
absolute,onehot,35,4,gelu,0.1,True,0.0383707331326548,0.0530666541614069,0.011657594788498,adam,True,
absolute,onehot,36,4,gelu,0.1,True,0.0118079919286868,0.0568629255917324,0.024007570584084,adam,True,
absolute,onehot,35,4,gelu,0.1,True,0.0433334754542436,0.0579396755885597,0.0152493751460997,adam,True,
absolute,onehot,36,4,gelu,0.1,True,0.0470913417033739,0.0490160758177599,0.008754832332972,adam,True,
absolute,onehot,36,4,gelu,0.1,True,0.0499054846865332,0.0591536008445085,0.0139187637851604,adam,True,
absolute,onehot,36,4,tanh,0.1,True,0.0469710150452384,0.0699624335061007,0.011969111047201,adam,True,
absolute,onehot,23,4,gelu,0.1,True,0.035990553441836,0.0560133927176113,0.0175949381087837,adam,True,
absolute,onehot,35,4,gelu,0.1,True,0.0412997415536427,0.0557333516251041,0.0184099596809797,adam,True,
absolute,onehot,36,4,gelu,0.1,True,0.0457497055049472,0.050856794475726,0.0122164229878894,adam,True,
absolute,onehot,35,4,gelu,0.1,True,0.0433124977540571,0.0477667560107489,0.0090595716257297,adam,True,
absolute,onehot,36,4,gelu,0.1,True,0.0399048263041699,0.0652147740509985,0.0253472532170906,adam,True,
absolute,onehot,35,4,gelu,0.1,True,0.0462643117233352,0.0487349884367807,0.0108137127203426,adam,True,
absolute,onehot,34,4,gelu,0.1,True,0.0381197476865215,0.0564046605299775,0.0153689022534927,adam,True,
absolute,onehot,34,4,gelu,0.1,True,0.0350202908395528,0.0544184168654819,0.0130677725497045,adam,True,
absolute,onehot,35,4,gelu,0.1,True,0.042904364968703,0.057429354848468,0.0134782899665017,adam,True,
absolute,onehot,35,5,gelu,0.1,True,0.0473357054003642,0.062031929195631,0.0128491983642884,adam,True,
absolute,onehot,35,4,gelu,0.1,True,0.0397435584637327,0.0517285408417351,0.0135848187257681,adam,True,
absolute,onehot,36,4,gelu,0.1,True,0.0462036702766901,0.0493218842110114,0.0058887169252924,adam,True,
absolute,onehot,36,4,gelu,0.1,True,0.0435084366079658,0.0567783180511838,0.0182199614439349,adam,True,
absolute,onehot,36,4,gelu,0.1,True,0.0461954983572927,0.0546080781282957,0.0184927145772642,adam,True,
absolute,onehot,35,4,gelu,0.1,True,0.0415240873180657,0.0563843978350557,0.0132500477448008,adam,True,
absolute,onehot,35,4,gelu,0.1,True,0.0488561754969573,0.0557845791598384,0.0152911850427206,adam,True,
absolute,onehot,36,4,gelu,0.1,True,0.0383646583906578,0.051348230324891,0.011268525600161,adam,True,
absolute,onehot,35,4,relu,0.1,True,0.0442528459884817,0.058641562825666,0.0111366687199633,adam,True,
absolute,onehot,34,4,leakyrelu,0.1,True,0.049708253116576,0.0607299387452843,0.0069505280039697,adam,True,
absolute,onehot,36,4,gelu,0.1,True,0.0345107307008337,0.0560515366000648,0.0172816671654693,adam,True,
absolute,onehot,35,4,gelu,0.1,True,0.0413583659105661,0.0539466265888319,0.0106145609913965,adam,True,
absolute,onehot,36,4,gelu,0.1,True,0.0457975996198126,0.0541207267500954,0.0084380478973425,adam,True,
absolute,onehot,36,4,swish,0.1,True,0.0449776349291951,0.0486927609419956,0.0113439239785796,adam,True,
absolute,onehot,36,4,swish,0.1,True,0.0418602339730312,0.0554117694495401,0.0171192691665586,adam,True,
absolute,onehot,35,4,swish,0.1,True,0.0387424331887368,0.0536228166731843,0.0149683047301894,adam,True,
absolute,onehot,36,4,gelu,0.1,True,0.0077408782315809,0.0647410995932332,0.0266812125160792,adam,True,
absolute,onehot,35,4,swish,0.1,True,0.0499159373677637,0.045032596135406,0.0079636040360715,adam,True,
absolute,onehot,35,4,swish,0.1,True,0.0467318153860075,0.0543091453034262,0.0125169654429987,adam,True,
absolute,onehot,35,4,tanh,0.1,True,0.0498752939092279,0.0679247262781298,0.0183390880824726,adam,True,
absolute,onehot,36,4,swish,0.1,True,0.0447803634461867,0.0510334766455027,0.0096984615368382,adam,True,
absolute,onehot,34,4,swish,0.1,True,0.0440088854008347,0.053002987786154,0.0108147309495915,adam,True,
absolute,onehot,36,4,swish,0.1,True,0.0410241750106268,0.0544224709018582,0.0168058588258001,adam,True,
absolute,onehot,35,4,swish,0.1,True,0.0453993964571257,0.0513214503277939,0.0113923490121224,adam,True,
absolute,onehot,36,4,swish,0.1,True,0.0419857376421898,0.0567608066907857,0.0137590779673645,adam,True,
absolute,onehot,35,4,gelu,0.1,True,0.049908708915585,0.0545030264176385,0.0161450493443079,adam,True,
absolute,onehot,35,4,gelu,0.1,True,0.0379797156154882,0.0472492447220203,0.0084676320620181,adam,True,
absolute,onehot,35,4,gelu,0.1,True,0.0373786953843991,0.0548714878828004,0.0153515535170809,adam,True,
absolute,onehot,36,4,gelu,0.1,True,0.0384757735438653,0.0587128140586304,0.0196200878640706,adam,True,
absolute,onehot,35,4,gelu,0.1,True,0.0464891108699555,0.0635410921798012,0.0245161946763266,adam,True,
absolute,onehot,34,4,gelu,0.1,True,0.0352395509528719,0.0499320468771985,0.0154686612752128,adam,True,
absolute,onehot,34,4,gelu,0.1,True,0.0346064746568225,0.0618044231264569,0.0206168449991205,adam,True,
absolute,onehot,35,4,gelu,0.1,True,0.039681392049451,0.0545023400150768,0.0140838171746678,adam,True,
absolute,onehot,36,4,gelu,0.1,True,0.0437128132055648,0.0520149356556412,0.0080399144477211,adam,True,
absolute,onehot,35,4,gelu,0.1,True,0.0048327086539408,0.0660242633070314,0.0281122056111787,adam,True,
absolute,onehot,36,4,gelu,0.1,True,0.0362254786385252,0.0504837179406756,0.0087180489149965,adam,True,
absolute,onehot,35,4,gelu,0.1,True,0.0323098396071543,0.0573082114238897,0.0186011175266349,adam,True,
absolute,onehot,34,4,gelu,0.1,True,0.0366387265636134,0.054574958081236,0.0116474754376766,adam,True,
absolute,onehot,36,4,gelu,0.1,True,0.0356384359084373,0.052680356941466,0.0132400601344669,adam,True,
absolute,onehot,36,5,gelu,0.1,True,0.0400945754738264,0.0632093182594141,0.0163129278598605,adam,True,
absolute,onehot,35,4,gelu,0.1,True,0.0371120232344345,0.055667110977529,0.0204058611039964,adam,True,
absolute,onehot,36,4,gelu,0.1,True,0.0326513146520146,0.0576571650204379,0.0187588480389923,adam,True,
absolute,onehot,36,4,swish,0.1,True,0.0433767502164295,0.0565660096028953,0.0151548640093957,adam,True,
absolute,onehot,35,4,gelu,0.1,True,0.0475084641859659,0.0542356103704852,0.0087843034724783,adam,True,
absolute,onehot,36,4,gelu,0.1,True,0.0419274820225784,0.0439836741423502,0.0060977131469102,adam,True,
absolute,onehot,36,4,gelu,0.1,True,0.0403690130773354,0.057677474080179,0.0199770422647858,adam,True,
absolute,onehot,35,4,gelu,0.1,True,0.0152655597078874,0.0571359554257581,0.033786716987034,adam,True,
absolute,onehot,36,4,gelu,0.1,True,0.0433295278503162,0.0549525805608313,0.014782688668061,adam,True,
absolute,onehot,36,4,gelu,0.0,True,0.0387783031658228,0.053796099187645,0.0139747952521207,adam,True,
absolute,onehot,35,4,gelu,0.1,True,0.0472643527767976,0.0498368662610224,0.006060346019734,adam,True,
absolute,onehot,34,4,leakyrelu,0.1,True,0.0469218262780815,0.0538699544302454,0.0111314078073787,adam,True,
absolute,onehot,35,4,relu,0.1,True,0.0495884413623896,0.0563019263545564,0.0086805235175218,adam,True,
absolute,onehot,35,4,gelu,0.1,True,0.0421107649101649,0.0547775069564258,0.012128571921505,adam,True,
absolute,onehot,34,4,gelu,0.1,True,0.0462030699257682,0.0557914958189121,0.0132677344982374,adam,True,
absolute,onehot,35,4,gelu,0.1,True,0.0435653630553765,0.0566192923762013,0.0189227638060984,adam,True,
absolute,onehot,35,4,gelu,0.1,True,0.0466999928065829,0.0543384276399101,0.0100471817867902,adam,True,
absolute,onehot,34,4,swish,0.1,True,0.0405180500117931,0.0523818920451426,0.0116167965896836,adam,True,
absolute,onehot,17,4,gelu,0.1,True,0.0094572991032004,0.0609986429055112,0.0228631267760528,adam,True,
absolute,onehot,35,4,gelu,0.1,True,0.0499445406442955,0.0536575335062087,0.011715105789174,adam,True,
absolute,onehot,35,4,tanh,0.1,True,0.0429436401851791,0.0822826504706331,0.030160427151934,adam,True,
absolute,onehot,20,4,gelu,0.1,True,0.0387638299279449,0.06507470683713,0.0250942265133505,adam,True,
absolute,onehot,36,4,gelu,0.1,True,0.0459399125231317,0.052033707872175,0.0148871345532384,adam,True,
absolute,onehot,35,3,gelu,0.1,True,0.0415974345739475,0.0529204149728275,0.015197659561882,adam,True,
absolute,onehot,36,4,swish,0.1,True,0.0446410845797099,0.0535279866032485,0.0093855102019014,adam,True,
absolute,onehot,35,4,gelu,0.1,True,0.0350846766856158,0.05223985120788,0.0171267338965203,adam,True,
absolute,onehot,36,4,mish,0.1,True,0.049818603129854,0.0491004666980527,0.009108121564143,adam,True,
absolute,onehot,36,4,mish,0.1,True,0.0495760887126775,0.0544932083343529,0.0191282625868797,adam,True,
absolute,onehot,35,5,mish,0.1,True,0.0454812882599009,0.056279579523778,0.0062890671146464,adam,True,
absolute,onehot,34,4,mish,0.0,True,0.047127599291303,0.0576301695064288,0.0217521376075193,adam,True,
absolute,onehot,36,4,mish,0.1,True,0.0419004904898928,0.059246247028418,0.0297828584501142,adam,True,
absolute,onehot,35,4,mish,0.1,True,0.0466348787222327,0.0521014807368332,0.0112299360756633,adam,True,
absolute,onehot,34,4,mish,0.1,True,0.0494916277401241,0.0514536471606037,0.01089302442751,adam,True,
absolute,onehot,35,4,mish,0.1,True,0.042729113582705,0.0528038764952589,0.0088815089054421,adam,True,
absolute,onehot,36,4,leakyrelu,0.1,True,0.0394050415094343,0.0561162109396326,0.0098296459137411,adam,True,
absolute,onehot,36,4,relu,0.1,True,0.0445234573797962,0.0633514922992984,0.0163164315460358,adam,True,
absolute,onehot,35,4,swish,0.1,True,0.0498807997274186,0.0544250541936789,0.0164006358049546,adam,True,
absolute,onehot,35,4,mish,0.1,True,0.0403546058791838,0.0542556755030655,0.0108765402209462,adam,True,
absolute,onehot,34,4,mish,0.1,True,0.0440825445989051,0.0573561376093534,0.0129002696730983,adam,True,
absolute,onehot,26,4,gelu,0.1,True,0.0380186401514122,0.0528168399132716,0.0087201878537417,adam,True,
absolute,onehot,36,4,gelu,0.1,True,0.0466996164425807,0.0539542388243075,0.0157732640540679,adam,True,
absolute,onehot,36,4,mish,0.1,True,0.001646988929855,0.0680529919928262,0.0196195079228818,adam,True,
absolute,onehot,35,4,gelu,0.1,True,0.0418497865715739,0.0519738065074657,0.0125563238701249,adam,True,
absolute,onehot,36,4,swish,0.1,True,0.0342474169134116,0.0481573244904458,0.0042798352332244,adam,True,
absolute,onehot,36,3,swish,0.1,True,0.0331094226813993,0.0597210922004666,0.0216267082168137,adam,True,
absolute,onehot,36,4,swish,0.1,True,0.030382667726197,0.0581226928039366,0.0279198339412636,adam,True,
absolute,onehot,36,4,swish,0.1,True,0.03573971461554,0.0546895943438794,0.0159340413080177,adam,True,
absolute,onehot,36,4,swish,0.1,True,0.0036750455435972,0.0675162384605735,0.0266155578739414,adam,True,
absolute,onehot,35,4,swish,0.1,True,0.0462699165783287,0.056203191357689,0.0144259550046768,adam,True,
absolute,onehot,36,4,gelu,0.1,True,0.0427987663661933,0.0544409969873226,0.0157220797240194,adam,True,
absolute,onehot,36,5,gelu,0.1,True,0.0498086971844516,0.0546130485251393,0.0094104107359994,adam,True,
absolute,onehot,35,4,tanh,0.1,True,0.041230793029082,0.0711409013316966,0.0297083276726681,adam,True,
absolute,onehot,34,4,gelu,0.0,True,0.0377458850015956,0.0629233862125642,0.021677499544371,adam,True,
absolute,onehot,35,4,swish,0.1,True,0.001273537914787,0.0692503877779565,0.0203518310295413,adam,True,
absolute,onehot,36,4,gelu,0.1,True,0.0461392521546089,0.0531595624450505,0.0113280740047678,adam,True,
absolute,onehot,35,4,gelu,0.1,True,0.0432292034665208,0.050570283964045,0.0077138792418762,adam,True,
absolute,onehot,36,4,gelu,0.1,True,0.0333795743680094,0.056080274732179,0.0150054036238116,adam,True,
absolute,onehot,36,4,gelu,0.1,True,0.0498735897311874,0.0558239859952397,0.014483031100987,adam,True,
absolute,onehot,34,4,swish,0.1,True,0.0398121845978088,0.0612231226959184,0.0217615107982679,adam,True,
absolute,onehot,35,4,gelu,0.1,True,0.0441210357887088,0.0507957764301814,0.0081537858053684,adam,True,
absolute,onehot,36,4,gelu,0.1,True,0.0351778833404872,0.061058626168673,0.0194708320504273,adam,True,
absolute,onehot,35,4,mish,0.1,True,0.0456263205450619,0.0529639493811736,0.018208486382288,adam,True,
absolute,onehot,36,4,relu,0.1,True,0.0402069286047271,0.0482261918807893,0.0100581844724031,adam,True,
absolute,onehot,36,4,gelu,0.1,True,0.0106830435541512,0.0637363688481941,0.0218505385934144,adam,True,
absolute,onehot,36,4,relu,0.1,True,0.0371650210604424,0.0585126669421529,0.0172782523894312,adam,True,
absolute,onehot,36,4,relu,0.1,True,0.0398982726592077,0.0682338674933941,0.0181393236364681,adam,True,
absolute,onehot,25,4,relu,0.1,True,0.0464928750151751,0.0543356784833202,0.0067644622799317,adam,True,
absolute,onehot,36,4,relu,0.1,True,0.0404122665982993,0.0574095408972964,0.0117193579208474,adam,True,
absolute,onehot,35,4,relu,0.1,True,0.0337765732412464,0.0656248931911096,0.016209138522365,adam,True,
absolute,onehot,36,3,gelu,0.1,True,0.0499840634770844,0.0577771210631612,0.0159581693110771,adam,True,
absolute,onehot,35,4,swish,0.1,True,0.0374338344838806,0.0491003532729226,0.0128931886302164,adam,True,
absolute,onehot,36,4,swish,0.1,True,0.0306793542244329,0.0526169149177578,0.0114200620717714,adam,True,
absolute,onehot,35,4,swish,0.0,True,0.0359964865110892,0.0497702717700457,0.0164605400192719,adam,True,
absolute,onehot,34,5,swish,0.0,True,0.034205592868364,0.0558640005693108,0.0196775350404442,adam,True,
absolute,onehot,35,4,swish,0.0,True,0.0318492122806802,0.0573506700933498,0.0183373897807799,adam,True,
absolute,onehot,35,4,swish,0.0,True,0.0368866396111139,0.0619433250939539,0.0151327746190049,adam,True,
absolute,onehot,35,4,swish,0.0,True,0.0294902573393026,0.0571446976626516,0.0183059815689285,adam,True,
absolute,onehot,34,4,swish,0.1,True,0.0360641686813053,0.0532524280630474,0.0127503447125771,adam,True,
absolute,onehot,35,4,swish,0.0,True,0.0373576604243904,0.0589562308020291,0.0217637167598903,adam,True,
absolute,onehot,35,4,swish,0.0,True,0.0389986009991468,0.0500730157412078,0.0184927468743885,adam,True,
absolute,onehot,36,4,swish,0.1,True,0.0023747975076328,0.067170321604746,0.0242305004966812,adam,True,
absolute,onehot,34,4,swish,0.1,True,0.0430355230103764,0.0498181303275922,0.009512613810706,adam,True,
absolute,onehot,34,4,swish,0.1,True,0.0437381713231174,0.0609889555809495,0.0203836995236348,adam,True,
absolute,onehot,27,4,swish,0.1,True,0.0429032322050214,0.0577481593698622,0.0180196889958038,adam,True,
absolute,onehot,35,4,swish,0.1,True,0.0413503790552812,0.0549859257578007,0.0148709945942998,adam,True,
absolute,onehot,36,4,swish,0.0,True,0.0465139705985988,0.0581000264423512,0.0160827810186012,adam,True,
absolute,onehot,35,4,leakyrelu,0.1,True,0.0391450273659396,0.0614888585253371,0.0229825484007243,adam,True,
absolute,onehot,35,4,swish,0.1,True,0.0440360072778659,0.0503467012529496,0.0125946863595306,adam,True,
absolute,onehot,36,4,swish,0.1,True,0.047015906991312,0.0560695463108414,0.0161796698938294,adam,True,
absolute,onehot,35,3,relu,0.1,True,0.04179436279014,0.0611236342065685,0.0144411965861226,adam,True,
absolute,onehot,36,4,swish,0.1,True,0.0378636162673432,0.0556571257247083,0.0151461495738999,adam,True,
absolute,onehot,22,4,tanh,0.1,True,0.0470745135163351,0.0628832319404759,0.0097542052283241,adam,True,
absolute,onehot,36,4,swish,0.1,True,0.0437955456128634,0.0572809241071583,0.0168125227970509,adam,True,
absolute,onehot,34,4,swish,0.1,True,0.0498682059428111,0.0495704436885181,0.0075105590248368,adam,True,
absolute,onehot,34,4,swish,0.1,True,0.0490593434103761,0.0586850066840264,0.0126739018607803,adam,True,
absolute,onehot,33,4,swish,0.1,True,0.0404532721736322,0.0557993257613655,0.0226503412975106,adam,True,
absolute,onehot,34,5,swish,0.1,True,0.0498203612458709,0.0618600081560175,0.01242017858018,adam,True,
absolute,onehot,34,4,swish,0.1,True,0.0436943698418971,0.0557818014171378,0.0131139649032428,adam,True,
absolute,onehot,35,4,swish,0.1,True,0.0340701874080934,0.055077557060039,0.0174865248503321,adam,True,
absolute,onehot,34,4,swish,0.1,True,0.0030207949938389,0.0662177979520848,0.0265539127801089,adam,True,
absolute,onehot,35,4,relu,0.0,True,0.0382859184841853,0.0628845039139607,0.0197175341466498,adam,True,
absolute,onehot,35,4,swish,0.1,True,0.0455761104660377,0.0538320383690905,0.0120191721339397,adam,True,
absolute,onehot,34,4,leakyrelu,0.1,True,0.0499151767203648,0.0539527143744588,0.0074340924620392,adam,True,
absolute,onehot,35,4,gelu,0.1,True,0.0413141706329113,0.0536189931667473,0.0088310410055138,adam,True,
absolute,onehot,36,4,swish,0.1,True,0.0448867356592199,0.0580965836701488,0.0106820298339158,adam,True,
absolute,onehot,35,4,gelu,0.1,True,0.0371056971627141,0.056945073779132,0.0227714058769154,adam,True,
absolute,onehot,34,4,gelu,0.1,True,0.0409314581387708,0.0546703811439874,0.0112818121559698,adam,True,
absolute,onehot,36,4,swish,0.1,True,0.0461837679647042,0.0552890689496743,0.0168269161786671,adam,True,
absolute,onehot,35,4,gelu,0.1,True,0.0422694710541207,0.0540759804117029,0.0127452719426074,adam,True,
absolute,onehot,35,4,swish,0.1,True,0.0061941986489229,0.0622869356037798,0.0211427171547067,adam,True,
absolute,onehot,36,4,gelu,0.1,True,0.0352109620642853,0.0501836041756651,0.0145306183641236,adam,True,
absolute,onehot,36,4,relu,0.1,True,0.049884405167824,0.0578681893013616,0.0085856801220561,adam,True,
absolute,onehot,34,4,gelu,0.0,True,0.0394694006222073,0.0496802174162582,0.014551842811209,adam,True,
absolute,onehot,33,3,tanh,0.0,True,0.0328147870385494,0.0750704768882792,0.0350698562252139,adam,True,
absolute,onehot,34,4,gelu,0.0,True,0.0389970406595813,0.0626276250607588,0.0239413641015281,adam,True,
absolute,onehot,33,4,swish,0.0,True,0.0365510328062164,0.0620137894787518,0.0231780681521594,adam,True,
absolute,onehot,34,4,gelu,0.1,True,0.0397920304726554,0.0529696724930322,0.0100449475145484,adam,True,
absolute,onehot,36,4,swish,0.0,True,0.0328741274960414,0.0552602312531865,0.0187693755402782,adam,True,
absolute,onehot,33,5,gelu,0.0,True,0.0364972885153544,0.0655659511039791,0.0204668529212999,adam,True,
absolute,onehot,35,4,gelu,0.0,True,0.0429171662852499,0.0635492129872765,0.0218262828126932,adam,True,
absolute,onehot,36,4,swish,0.0,True,0.0394894309123417,0.0536931601283787,0.0244835084498132,adam,True,
absolute,onehot,34,4,gelu,0.1,True,0.0136776182819448,0.0562128628268696,0.0218142528699504,adam,True,
absolute,onehot,28,4,relu,0.0,True,0.0164887044141327,0.0678135870237169,0.0294907794584935,adam,True,
absolute,onehot,35,4,gelu,0.1,True,0.0278136948241071,0.0574676068097023,0.0245709434854339,adam,True,
absolute,onehot,36,4,leakyrelu,0.1,True,0.0189889063188787,0.0535766709494925,0.0217648816230179,adam,True,
absolute,onehot,35,4,swish,0.1,True,0.0444628172366714,0.0559487284458823,0.0093139791695708,adam,True,
absolute,onehot,36,4,gelu,0.1,True,0.041471755461209,0.05089743623616,0.0148974053382899,adam,True,
absolute,onehot,35,4,gelu,0.1,True,0.0349620585879205,0.056960665250675,0.0167807398493921,adam,True,
absolute,onehot,34,4,swish,0.1,True,0.0382602379217287,0.0514870008060512,0.0122124843663409,adam,True,
absolute,onehot,36,4,gelu,0.1,True,0.0303383039673872,0.0535799979035323,0.0160810039105486,adam,True,
absolute,onehot,34,4,swish,0.1,True,0.0456944707539385,0.0601861144019706,0.0182838985810646,adam,True,
absolute,onehot,35,4,gelu,0.1,True,0.0417918572450449,0.0513874772138463,0.0130673257477339,adam,True,
absolute,onehot,36,4,gelu,0.0,True,0.0499322665741504,0.0628900407957537,0.0160328364765702,adam,True,
absolute,onehot,35,4,swish,0.1,True,0.0443013215141204,0.0538367768393501,0.0159790055370121,adam,True,
absolute,onehot,36,4,mish,0.1,True,0.0382828919828537,0.0542636136467289,0.0058742023851501,adam,True,
absolute,onehot,35,4,tanh,0.1,True,0.0461766254652069,0.0789628036745852,0.0228516692604134,adam,True,
absolute,onehot,36,3,gelu,0.1,True,0.0421343255738726,0.0540174289870051,0.0160136895210034,adam,True,
absolute,onehot,35,4,relu,0.1,True,0.0350617802997393,0.0637499792022891,0.0117693224313936,adam,True,
absolute,onehot,34,4,swish,0.1,True,0.0043791059910495,0.0664123173093819,0.0224393350517704,adam,True,
absolute,onehot,36,4,gelu,0.1,True,0.0396316696326304,0.0536281676251273,0.0120026704891792,adam,True,
absolute,onehot,35,4,mish,0.1,True,0.031307523831665,0.0576268526057194,0.0113715712910769,adam,True,
absolute,onehot,36,5,gelu,0.0,True,0.0466464574804635,0.0534297043820098,0.0172401162931935,adam,True,
absolute,onehot,34,4,swish,0.1,True,0.0499853053496869,0.0496783741638467,0.0109951821915054,adam,True,
absolute,onehot,18,4,gelu,0.1,True,0.0464148496174577,0.0651056335748135,0.025499659743984,adam,True,
absolute,onehot,35,4,mish,0.1,True,0.0497815230408522,0.0600357933911343,0.0219878720760354,adam,True,
absolute,onehot,36,4,swish,0.1,True,0.0497699206510097,0.0568232124301971,0.0131676813062939,adam,True,
absolute,onehot,35,4,gelu,0.1,True,0.043956844238717,0.0553634209345503,0.0116606426360569,adam,True,
absolute,onehot,36,4,gelu,0.1,True,0.0375466858008158,0.0575750263253574,0.0193543637357983,adam,True,
absolute,onehot,35,4,swish,0.1,True,0.0454480327292829,0.054244668288729,0.0137712165183985,adam,True,
absolute,onehot,34,4,mish,0.1,True,0.040907935247082,0.0504887034404633,0.0110305927350791,adam,True,
absolute,onehot,23,4,leakyrelu,0.0,True,0.0336869427478899,0.0661535951035544,0.0186875350158588,adam,True,
absolute,onehot,32,4,gelu,0.1,True,0.0019062728892544,0.075134753083236,0.0304924445711174,adam,True,
absolute,onehot,36,4,relu,0.1,True,0.0467039364182504,0.056899537058268,0.0067610686634801,adam,True,
absolute,onehot,35,4,gelu,0.1,True,0.0412807949389049,0.0475020627039369,0.0065221069199677,adam,True,
absolute,onehot,36,4,gelu,0.1,True,0.0418676595139795,0.0583701384611084,0.0165698717746111,adam,True,
absolute,onehot,34,4,gelu,0.1,True,0.0498087015948258,0.0541923199855537,0.0137841488466778,adam,True,
absolute,onehot,35,4,gelu,0.1,True,0.0432170697527187,0.0499435491996239,0.0099023240728844,adam,True,
absolute,onehot,35,3,gelu,0.1,True,0.0467574341028022,0.0512747943561352,0.0142062772218883,adam,True,
absolute,onehot,21,4,gelu,0.1,True,0.0403200288974502,0.0550289915921783,0.0147516173053425,adam,True,
absolute,onehot,36,4,gelu,0.1,True,0.0447316401133676,0.0610881631003846,0.0149408111076754,adam,True,
absolute,onehot,36,4,gelu,0.1,True,0.038883904730432,0.0513414394356079,0.0070319892343939,adam,True,
absolute,onehot,35,4,mish,0.1,True,0.0498180372790264,0.046982405572323,0.0075944136693061,adam,True,
absolute,onehot,34,4,mish,0.1,True,0.0498539005269247,0.0555713818107249,0.0117734566123288,adam,True,
absolute,onehot,35,4,mish,0.1,True,0.0436835199089676,0.0501409787763589,0.010183221247689,adam,True,
absolute,onehot,33,5,mish,0.1,True,0.0458965707077083,0.058481956251712,0.0072209844473623,adam,True,
absolute,onehot,24,4,mish,0.1,True,0.040412531896451,0.0558326956207021,0.0226247453679228,adam,True,
absolute,onehot,29,4,mish,0.1,True,0.0429777675344704,0.0564944550603437,0.0201336133563121,adam,True,
absolute,onehot,35,4,mish,0.1,True,0.0499068430908695,0.0577914123828451,0.0166730947582301,adam,True,
absolute,onehot,34,4,mish,0.1,True,0.0377647924074851,0.0565642197800047,0.0151228642096229,adam,True,
absolute,onehot,35,4,mish,0.1,True,0.046743007942751,0.0534467939880103,0.0125510120503724,adam,True,
absolute,onehot,34,4,tanh,0.1,True,0.042415230889645,0.0710793603614779,0.0148242167319241,adam,True,
absolute,onehot,35,4,mish,0.1,True,0.0358866523835725,0.055008900153411,0.0218141689099364,adam,True,
absolute,onehot,35,4,mish,0.1,True,0.0499128998004423,0.0582341904919502,0.0155972587971324,adam,True,
absolute,onehot,34,4,relu,0.1,True,0.0397479997139793,0.0594461773530981,0.0106592034621093,adam,True,
absolute,onehot,35,4,gelu,0.1,True,0.0461003495501704,0.0501232278090353,0.0078653253080887,adam,True,
absolute,onehot,35,4,mish,0.1,True,0.0432846877263181,0.0531334351457095,0.0213474556313274,adam,True,
absolute,onehot,36,4,gelu,0.1,True,0.0408140347917879,0.0507389489360174,0.0102297625907093,adam,True,
absolute,onehot,35,4,gelu,0.1,True,0.0372719184539359,0.0568006807016615,0.0074146907768123,adam,True,
absolute,onehot,36,4,mish,0.1,True,0.0471584376562073,0.0488046638328934,0.0138614930072725,adam,True,
absolute,onehot,36,4,mish,0.1,True,0.0473325238761908,0.0582108803963744,0.0139849376752336,adam,True,
absolute,onehot,36,3,mish,0.1,True,0.0074852602531338,0.0632075000667993,0.0221277239139187,adam,True,
absolute,onehot,36,4,mish,0.1,True,0.0499354942985902,0.0521449308348118,0.0141642544607517,adam,True,
absolute,onehot,36,4,mish,0.1,True,0.0460762526282963,0.0464836150197568,0.007660713303177,adam,True,
absolute,onehot,36,4,mish,0.1,True,0.0441259698645521,0.0517986771554235,0.0097525230203985,adam,True,
absolute,onehot,36,4,mish,0.1,True,0.0010188810848835,0.0785859873471366,0.0271922057038522,adam,True,
absolute,onehot,36,4,mish,0.1,True,0.0441736511013736,0.0516592126434479,0.0111061502808703,adam,True,
absolute,onehot,36,4,mish,0.1,True,0.0459880877457339,0.0526330162867673,0.0099291434702693,adam,True,
absolute,onehot,36,4,mish,0.1,True,0.0422443644787048,0.0587434160090466,0.019793216851954,adam,True,
absolute,onehot,36,5,mish,0.1,True,0.0464582466592583,0.0603384698003002,0.012744268320316,adam,True,
absolute,onehot,36,4,mish,0.1,True,0.0415991578096706,0.0485963488862657,0.01225873948234,adam,True,
absolute,onehot,36,4,mish,0.1,True,0.0343642560938009,0.0533769078043959,0.0148134304296123,adam,True,
absolute,onehot,36,4,mish,0.1,True,0.0373164269258306,0.0562513914048925,0.0162341097324002,adam,True,
absolute,onehot,36,4,mish,0.2,True,0.031914174377137,0.0546829122312954,0.0140472940464674,adam,True,
absolute,onehot,26,4,mish,0.1,True,0.0401504139866141,0.0538819956664763,0.0123257792782665,adam,True,
absolute,onehot,36,4,mish,0.1,True,0.0412331505217746,0.0552100443593736,0.0107860975647701,adam,True,
absolute,onehot,35,4,mish,0.1,True,0.037789392431297,0.0494609106284385,0.0120823864027542,adam,True,
absolute,onehot,36,4,mish,0.1,True,0.0422923116608855,0.0496102677418318,0.0110715220539014,adam,True,
absolute,onehot,36,4,mish,0.1,True,0.0355534278345499,0.0554687139861055,0.015795176297605,adam,True,
absolute,onehot,35,4,mish,0.1,True,0.0434877803079879,0.0582073697955968,0.0129824651796879,adam,True,
absolute,onehot,36,4,mish,0.1,True,0.0400260205422926,0.0572936366040152,0.011436967809686,adam,True,
absolute,onehot,35,4,leakyrelu,0.1,True,0.0210948432210547,0.0586160110002706,0.0184383716645567,adam,True,
absolute,onehot,36,4,mish,0.1,True,0.0448133315499808,0.0550899554247099,0.0147732141668884,adam,True,
absolute,onehot,35,3,relu,0.1,True,0.0385073002053546,0.0534844319450834,0.0130723889247548,adam,True,
absolute,onehot,36,4,mish,0.2,True,0.0337584681914747,0.0625072426241312,0.0201537841479071,adam,True,
absolute,onehot,16,4,mish,0.1,True,0.0460797558335306,0.0544166524586696,0.019198444525393,adam,True,
absolute,onehot,35,4,mish,0.1,True,0.0414600844391046,0.0529811539740796,0.0098098451361767,adam,True,
absolute,onehot,35,4,tanh,0.1,True,0.0368941562751212,0.0644258547206481,0.015289149579631,adam,True,
absolute,onehot,36,4,mish,0.1,True,0.043788309095141,0.0593559673986338,0.0150549474247037,adam,True,
absolute,onehot,35,4,mish,0.1,True,0.0394836712683516,0.0539693388959674,0.0188000648780617,adam,True,
absolute,onehot,36,5,gelu,0.1,True,0.0466640198168709,0.0565323238987674,0.0100735124471308,adam,True,
absolute,onehot,36,4,relu,0.1,True,0.0422266160683682,0.0524495941873745,0.0075422770515424,adam,True,
absolute,onehot,35,4,gelu,0.1,True,0.0353058598154295,0.0594557429343659,0.0242505294753923,adam,True,
absolute,onehot,36,4,mish,0.1,True,0.0462024183465148,0.0539260062776471,0.0157356235631571,adam,True,
absolute,onehot,35,4,gelu,0.1,True,0.0398828053320205,0.0535673385579702,0.0185065676886342,adam,True,
absolute,onehot,36,4,mish,0.1,True,0.0442869110265167,0.0508690885119959,0.0136212005402612,adam,True,
absolute,onehot,35,4,gelu,0.2,True,0.0310272771543287,0.0544347272234184,0.0064137888792677,adam,True,
absolute,onehot,36,4,leakyrelu,0.1,True,0.0377261148449682,0.0555630018989414,0.0100767339979499,adam,True,
absolute,onehot,35,4,mish,0.1,True,0.0465866099674333,0.0522179354259435,0.0051778669544071,adam,True,
absolute,onehot,35,4,gelu,0.1,True,0.0411642273641869,0.0518017867487884,0.0087667299431428,adam,True,
absolute,onehot,36,4,gelu,0.1,True,0.0429631467157319,0.0609254240459223,0.0195143397645737,adam,True,
absolute,onehot,36,4,mish,0.1,True,0.0499879488141492,0.0514334043844491,0.0127449744516213,adam,True,
absolute,onehot,35,4,relu,0.1,True,0.0334194377123538,0.0637639807584623,0.0126779327016287,adam,True,
absolute,onehot,36,4,gelu,0.1,True,0.0367427530442122,0.0541255441385414,0.0134200202050235,adam,True,
absolute,onehot,35,4,mish,0.1,True,0.0467010758406549,0.0550977094488424,0.0131835249997477,adam,True,
absolute,onehot,36,3,gelu,0.1,True,0.0253993830888598,0.0557612069206813,0.0182883418627834,adam,True,
absolute,onehot,35,4,mish,0.1,True,0.0402798888469631,0.0615853864578138,0.0229052256500069,adam,True,
absolute,onehot,36,4,gelu,0.1,True,0.0011357220459667,0.0719892587339866,0.0218371594664544,adam,True,
absolute,onehot,35,4,tanh,0.2,True,0.043862202240871,0.0775717420506578,0.0135650884844623,adam,True,
absolute,onehot,36,4,mish,0.1,True,0.0287488203387885,0.0554213901535379,0.0157781026743743,adam,True,
absolute,onehot,35,4,gelu,0.1,True,0.0381048869110929,0.0543392601478938,0.0166408742541523,adam,True,
absolute,onehot,36,4,gelu,0.1,True,0.0469943962930651,0.0500671880334533,0.0115521452102196,adam,True,
absolute,onehot,35,5,mish,0.1,True,0.0426580464244008,0.0541117524086515,0.0043760993965698,adam,True,
absolute,onehot,36,4,gelu,0.1,True,0.0347233175403959,0.0608025827206426,0.0234776951799064,adam,True,
absolute,onehot,36,4,mish,0.1,True,0.0468264716747753,0.0563377791248814,0.0135493334237425,adam,True,
absolute,onehot,35,4,relu,0.1,True,0.0399891027170057,0.0657940308885701,0.0164603585414045,adam,True,
absolute,onehot,36,4,gelu,0.1,True,0.0499964196330601,0.049065277852,0.0122771208635797,adam,True,
absolute,onehot,35,4,mish,0.1,True,0.0469981117762477,0.0519419524819157,0.0114573866558651,adam,True,
absolute,onehot,36,4,gelu,0.1,True,0.0497531483499414,0.047702105763783,0.0105054848865826,adam,True,
absolute,onehot,36,4,gelu,0.1,True,0.0489327476636825,0.0604390604980842,0.0172062313220297,adam,True,
absolute,onehot,36,4,mish,0.2,True,0.0496728379070773,0.0649937194498776,0.0106021877722848,adam,True,
absolute,onehot,36,4,gelu,0.1,True,0.0431039092184795,0.0486147859992564,0.0126891121977968,adam,True,
absolute,onehot,36,4,gelu,0.1,True,0.0437118048302109,0.0583357781681479,0.0125001619100834,adam,True,
absolute,onehot,36,4,gelu,0.1,True,0.0434880074796813,0.0546636954723219,0.0091213174657859,adam,True,
absolute,onehot,36,4,gelu,0.1,True,0.0415725966166569,0.0592891290818399,0.0185161965440944,adam,True,
absolute,onehot,36,4,gelu,0.1,True,0.0442866643745074,0.0552673333368306,0.0122175697228106,adam,True,
absolute,onehot,35,4,gelu,0.1,True,0.0053464596714097,0.06487525061645,0.0235141219981787,adam,True,
absolute,onehot,36,4,gelu,0.1,True,0.046571653822419,0.0619078829411424,0.0151847327250569,adam,True,
absolute,onehot,36,4,gelu,0.1,True,0.0398792105476376,0.0570936459055123,0.0108346242865548,adam,True,
absolute,onehot,35,4,gelu,0.1,True,0.0497513600085852,0.0589732308111372,0.0206670820247771,adam,True,
absolute,onehot,35,3,gelu,0.1,True,0.0435999978481236,0.059998939095739,0.0153072579322981,adam,True,
absolute,onehot,36,4,leakyrelu,0.1,True,0.0417367793326522,0.0513577946522366,0.0039248303351928,adam,True,
absolute,onehot,36,4,gelu,0.2,True,0.0462244499894597,0.0577561791739466,0.0084503862712354,adam,True,
absolute,onehot,35,4,gelu,0.1,True,0.0389571986325723,0.0500172635901461,0.0115430345863349,adam,True,
absolute,onehot,36,4,relu,0.1,True,0.0498665749095407,0.0563994446372325,0.0094521264498492,adam,True,
absolute,onehot,35,5,gelu,0.1,True,0.044090377108573,0.0597915800874168,0.0085109213093854,adam,True,
absolute,onehot,36,4,gelu,0.1,True,0.0358101944941609,0.0548423204115467,0.0096749471677207,adam,True,
absolute,onehot,35,4,gelu,0.1,True,0.0410363054640595,0.0570150068270145,0.0157473916045054,adam,True,
absolute,onehot,36,4,gelu,0.1,True,0.0090284882852798,0.0624413579210131,0.0221231499093668,adam,True,
absolute,onehot,19,4,gelu,0.1,True,0.0459277791480446,0.0500076874169377,0.011500069832965,adam,True,
absolute,onehot,35,4,tanh,0.1,True,0.0381150392656594,0.0624397959411581,0.014111557286982,adam,True,
absolute,onehot,36,4,gelu,0.1,True,0.0499157336486555,0.0577614034879904,0.0138825848036399,adam,True,
absolute,onehot,36,4,relu,0.1,True,0.0411167163166624,0.0563150838606661,0.0111582298336626,adam,True,
absolute,onehot,35,4,gelu,0.1,True,0.0450952464950028,0.061641806840653,0.0155350213135701,adam,True,
absolute,onehot,36,4,gelu,0.2,True,0.0120035862577071,0.0539705692495602,0.0209709841000689,adam,True,
absolute,onehot,35,4,gelu,0.1,True,0.0325343271483655,0.0548417704852216,0.0167316514464194,adam,True,
absolute,onehot,34,4,mish,0.1,True,0.0383731628812592,0.0570960610881389,0.0168672170310369,adam,True,
absolute,onehot,36,4,swish,0.1,True,0.0431152791254274,0.0582980257107467,0.0196248875212331,adam,True,
absolute,onehot,35,4,gelu,0.1,True,0.0470441169723025,0.0533400496092318,0.0075709798923934,adam,True,
absolute,onehot,30,4,leakyrelu,0.1,True,0.0361078250512628,0.0629422665228476,0.012125565440877,adam,True,
absolute,onehot,20,4,mish,0.1,True,0.0418831570994072,0.0521009005260165,0.0159435011027185,adam,True,
absolute,onehot,22,4,gelu,0.1,True,0.0458069362812718,0.0634591894377735,0.0224681150767392,adam,True,
absolute,onehot,36,4,mish,0.1,True,0.0387628615911006,0.0521208397912951,0.0132125579300475,adam,True,
absolute,onehot,35,3,swish,0.1,True,0.0431504333656069,0.0567437789102532,0.0150776576527221,adam,True,
absolute,onehot,35,4,gelu,0.1,True,0.0403732314739473,0.054868117368161,0.0143738453547731,adam,True,
absolute,onehot,36,4,relu,0.1,True,0.0105769214814346,0.0694281662872236,0.0297193124810526,adam,True,
absolute,onehot,36,4,gelu,0.2,True,0.0451591107139541,0.0592095781998653,0.0108585724682241,adam,True,
absolute,onehot,28,5,mish,0.1,True,0.0497551497839102,0.0565731844121909,0.016935143431658,adam,True,
absolute,onehot,35,4,gelu,0.1,True,0.0136925608141435,0.0591833610353315,0.0261744951829129,adam,True,
absolute,onehot,34,4,swish,0.1,True,0.0357825183602244,0.0570148850469881,0.0181048412923559,adam,True,
absolute,onehot,36,4,tanh,0.1,True,0.0431371962521986,0.0724369295270341,0.024860997473972,adam,True,
absolute,onehot,35,4,mish,0.1,True,0.0499405249362418,0.0531869553802705,0.0103789024226373,adam,True,
absolute,onehot,31,4,gelu,0.1,True,0.0464901623215787,0.0543128056724553,0.0131290059683279,adam,True,
absolute,onehot,36,4,mish,0.1,True,0.0387330353705037,0.0595960035228457,0.0222168439456035,adam,True,
absolute,onehot,35,4,gelu,0.1,True,0.0418564442168834,0.0568875403917646,0.0204567207584309,adam,True,
absolute,onehot,36,4,swish,0.1,True,0.0464378224218347,0.0514461479855871,0.0096936078171874,adam,True,
absolute,onehot,36,4,gelu,0.1,True,0.0343959789021404,0.0535875614641708,0.0175439012712254,adam,True,
absolute,onehot,35,4,mish,0.1,True,0.0380047356039075,0.0557870106467868,0.0177843632703899,adam,True,
absolute,onehot,29,4,gelu,0.1,True,0.0430589378551179,0.0525889392590026,0.0117333367873344,adam,True,
absolute,onehot,34,4,mish,0.2,True,0.0322611703411764,0.0625919263286729,0.0179603092949124,adam,True,
absolute,onehot,36,4,gelu,0.1,True,0.0404654938902074,0.0500681708290355,0.0100790315664995,adam,True,
absolute,onehot,35,4,relu,0.1,True,0.0465789088365231,0.0557494881625183,0.0103540591723541,adam,True,
absolute,onehot,34,4,swish,0.1,True,0.0441777152474818,0.058713542803143,0.0080831666102344,adam,True,
absolute,onehot,36,3,gelu,0.1,True,0.0498637104692664,0.0524192436873353,0.0112504920632226,adam,True,
absolute,onehot,35,4,mish,0.1,True,0.0359843635293784,0.0565741264843565,0.0146867107959952,adam,True,
absolute,onehot,36,4,gelu,0.1,True,0.0403580812238126,0.0549536518473545,0.0124278780659441,adam,True,
absolute,onehot,35,4,mish,0.1,True,0.0467352053171761,0.0618348652435562,0.0110389476721638,adam,True,
absolute,onehot,36,4,swish,0.1,True,0.0435272952078757,0.0542621940505563,0.0162366461646838,adam,True,
absolute,onehot,36,4,leakyrelu,0.1,True,0.03899406522702,0.0526697245130755,0.0057120285878567,adam,True,
absolute,onehot,35,4,gelu,0.1,True,0.0028585618195847,0.0637109213533072,0.0251211624173125,adam,True,
absolute,onehot,35,4,mish,0.2,True,0.0417089246345333,0.0624257128738984,0.0164180405519312,adam,True,
absolute,onehot,36,5,gelu,0.1,True,0.0368605502694211,0.0474677233550111,0.0072550977439223,adam,True,
absolute,onehot,36,5,gelu,0.1,True,0.0461222272527228,0.0535682891488395,0.0073272471049791,adam,True,
absolute,onehot,36,5,gelu,0.1,True,0.049883427050731,0.0597624410770297,0.0083151478627409,adam,True,
absolute,onehot,36,5,gelu,0.1,True,0.0298646726022596,0.0536864500094256,0.0131483322299065,adam,True,
absolute,onehot,36,5,gelu,0.1,True,0.0369323538580629,0.0563692981250319,0.0108631725378228,adam,True,
absolute,onehot,36,5,gelu,0.1,True,0.0434454759743284,0.0583675733226169,0.0122421179241972,adam,True,
absolute,onehot,36,5,gelu,0.1,True,0.0331445179653064,0.0535742541496062,0.0145492025711824,adam,True,
absolute,onehot,17,5,gelu,0.1,True,0.0466675508541301,0.053610675356632,0.0104814533307158,adam,True,
absolute,onehot,23,5,gelu,0.1,True,0.0401040073306222,0.0559187613551172,0.0112497523862287,adam,True,
absolute,onehot,36,5,gelu,0.1,True,0.043113757547768,0.0632999199257584,0.0125899175102911,adam,True,
absolute,onehot,36,5,gelu,0.1,True,0.0355851051745471,0.0498042020606938,0.0084983852663685,adam,True,
absolute,onehot,36,5,mish,0.2,True,0.0469087170945338,0.0727198854001427,0.0142441810030735,adam,True,
absolute,onehot,35,4,gelu,0.1,True,0.0499629044062302,0.0549410657542394,0.0119092148152397,adam,True,
absolute,onehot,43,3,mish,0.1,True,0.014593765972152,0.0654522341328819,0.0264449665793429,adam,True,
absolute,onehot,35,3,leakyrelu,0.1,True,0.0150049778043835,0.0619696221321612,0.0209399558556948,adam,True,
absolute,onehot,60,3,leakyrelu,0.0,True,0.0034359876405443,0.0759243654943191,0.0296307893090294,adam,True,
absolute,onehot,53,3,swish,0.2,True,0.0031538543346632,0.0675185215326165,0.019965814505013,adam,True,
absolute,onehot,38,5,gelu,0.2,True,0.0154478649467027,0.0614971214505882,0.0227127202641985,adam,True,
absolute,onehot,31,4,gelu,0.0,True,0.0017122429972348,0.0688439081241347,0.0167248517290405,adam,True,
absolute,onehot,33,3,swish,0.0,True,0.0039153250012812,0.0625802156184702,0.0144359362561048,adam,True,
absolute,onehot,37,5,mish,0.1,True,0.0025275614890233,0.0665383290866056,0.0266046430206049,adam,True,
absolute,onehot,61,5,gelu,0.0,True,0.0379390088683946,0.0576761642093993,0.0043044218306102,adam,True,
absolute,onehot,53,3,swish,0.1,True,0.0016260452863829,0.0693555157007844,0.0223372700069715,adam,True,
absolute,onehot,64,5,gelu,0.0,True,0.0401893388605958,0.0575393439724708,0.0087425441903418,adam,True,
absolute,onehot,64,5,gelu,0.0,True,0.0487204781438235,0.0687339474923547,0.0154302914513091,adam,True,
absolute,onehot,56,5,gelu,0.0,True,0.0375894367524583,0.0634324858387481,0.0127542853378707,adam,True,
absolute,onehot,64,5,gelu,0.0,True,0.0304237521862864,0.0727398272548304,0.0210728077641999,adam,True,
absolute,onehot,48,4,gelu,0.0,True,0.0079008680334578,0.0602354321858011,0.0199586600467656,adam,True,
absolute,onehot,58,5,gelu,0.0,True,0.0237936108814397,0.0550869227428887,0.0124415964097224,adam,True,
absolute,onehot,58,5,gelu,0.2,True,0.0212298640507788,0.053767517806032,0.0087139804913448,adam,True,
absolute,onehot,47,5,mish,0.2,True,0.0219692234406018,0.0577929627867052,0.0150379599658942,adam,True,
absolute,onehot,56,4,leakyrelu,0.2,True,0.0070735444328498,0.0676765014329785,0.0246597925268397,adam,True,
absolute,onehot,51,5,gelu,0.2,True,0.0102731827699619,0.0558051975339639,0.0178618808031594,adam,True,
absolute,onehot,42,5,gelu,0.2,True,0.0242757442154145,0.0559867960284486,0.0112951309476691,adam,True,
absolute,onehot,51,5,gelu,0.2,True,0.0102239480182725,0.05941142756891,0.0237218517766978,adam,True,
absolute,onehot,57,5,gelu,0.2,True,0.0106628414418954,0.0543985555945956,0.016237486565584,adam,True,
absolute,onehot,59,5,gelu,0.2,True,0.0209457874293256,0.0566837235148445,0.0175650297436253,adam,True,
absolute,onehot,57,5,gelu,0.2,True,0.0052092022912262,0.0603753122941398,0.0239470535426194,adam,True,
absolute,onehot,58,4,gelu,0.2,True,0.0105230576708473,0.0622182331948168,0.0211044739023573,adam,True,
absolute,onehot,53,5,swish,0.2,True,0.0180827585432976,0.0556701272550009,0.0222771278309397,adam,True,
absolute,onehot,61,5,mish,0.2,True,0.0295625428652738,0.0570428741370605,0.0153691069444389,adam,True,
absolute,onehot,50,5,leakyrelu,0.1,True,0.0127129056522087,0.0577677077428209,0.0207684517261741,adam,True,
absolute,onehot,44,4,mish,0.2,True,0.0058448543925031,0.058112537621869,0.0234755783159945,adam,True,
absolute,onehot,54,5,gelu,0.1,True,0.0010386968945436,0.0701403879847463,0.0283164248001794,adam,True,
absolute,onehot,55,5,swish,0.2,True,0.0183426357240531,0.055631267380458,0.0251187133713732,adam,True,
absolute,onehot,55,5,swish,0.2,True,0.0138715331963854,0.0541971596076718,0.0237505950150356,adam,True,
absolute,onehot,60,5,swish,0.2,True,0.0130023664608483,0.058452056444115,0.0245201916617427,adam,True,
absolute,onehot,62,5,swish,0.2,True,0.026451956700279,0.0572873698115588,0.0100099927726988,adam,True,
absolute,onehot,58,3,leakyrelu,0.2,True,0.0156841085753049,0.0653759015465708,0.0245152798601312,adam,True,
absolute,onehot,49,5,swish,0.2,True,0.0095876869996925,0.0637546338886352,0.0254822552535466,adam,True,
absolute,onehot,45,3,gelu,0.0,True,0.0136787795710789,0.0604436518099661,0.0209428222552358,adam,True,
absolute,onehot,40,5,leakyrelu,0.1,True,0.0183110870245702,0.0626947388328643,0.017607355937992,adam,True,
absolute,onehot,62,5,swish,0.0,True,0.0086330527376406,0.0579610131060363,0.0278071422966232,adam,True,
absolute,onehot,29,4,gelu,0.2,True,0.0060593241878308,0.0696630456796397,0.0232659042665088,adam,True,
absolute,onehot,55,5,swish,0.2,True,0.0171666870599082,0.0608632295541389,0.0152120878795972,adam,True,
absolute,onehot,55,5,swish,0.2,True,0.0224008641939941,0.0550205159964729,0.0124758483212575,adam,True,
absolute,onehot,52,5,swish,0.2,True,0.0297453192783288,0.0606547636716312,0.0127524141614217,adam,True,
absolute,onehot,58,3,swish,0.2,True,0.0225351935353141,0.0623312291233236,0.0254436473377297,adam,True,
absolute,onehot,56,5,swish,0.0,True,0.0339518519822949,0.0519388587082835,0.0041552781445434,adam,True,
absolute,onehot,54,5,swish,0.1,True,0.0491534173268811,0.05315990522511,0.007106647291393,adam,True,
absolute,onehot,53,5,swish,0.1,True,0.0493755942751615,0.0665943358354105,0.0192452658923747,adam,True,
absolute,onehot,56,5,swish,0.1,True,0.0400385438035149,0.0600728934718239,0.0138722300062777,adam,True,
absolute,onehot,61,3,swish,0.1,True,0.0367592916186782,0.0605886557814984,0.0254139458525879,adam,True,
absolute,onehot,47,5,mish,0.1,True,0.0320107136999334,0.0497938787307752,0.0124101881820024,adam,True,
absolute,onehot,47,5,mish,0.1,True,0.0332172911312289,0.0523255728908136,0.0121757537084313,adam,True,
absolute,onehot,46,5,mish,0.1,True,0.0335135709890041,0.0531647694701468,0.0118833692721637,adam,True,
absolute,onehot,46,5,mish,0.1,True,0.0435044197726741,0.0707224921368189,0.0190358469636864,adam,True,
absolute,onehot,43,5,mish,0.1,True,0.0347343388806789,0.0487788829161759,0.0095685786799436,adam,True,
absolute,onehot,41,5,mish,0.1,True,0.0334459109299125,0.0495705232596488,0.0043140453510794,adam,True,
absolute,onehot,36,5,mish,0.1,True,0.0331415766315796,0.0522861442268589,0.0090748637355059,adam,True,
absolute,onehot,37,5,mish,0.1,True,0.0279925681266362,0.0691231979288341,0.0328662146204039,adam,True,
absolute,onehot,34,4,mish,0.1,True,0.0334038299110286,0.0559434605592556,0.0145567719098713,adam,True,
absolute,onehot,41,5,mish,0.1,True,0.0436336223640847,0.0537896333526014,0.0116064090960361,adam,True,
absolute,onehot,43,5,mish,0.1,True,0.0341523218491912,0.0568096291283026,0.0209418535345444,adam,True,
absolute,onehot,39,5,mish,0.1,True,0.0451121634885873,0.0544645287841218,0.0110718265238212,adam,True,
absolute,onehot,36,5,mish,0.1,True,0.0256910500282651,0.0606216764768546,0.0248064197265296,adam,True,
absolute,onehot,42,5,mish,0.1,True,0.0376602126893756,0.0496801806278415,0.0076955340175836,adam,True,
absolute,onehot,42,5,mish,0.1,True,0.0325500735053897,0.0519982780995809,0.0110145383096558,adam,True,
absolute,onehot,43,5,mish,0.1,True,0.0386493816148791,0.0544937676399258,0.0116918835735671,adam,True,
absolute,onehot,32,5,mish,0.1,True,0.0299502550255203,0.053407096812925,0.0143709678342187,adam,True,
absolute,onehot,41,5,mish,0.0,True,0.0024531539310011,0.0679751350485396,0.0257691878779042,adam,True,
absolute,onehot,44,5,mish,0.1,True,0.026587643385021,0.0535498747238759,0.0186375039543925,adam,True,
absolute,onehot,37,4,mish,0.1,True,0.0363399003643826,0.0507065087366879,0.009599600691679,adam,True,
absolute,onehot,39,4,mish,0.1,True,0.0414959945090853,0.0485484101580638,0.0098281291255778,adam,True,
absolute,onehot,39,4,mish,0.1,True,0.0427937297368799,0.059941557053358,0.0199719947577752,adam,True,
absolute,onehot,38,4,mish,0.1,True,0.0378760098854939,0.0618021328277988,0.0221924815136282,adam,True,
absolute,onehot,41,4,mish,0.1,True,0.0359300441995467,0.0517223651241844,0.0095644772719596,adam,True,
absolute,onehot,40,4,mish,0.0,True,0.0363849777598886,0.0561981924108212,0.0200558486544031,adam,True,
absolute,onehot,38,4,mish,0.1,True,0.0204046522870311,0.0545876115585026,0.0205645624518408,adam,True,
absolute,onehot,42,4,mish,0.1,True,0.041199551759093,0.0531844047188763,0.0141083019543335,adam,True,
absolute,onehot,40,4,mish,0.0,True,0.0244924793176033,0.0558649268835602,0.0169301798459044,adam,True,
absolute,onehot,44,4,mish,0.1,True,0.0285721715764002,0.0617088815037313,0.0169694379251637,adam,True,
absolute,onehot,41,4,mish,0.1,True,0.0499074338755577,0.0450371045182861,0.0087884230680396,adam,True,
absolute,onehot,41,4,mish,0.1,True,0.0498604398704691,0.0572309042119294,0.0079361375890337,adam,True,
absolute,onehot,39,4,mish,0.1,True,0.0445982320120221,0.049890082779626,0.0157254839209664,adam,True,
absolute,onehot,39,4,mish,0.1,True,0.0463340486665888,0.0503305601047406,0.0105740109347924,adam,True,
absolute,onehot,35,4,mish,0.1,True,0.0463067919555284,0.0526878171445866,0.0086036930890287,adam,True,
absolute,onehot,39,4,mish,0.1,True,0.0403150582551836,0.0481643757816093,0.012782385448602,adam,True,
absolute,onehot,39,4,leakyrelu,0.1,True,0.0448860270604351,0.0575065444570484,0.0110908611250645,adam,True,
absolute,onehot,45,4,mish,0.1,True,0.0405924288950507,0.0556779460991181,0.0177317540168615,adam,True,
absolute,onehot,42,4,mish,0.1,True,0.0400132200872017,0.0579405943354761,0.0214692369502255,adam,True,
absolute,onehot,48,4,mish,0.1,True,0.0307135628297206,0.0572394495377486,0.019017682264576,adam,True,
absolute,onehot,38,4,mish,0.1,True,0.0458072838570505,0.0487537086894256,0.010456212754986,adam,True,
absolute,onehot,37,4,mish,0.1,True,0.0401365603624792,0.0529862606944959,0.0117865097353347,adam,True,
absolute,onehot,39,4,mish,0.1,True,0.0465232214291945,0.0503250429023036,0.0109921581399181,adam,True,
absolute,onehot,40,4,mish,0.1,True,0.0493315877819501,0.0488851222594873,0.0079630335502639,adam,True,
absolute,onehot,38,4,mish,0.1,True,0.0310968775862899,0.0635054705232433,0.0308098315158244,adam,True,
absolute,onehot,40,4,mish,0.1,True,0.0044265711852136,0.0643277410924229,0.0236587397561966,adam,True,
absolute,onehot,43,3,mish,0.1,True,0.0499832416460448,0.0577954132406466,0.0208419872482957,adam,True,
absolute,onehot,45,4,leakyrelu,0.1,True,0.0370561774326165,0.0535284583847644,0.0154753532545415,adam,True,
absolute,onehot,36,4,mish,0.1,True,0.0424438352626279,0.0477864206147665,0.012552607660246,adam,True,
absolute,onehot,35,4,mish,0.1,True,0.0277773169635017,0.0614200885379631,0.0268658158816455,adam,True,
absolute,onehot,42,4,mish,0.1,True,0.0412324241633835,0.0531251518355219,0.0141454522759101,adam,True,
absolute,onehot,36,3,mish,0.1,True,0.0348758268346007,0.0558904555896171,0.0179774313611085,adam,True,
absolute,onehot,38,4,mish,0.1,True,0.0437512868964831,0.0558597852166159,0.0129954762889347,adam,True,
absolute,onehot,34,4,mish,0.1,True,0.0435671413541594,0.0558855306254662,0.0199361258378444,adam,True,
absolute,onehot,40,4,mish,0.1,True,0.0381042741032786,0.0517695783697083,0.0076015352799374,adam,True,
absolute,onehot,41,4,mish,0.1,True,0.0309551393632688,0.054572901497827,0.0148337140797311,adam,True,
absolute,onehot,44,4,mish,0.1,True,0.0467647922503445,0.0555185655751524,0.0079443327236285,adam,True,
absolute,onehot,37,4,mish,0.1,True,0.0410657073380234,0.0467034548240317,0.0112486474456861,adam,True,
absolute,onehot,37,4,mish,0.1,True,0.0411934826544176,0.0486728775250064,0.0092758193046591,adam,True,
absolute,onehot,33,4,mish,0.1,True,0.0010137053724877,0.0689312723446052,0.0217770414297227,adam,True,
absolute,onehot,36,4,mish,0.1,True,0.0387698276521771,0.0511006296664403,0.010357077498614,adam,True,
absolute,onehot,37,4,leakyrelu,0.1,True,0.0499954020591195,0.0490697184683069,0.0113573687062986,adam,True,
absolute,onehot,37,4,leakyrelu,0.1,True,0.0423948000303091,0.0540086049185039,0.007797041530819,adam,True,
absolute,onehot,35,4,leakyrelu,0.1,True,0.0497008415728153,0.0575800495615459,0.0066810960125064,adam,True,
absolute,onehot,38,4,leakyrelu,0.1,True,0.0353282481377986,0.0600930586483801,0.0115714277819467,adam,True,
absolute,onehot,36,4,leakyrelu,0.1,True,0.0415650286231069,0.0559241696583659,0.0139933791483827,adam,True,
absolute,onehot,37,4,mish,0.1,True,0.0463311926090456,0.0544229497576562,0.0093322695940872,adam,True,
absolute,onehot,40,4,mish,0.1,True,0.0011938559194663,0.0707473349509126,0.0184676948557521,adam,True,
absolute,onehot,34,4,mish,0.1,True,0.0386364891130844,0.056205018402687,0.0209140219049299,adam,True,
absolute,onehot,42,4,leakyrelu,0.1,True,0.0499502231589635,0.0556998680657885,0.006983321213949,adam,True,
absolute,onehot,38,4,mish,0.1,True,0.0350459964422857,0.0507217894393716,0.0099869188784096,adam,True,
absolute,onehot,41,3,mish,0.1,True,0.0430327295915102,0.0576987047038544,0.0228324876837552,adam,True,
absolute,onehot,37,4,mish,0.1,True,0.0320656007443434,0.0588545271775557,0.02271430357726,adam,True,
absolute,onehot,43,4,mish,0.1,True,0.0390509519380309,0.051313961610239,0.0123123004148913,adam,True,
absolute,onehot,47,5,mish,0.1,True,0.0276933444462536,0.0524917897624269,0.0146039615020158,adam,True,
absolute,onehot,39,4,mish,0.1,True,0.0325731416860348,0.054848970241061,0.0172227204900655,adam,True,
absolute,onehot,40,5,mish,0.1,True,0.002457720032596,0.0659508013455048,0.0226387457781016,adam,True,
absolute,onehot,46,4,mish,0.1,True,0.0027980604201782,0.0675483017387676,0.0265794548545227,adam,True,
absolute,onehot,49,5,mish,0.1,True,0.0459129850139405,0.0636463254539358,0.0068440205476675,adam,True,
absolute,onehot,35,4,mish,0.1,True,0.0251465207404713,0.0619002986636476,0.0250649435438792,adam,True,
absolute,onehot,38,4,mish,0.1,True,0.0361610995206717,0.0503777098932005,0.0195396177013068,adam,True,
absolute,onehot,39,5,mish,0.1,True,0.041296299931714,0.0637025051470535,0.0057745977266835,adam,True,
absolute,onehot,39,4,mish,0.1,True,0.045445975216956,0.055704725802594,0.0133946523464624,adam,True,
absolute,onehot,41,4,mish,0.1,True,0.0431126191621436,0.0514378264674692,0.0144081985752395,adam,True,
absolute,onehot,37,4,mish,0.1,True,0.046943523335452,0.0531091718336975,0.0108868537055518,adam,True,
absolute,onehot,40,4,mish,0.1,True,0.0375423862404956,0.0515597771797182,0.0119486638952008,adam,True,
absolute,onehot,43,4,mish,0.1,True,0.0401412008629925,0.0600071434602165,0.0184700180385852,adam,True,
absolute,onehot,38,4,gelu,0.0,True,0.0292006264058613,0.0608526045337349,0.0167611459530434,adam,True,
absolute,onehot,36,5,mish,0.1,True,0.0114983839300801,0.0562558730633953,0.0245325352850844,adam,True,
absolute,onehot,41,4,leakyrelu,0.1,True,0.0345382379666297,0.0510407719757557,0.0141190676017513,adam,True,
absolute,onehot,42,3,mish,0.1,True,0.0436814658352133,0.0532918134255924,0.0186442212977798,adam,True,
absolute,onehot,39,4,mish,0.1,True,0.0489625513620234,0.0493366014683421,0.0111086564393218,adam,True,
absolute,onehot,39,4,mish,0.1,True,0.0483863170027246,0.0552489881047214,0.0111261188734004,adam,True,
absolute,onehot,40,4,mish,0.1,True,0.0411891345417007,0.0488092208482454,0.0106770107531677,adam,True,
absolute,onehot,40,4,mish,0.1,True,0.0396736788172729,0.0513752143230433,0.0135387672245323,adam,True,
absolute,onehot,37,4,mish,0.1,True,0.0362807306152335,0.0520954706654925,0.0126401925312868,adam,True,
absolute,onehot,38,4,mish,0.1,True,0.0497587994051589,0.0531423900789114,0.0103465639898805,adam,True,
absolute,onehot,36,5,mish,0.1,True,0.0329104735986278,0.0597406284008937,0.0132591473523505,adam,True,
absolute,onehot,40,4,mish,0.1,True,0.0408614614792351,0.0540546925662845,0.0127698759242419,adam,True,
absolute,onehot,41,4,mish,0.1,True,0.0455451738423333,0.0542055510510281,0.0158644034370146,adam,True,
absolute,onehot,42,5,mish,0.1,True,0.0376562264456364,0.0646719850156517,0.021734247393369,adam,True,
absolute,onehot,44,4,leakyrelu,0.1,True,0.0417815730408546,0.0572016136675405,0.0102350310252088,adam,True,
absolute,onehot,39,4,mish,0.1,True,0.044403027348389,0.0544344811077957,0.0099305637727457,adam,True,
absolute,onehot,38,4,mish,0.1,True,0.0496502300870023,0.0528899429048866,0.0152736202334925,adam,True,
absolute,onehot,37,4,mish,0.1,True,0.0449262562701961,0.0476761217018063,0.0104049076866495,adam,True,
absolute,onehot,36,4,mish,0.1,True,0.037615198427784,0.0512262431339025,0.0132768644580492,adam,True,
absolute,onehot,37,4,mish,0.1,True,0.0308035847395376,0.0570058196155757,0.023851806944407,adam,True,
absolute,onehot,35,4,mish,0.1,True,0.0419238183641914,0.0512568636930286,0.0107306869251152,adam,True,
absolute,onehot,38,4,mish,0.1,True,0.0347549981851438,0.0486464414478641,0.0122711872897276,adam,True,
absolute,onehot,38,4,mish,0.1,True,0.0460760825276319,0.0496888779074963,0.0075715679253658,adam,True,
absolute,onehot,39,4,mish,0.0,True,0.0356987313639636,0.0575438389071977,0.0174650587430762,adam,True,
absolute,onehot,37,4,gelu,0.1,True,0.0387117048005776,0.0503199796593622,0.0096732930852782,adam,True,
absolute,onehot,40,4,mish,0.1,True,0.0459041427000663,0.0535266847090389,0.0103432899337428,adam,True,
absolute,onehot,38,4,mish,0.1,True,0.0467713837472089,0.0537422727422462,0.0101534805954564,adam,True,
absolute,onehot,38,4,mish,0.1,True,0.0420844245549943,0.057323626897863,0.0140605829101604,adam,True,
absolute,onehot,40,4,mish,0.1,True,0.0435480537355091,0.0543666234465397,0.0238056563085258,adam,True,
absolute,onehot,37,4,mish,0.1,True,0.0337767191696782,0.0536620457389002,0.0179830168101196,adam,True,
absolute,onehot,34,4,mish,0.1,True,0.0492281084014698,0.0543810647504518,0.0122209871615577,adam,True,
absolute,onehot,41,4,mish,0.1,True,0.0395406000855196,0.050418352102187,0.0125346760767744,adam,True,
absolute,onehot,36,4,mish,0.1,True,0.0459277300991447,0.0581576239436597,0.0207335550871134,adam,True,
absolute,onehot,39,4,leakyrelu,0.1,True,0.0427795687290177,0.0604163474185229,0.0114905900613873,adam,True,
absolute,onehot,38,4,mish,0.1,True,0.0497687702447127,0.050242784347794,0.0105135402346103,adam,True,
absolute,onehot,37,5,mish,0.1,True,0.0346221798277374,0.0539779948519426,0.0125261273749979,adam,True,
absolute,onehot,39,5,mish,0.1,True,0.0376870640315277,0.0528369523637866,0.006364180456169,adam,True,
absolute,onehot,48,3,mish,0.1,True,0.031257643738581,0.0524620167918665,0.0212376286658503,adam,True,
absolute,onehot,40,4,mish,0.1,True,0.0403988977117992,0.0566901393361021,0.0154681897570694,adam,True,
absolute,onehot,35,5,mish,0.1,True,0.0457455483740147,0.0588372145667804,0.0096040896835813,adam,True,
absolute,onehot,42,4,mish,0.1,True,0.0019381197768631,0.067938045224864,0.0300869714775424,adam,True,
absolute,onehot,39,4,mish,0.1,True,0.0366295831358713,0.0503994097689792,0.0063577152111016,adam,True,
absolute,onehot,41,4,mish,0.1,True,0.0417260106323454,0.0486360424362676,0.0080880034245198,adam,True,
absolute,onehot,41,4,mish,0.1,True,0.0429968782750333,0.0544572966866025,0.0153421061039402,adam,True,
absolute,onehot,43,4,mish,0.1,True,0.0499634487069896,0.0505924585432329,0.0120168988541439,adam,True,
absolute,onehot,38,4,mish,0.1,True,0.0397940184084987,0.0516780918443773,0.0175840573332396,adam,True,
absolute,onehot,42,4,mish,0.1,True,0.0441524121158798,0.0553093914574181,0.0089553742177058,adam,True,
absolute,onehot,40,4,mish,0.1,True,0.0335646241851877,0.0579849922407786,0.0147550697025486,adam,True,
absolute,onehot,37,5,mish,0.1,True,0.039994534643427,0.0540628773233341,0.0129427408699198,adam,True,
absolute,onehot,41,4,mish,0.1,True,0.0464420570312584,0.0525746267689209,0.0080740960978121,adam,True,
absolute,onehot,39,4,mish,0.1,True,0.0358128353068221,0.0562458854713428,0.0215751088827716,adam,True,
absolute,onehot,45,4,leakyrelu,0.1,True,0.0418929006872691,0.063386761334238,0.0122923184726111,adam,True,
absolute,onehot,38,5,mish,0.0,True,0.0072992091717053,0.0623120720814878,0.0300870313919347,adam,True,
absolute,onehot,29,4,mish,0.1,True,0.0458552268280198,0.0511543951864742,0.013690965671724,adam,True,
absolute,onehot,36,4,mish,0.1,True,0.029243085557774,0.0589039508518356,0.0265488175808499,adam,True,
absolute,onehot,39,4,mish,0.1,True,0.0434349289090914,0.0546393745325737,0.0168749751107169,adam,True,
absolute,onehot,40,4,mish,0.1,True,0.0384941233716529,0.0526096398468893,0.0165914687212712,adam,True,
absolute,onehot,37,4,mish,0.1,True,0.0464823509883096,0.0530910263617532,0.0190212866712434,adam,True,
absolute,onehot,38,4,mish,0.1,True,0.0498535669447426,0.0585739104685273,0.0138519844997042,adam,True,
absolute,onehot,41,4,mish,0.1,True,0.0407730788942406,0.05326270379446,0.0077721323324697,adam,True,
absolute,onehot,40,4,gelu,0.1,True,0.0362785307954899,0.056473313691358,0.017895202204776,adam,True,
absolute,onehot,47,5,mish,0.1,True,0.043205332266745,0.0535932899462831,0.0084585658690265,adam,True,
absolute,onehot,39,4,mish,0.1,True,0.0040673221133301,0.0618241848390287,0.0227947141991707,adam,True,
absolute,onehot,42,4,swish,0.2,True,0.0323032397353365,0.0530706381529517,0.0123687402509073,adam,True,
absolute,onehot,38,3,mish,0.1,True,0.0385606966146514,0.0503667867001199,0.0211992036721909,adam,True,
absolute,onehot,38,4,mish,0.1,True,0.0498156114639362,0.0519293308370117,0.0089414542421335,adam,True,
absolute,onehot,36,4,mish,0.1,True,0.0464925621835011,0.0564099874206577,0.014639077534689,adam,True,
absolute,onehot,39,4,mish,0.1,True,0.0438364203602803,0.0623612366687629,0.0310647681207678,adam,True,
absolute,onehot,37,4,mish,0.1,True,0.0467777809853535,0.0490261737716112,0.0117038550748627,adam,True,
absolute,onehot,37,4,mish,0.1,True,0.0414457625947882,0.0568070359826329,0.0135789529038364,adam,True,
absolute,onehot,40,4,mish,0.1,True,0.0459435862660411,0.0543017296187076,0.0118328927691316,adam,True,
absolute,onehot,37,5,leakyrelu,0.1,True,0.0380240002391247,0.0491190555458617,0.0026822946130473,adam,True,
absolute,onehot,35,5,leakyrelu,0.1,True,0.0372369248590136,0.0547675509248083,0.0105765468420479,adam,True,
absolute,onehot,36,5,leakyrelu,0.1,True,0.0343656988330837,0.0550125626506979,0.0038894129623352,adam,True,
absolute,onehot,37,5,leakyrelu,0.1,True,0.0396264254524092,0.0528955633503534,0.0085444075614247,adam,True,
absolute,onehot,37,5,leakyrelu,0.1,True,0.0430195226444249,0.0573203853591654,0.0069572811330266,adam,True,
absolute,onehot,38,5,leakyrelu,0.1,True,0.0467559711907869,0.0668017109371597,0.0182364794661348,adam,True,
absolute,onehot,39,4,mish,0.1,True,0.0409025710857957,0.0536486209707504,0.0142777331986112,adam,True,
absolute,onehot,41,4,mish,0.1,True,0.0376951695848984,0.0512081789542605,0.0094402869226343,adam,True,
absolute,onehot,36,5,mish,0.1,True,0.0434391323540121,0.0557070434314077,0.0103770047162691,adam,True,
absolute,onehot,37,4,mish,0.1,True,0.0155279243502727,0.0625790645569113,0.0274996837223142,adam,True,
absolute,onehot,38,4,mish,0.1,True,0.0465588605955801,0.0524442565894322,0.0093450595815738,adam,True,
absolute,onehot,39,4,mish,0.1,True,0.035551208093435,0.0581122696002623,0.0197578953852183,adam,True,
absolute,onehot,40,5,mish,0.1,True,0.039988544961806,0.0532107551959452,0.009380398266173,adam,True,
absolute,onehot,41,4,leakyrelu,0.1,True,0.0323292067764188,0.0538819768030833,0.0088247117947524,adam,True,
absolute,onehot,38,4,mish,0.1,True,0.0482810001059544,0.0536071852248966,0.0163307823336205,adam,True,
absolute,onehot,38,4,mish,0.1,True,0.0484494138802045,0.0515280942667195,0.0124889736731001,adam,True,
absolute,onehot,37,4,mish,0.1,True,0.0435257367302814,0.0497825299257211,0.0137090120356817,adam,True,
absolute,onehot,36,4,mish,0.1,True,0.0435799923034786,0.0558851539421285,0.0159797495657736,adam,True,
absolute,onehot,46,4,mish,0.1,True,0.0443190350502635,0.0587057782725639,0.0118058021638973,adam,True,
absolute,onehot,37,4,mish,0.1,True,0.0404523941882817,0.0619652470551715,0.0205599306632978,adam,True,
absolute,onehot,49,4,mish,0.0,True,0.0368901750948069,0.0525533743652741,0.0182330694658557,adam,True,
absolute,onehot,43,4,mish,0.1,True,0.0421017325284346,0.0527836520685251,0.014624240469781,adam,True,
absolute,onehot,37,5,mish,0.1,True,0.049634094129828,0.0585145638448238,0.0108893581721076,adam,True,
absolute,onehot,35,4,mish,0.1,True,0.0387901500583461,0.0551347192377267,0.0269104910480158,adam,True,
absolute,onehot,39,4,mish,0.1,True,0.0458196884166138,0.0585551105261426,0.012376616344104,adam,True,
absolute,onehot,38,4,mish,0.1,True,0.049774997174795,0.050290310991434,0.0091821827096093,adam,True,
absolute,onehot,37,4,mish,0.1,True,0.0447757029035623,0.0520757412888431,0.0100727215480332,adam,True,
absolute,onehot,38,4,mish,0.1,True,0.0419739216735325,0.055209604966084,0.0116962761031655,adam,True,
absolute,onehot,36,4,mish,0.1,True,0.0499654176977937,0.0528749398553064,0.0094579314673287,adam,True,
absolute,onehot,40,4,mish,0.2,True,0.0454834109940069,0.0610952104363093,0.0110831095487729,adam,True,
absolute,onehot,39,4,mish,0.1,True,0.0401187745619161,0.05348475324125,0.0102339207244114,adam,True,
absolute,onehot,38,5,mish,0.1,True,0.0455777573168974,0.0528452060861474,0.0152855145126303,adam,True,
absolute,onehot,37,4,gelu,0.1,True,0.0338922080418919,0.0538733580251238,0.0186610927129103,adam,True,
absolute,onehot,42,3,swish,0.1,True,0.0372752338613334,0.054865925721204,0.013573204479141,adam,True,
absolute,onehot,38,4,mish,0.1,True,0.049385376750354,0.0617426721045204,0.0065266165554707,adam,True,
absolute,onehot,39,4,mish,0.1,True,0.0463080102794791,0.0553665655877825,0.0128691693077201,adam,True,
absolute,onehot,37,4,mish,0.1,True,0.0497241071951748,0.0543670614279661,0.0127324309864227,adam,True,
absolute,onehot,38,4,mish,0.1,True,0.0435529282408042,0.0575032692637455,0.0137295539817825,adam,True,
absolute,onehot,39,4,mish,0.1,True,0.0419791078920678,0.0563976703112715,0.0137752849585726,adam,True,
absolute,onehot,40,4,mish,0.1,True,0.0093224690123955,0.0627142595204895,0.0300240210080344,adam,True,
absolute,onehot,37,4,leakyrelu,0.1,True,0.0466467870367299,0.0528491334012119,0.008261885010416,adam,True,
absolute,onehot,36,4,mish,0.1,True,0.0396321698176612,0.0523999998198839,0.0167274043785044,adam,True,
absolute,onehot,41,5,mish,0.1,True,0.0495718679474781,0.060883819743605,0.0078567188198852,adam,True,
absolute,onehot,38,4,mish,0.1,True,0.0439323330807315,0.0502041241175282,0.013439620956167,adam,True,
absolute,onehot,39,4,mish,0.1,True,0.0428412100616015,0.0564606958602746,0.0135895808602179,adam,True,
absolute,onehot,40,4,mish,0.1,True,0.0356274709708859,0.0549121932031516,0.0144756564424481,adam,True,
absolute,onehot,47,5,mish,0.1,True,0.0384473007227134,0.0553590726079299,0.0107961876683185,adam,True,
absolute,onehot,36,4,mish,0.1,True,0.0419072750651501,0.0520486625165245,0.0151584421187702,adam,True,
absolute,onehot,38,4,mish,0.1,True,0.0455096325586691,0.0517597146147485,0.0118109658888786,adam,True,
absolute,onehot,41,4,leakyrelu,0.1,True,0.0395036079471276,0.0546941402351704,0.014118434618156,adam,True,
absolute,onehot,39,5,mish,0.1,True,0.034692011440907,0.0570547090219108,0.0134856273391115,adam,True,
absolute,onehot,37,4,mish,0.1,True,0.043703686916792,0.0638288658955991,0.0235791351287041,adam,True,
absolute,onehot,38,4,mish,0.0,True,0.0301175109439541,0.061944044401183,0.0256668741762114,adam,True,
absolute,onehot,40,4,mish,0.1,True,0.0414061595737497,0.0543479436629777,0.0170645348046777,adam,True,
absolute,onehot,37,5,mish,0.1,True,0.0375323943445235,0.0564460160409695,0.012980354427669,adam,True,
absolute,onehot,42,4,mish,0.1,True,0.0457773895375047,0.0507015602007611,0.0075490328637154,adam,True,
absolute,onehot,36,4,leakyrelu,0.2,True,0.0434927989725436,0.0526141075250828,0.0056504211463743,adam,True,
absolute,onehot,39,4,mish,0.1,True,0.0331914708858255,0.0536478408404087,0.014799720929063,adam,True,
absolute,onehot,38,5,mish,0.1,True,0.0396318513990131,0.0570587248730646,0.0161204951888483,adam,True,
absolute,onehot,48,4,gelu,0.1,True,0.0054628969623329,0.0596555600515458,0.0202435032446638,adam,True,
absolute,onehot,40,3,mish,0.1,True,0.046203371321369,0.0550115524572832,0.0188076229208574,adam,True,
absolute,onehot,43,4,mish,0.1,True,0.03583011411651,0.055317915564874,0.019690334384087,adam,True,
absolute,onehot,35,4,mish,0.1,True,0.00322429932772,0.0721572966050178,0.0237405192366484,adam,True,
absolute,onehot,41,4,mish,0.1,True,0.0411634199023735,0.0543433352504928,0.0088710243039924,adam,True,
absolute,onehot,38,5,mish,0.1,True,0.0467822500409961,0.0568987940114369,0.0088343426326435,adam,True,
absolute,onehot,37,4,mish,0.1,True,0.0383993922676558,0.0492857148322307,0.0038004119869391,adam,True,
absolute,onehot,36,4,swish,0.1,True,0.0383817460831023,0.0583213263300936,0.0172590502108146,adam,True,
absolute,onehot,37,4,leakyrelu,0.1,True,0.0325632856524777,0.0621725192858041,0.0183547641521027,adam,True,
absolute,onehot,36,5,mish,0.1,True,0.0412636445681391,0.0523880588472409,0.008673818143159,adam,True,
absolute,onehot,35,4,mish,0.1,True,0.0361344621911149,0.052797165659119,0.0106011799743136,adam,True,
absolute,onehot,37,4,mish,0.1,True,0.038017417756759,0.0466249356266109,0.0138153976716087,adam,True,
absolute,onehot,37,4,mish,0.1,True,0.0317660074309755,0.0515172364914437,0.0135030942670973,adam,True,
absolute,onehot,37,4,mish,0.1,True,0.0352346830662604,0.0553256647455494,0.0151249600425927,adam,True,
absolute,onehot,41,5,mish,0.0,True,0.0379086113933699,0.0553580703816199,0.0126628989339623,adam,True,
absolute,onehot,39,4,mish,0.1,True,0.0382773879773084,0.0509665452233449,0.0143104239071508,adam,True,
absolute,onehot,36,4,mish,0.1,True,0.028376573141916,0.057324221443034,0.0228072586818919,adam,True,
absolute,onehot,40,4,leakyrelu,0.1,True,0.0347390299890247,0.0537154480617448,0.0135494699028995,adam,True,
absolute,onehot,42,5,mish,0.1,True,0.0410952554504793,0.0614199751063882,0.0101303922590028,adam,True,
absolute,onehot,34,4,mish,0.1,True,0.0374622532334028,0.0534853860693017,0.0129492518006033,adam,True,
absolute,onehot,45,4,mish,0.2,True,0.0432120241933141,0.0619133735492939,0.0092595827895751,adam,True,
absolute,onehot,37,4,mish,0.1,True,0.0394795194631154,0.0572288801326104,0.0212297297441446,adam,True,
absolute,onehot,39,3,mish,0.1,True,0.0320735560192375,0.0537139262842886,0.0197600894574765,adam,True,
absolute,onehot,37,4,mish,0.1,True,0.044368471187675,0.0538085795997357,0.0138121696151205,adam,True,
absolute,onehot,35,5,mish,0.1,True,0.0466972557310335,0.056723980281209,0.0058311760181775,adam,True,
absolute,onehot,41,4,gelu,0.1,True,0.0348616682078285,0.061333261937773,0.0138252683260199,adam,True,
absolute,onehot,40,4,leakyrelu,0.1,True,0.0411817874436657,0.052805399395255,0.0117080464826166,adam,True,
absolute,onehot,36,4,mish,0.1,True,0.0499926317753973,0.0572185578336732,0.0166671943265635,adam,True,
absolute,onehot,38,5,swish,0.1,True,0.0374283938739488,0.0500227514938888,0.0101270983085721,adam,True,
absolute,onehot,38,4,mish,0.1,True,0.0437722782862773,0.0568171590975651,0.0175232003063804,adam,True,
absolute,onehot,42,4,mish,0.1,True,0.016958773992472,0.05500227778178,0.016564663918906,adam,True,
absolute,onehot,39,4,mish,0.1,True,0.0303520291607848,0.0493265623913882,0.0179423488604208,adam,True,
absolute,onehot,44,4,mish,0.1,True,0.029662327613578,0.058886620573761,0.0222033590799019,adam,True,
absolute,onehot,37,5,mish,0.1,True,0.0325534200444292,0.0515852188964382,0.0103031379368601,adam,True,
absolute,onehot,36,4,mish,0.1,True,0.0279726252092785,0.0573683663864543,0.020965081433359,adamw,True,
absolute,onehot,39,4,mish,0.1,True,0.0265073504551198,0.0537309783771711,0.0182699531913978,adamw,True,
absolute,onehot,46,4,mish,0.1,True,0.0204308430027745,0.0588966735684062,0.0239887349896849,adamw,True,
absolute,onehot,40,4,leakyrelu,0.0,True,0.0310429609607018,0.0698835203089354,0.0271333565977693,adamw,True,
absolute,onehot,37,5,mish,0.1,True,0.0355366865717053,0.0525844628860084,0.0098741275967827,adamw,True,
absolute,onehot,63,4,mish,0.1,True,0.012134157766294,0.0574198521016886,0.0233196733591093,adamw,True,
absolute,onehot,39,4,mish,0.1,True,0.0334098400737345,0.0518001365196329,0.0109143053583285,adamw,True,
absolute,onehot,43,4,mish,0.1,True,0.0013694217357864,0.0708161665745607,0.020858204226713,adamw,True,
absolute,onehot,38,5,mish,0.2,True,0.0396948673022563,0.0678373874727597,0.0120911878219034,adamw,True,
absolute,onehot,41,4,mish,0.1,True,0.0368391401856238,0.0577017901107897,0.0222721608593272,adamw,True,
absolute,onehot,38,4,mish,0.1,True,0.0411072467479328,0.0482866330974794,0.0074086458700438,adamw,True,
absolute,onehot,39,4,mish,0.1,True,0.0414658081296815,0.0558883690372931,0.0127114724607041,adamw,True,
absolute,onehot,38,4,leakyrelu,0.1,True,0.0466290329179355,0.0600681364510643,0.0094715893692581,adamw,True,
absolute,onehot,38,4,mish,0.1,True,0.0417710380563979,0.0600231557442623,0.0203917150243123,adamw,True,
absolute,onehot,37,4,mish,0.1,True,0.0462020764303392,0.049973732000721,0.0100257198031116,adamw,True,
absolute,onehot,40,4,mish,0.1,True,0.0396562786403251,0.0580120870936507,0.0188863243725933,adamw,True,
absolute,onehot,36,4,gelu,0.1,True,0.0383890501231814,0.0519153034667672,0.0104261070070855,adamw,True,
absolute,onehot,37,4,mish,0.1,True,0.0498736268558221,0.0509096004964657,0.0069946803334391,adamw,True,
absolute,onehot,39,3,mish,0.1,True,0.0438718012467291,0.0549452180578027,0.018518227974489,adamw,True,
absolute,onehot,38,4,swish,0.1,True,0.0424110944392461,0.0658455280168975,0.0271885906400325,adamw,True,
absolute,onehot,35,4,mish,0.1,True,0.0352941296277905,0.0517961176245126,0.0136175404788907,adamw,True,
absolute,onehot,40,4,mish,0.1,True,0.0458845327905277,0.0521550925479878,0.0140829950031852,adamw,True,
absolute,onehot,37,4,leakyrelu,0.1,True,0.0386021173322246,0.060615716029562,0.0145486827621274,adamw,True,
absolute,onehot,36,4,mish,0.1,True,0.0428905033556723,0.0572181663034075,0.0184664028880204,adamw,True,
absolute,onehot,41,4,mish,0.1,True,0.0406427546055207,0.0575857816795121,0.0190911610638595,adamw,True,
absolute,onehot,42,4,mish,0.1,True,0.0463246774644129,0.0514841680736267,0.0076963329408693,adamw,True,
absolute,onehot,38,4,mish,0.0,True,0.0498742625249905,0.0550680567308621,0.0105279288532317,adamw,True,
absolute,onehot,39,4,mish,0.1,True,0.0364084594561498,0.0537861873485672,0.0133982956628281,adamw,True,
absolute,onehot,37,4,mish,0.1,True,0.0066259408310968,0.0610187284751121,0.0257283057285244,adamw,True,
absolute,onehot,40,4,mish,0.1,True,0.0436786501471743,0.0544984741715148,0.0161674444825604,adamw,True,
absolute,onehot,31,4,mish,0.1,True,0.0388527819744523,0.0569007426176289,0.0144510908587107,adamw,True,
absolute,onehot,38,4,leakyrelu,0.1,True,0.0336089572215096,0.0514673462565759,0.0170541933867559,adamw,True,
absolute,onehot,36,4,mish,0.2,True,0.0460631883267042,0.0586738383810701,0.0088095848159823,adamw,True,
absolute,onehot,39,4,mish,0.1,True,0.0020381555484038,0.0655259429650337,0.0197052870931822,adamw,True,
absolute,onehot,35,4,mish,0.1,True,0.0411883672420737,0.0513323095574344,0.0134502785071609,adamw,True,
absolute,onehot,41,4,mish,0.1,True,0.0231586557352211,0.0526555444021334,0.0181403189411804,adamw,True,
absolute,onehot,37,3,mish,0.1,True,0.0370143110890334,0.0584508147923036,0.0271075337982465,adamw,True,
absolute,onehot,38,4,mish,0.1,True,0.0498579890913988,0.0555226679895766,0.0055180936155048,adamw,True,
absolute,onehot,40,4,mish,0.1,True,0.0437736803228089,0.0552284764981202,0.0155628840301245,adamw,True,
absolute,onehot,42,4,mish,0.1,True,0.034316683558122,0.0539247524647407,0.0135143847811176,adamw,True,
absolute,onehot,39,4,leakyrelu,0.1,True,0.039929309825495,0.0520513964769116,0.0066916138340576,adamw,True,
absolute,onehot,36,4,gelu,0.1,True,0.0461612425140949,0.0496260828710807,0.0025817349959925,adamw,True,
absolute,onehot,36,5,gelu,0.1,True,0.046249540494551,0.0536521284614965,0.014047045751018,adamw,True,
absolute,onehot,37,4,gelu,0.1,True,0.0476755327291553,0.053762820458593,0.0122759712552451,adamw,True,
absolute,onehot,41,4,gelu,0.1,True,0.0308059223861248,0.0583227880338229,0.0194010001770366,adamw,True,
absolute,onehot,33,4,gelu,0.1,True,0.0405963376680977,0.0535800206827605,0.0123808400992797,adamw,True,
absolute,onehot,43,4,gelu,0.1,True,0.0499807497745006,0.0522307990449959,0.0063140769022719,adamw,True,
absolute,onehot,36,5,gelu,0.1,True,0.0366708255188003,0.0569645914887053,0.0154609986227748,adamw,True,
absolute,onehot,35,4,swish,0.1,True,0.0432020852441937,0.0456524407855518,0.0093193503715789,adamw,True,
absolute,onehot,34,4,swish,0.0,True,0.0381502915300065,0.0617031727108737,0.0177004721220058,adamw,True,
absolute,onehot,35,4,swish,0.1,True,0.0427955160668748,0.0479182224047824,0.008403823786205,adamw,True,
absolute,onehot,34,4,swish,0.1,True,0.0432124672971151,0.0544167608514536,0.0126872251269212,adamw,True,
absolute,onehot,35,4,swish,0.1,True,0.0434082542587745,0.0622675679842585,0.0227137979669618,adamw,True,
absolute,onehot,34,4,swish,0.1,True,0.0465970590036199,0.0568811656684376,0.0151059450538331,adamw,True,
absolute,onehot,35,4,swish,0.2,True,0.0407158237333726,0.0601458899378332,0.0127327942468304,adamw,True,
absolute,onehot,33,4,swish,0.1,True,0.0431062436757321,0.0549756024776625,0.0186951212793434,adamw,True,
absolute,onehot,36,4,swish,0.1,True,0.0469339913280204,0.0549105668676233,0.0102618959756975,adamw,True,
absolute,onehot,35,4,swish,0.1,True,0.0391855389506987,0.0537317869058639,0.0168189179527061,adamw,True,
absolute,onehot,36,4,swish,0.1,True,0.0142282902467864,0.0599744742410376,0.0241379005604271,adamw,True,
absolute,onehot,34,4,swish,0.1,True,0.0343011854102768,0.060768271819825,0.0206882107234408,adamw,True,
absolute,onehot,35,4,swish,0.1,True,0.0422765491311424,0.0479096916763372,0.0053559319927835,adamw,True,
absolute,onehot,35,4,swish,0.1,True,0.0360255923171502,0.0494677488569118,0.0158136867230784,adamw,True,
absolute,onehot,35,4,swish,0.1,True,0.0370833042450582,0.0593418085038724,0.0231602411415789,adamw,True,
absolute,onehot,34,4,swish,0.1,True,0.0397587035161002,0.0538066669756832,0.0075091428092528,adamw,True,
absolute,onehot,35,4,swish,0.1,True,0.0413745381104146,0.0570285241041108,0.0159415101196343,adamw,True,
absolute,onehot,32,4,swish,0.1,True,0.0359228489927806,0.0558645891077778,0.0208949430646096,adamw,True,
absolute,onehot,33,4,swish,0.1,True,0.0432318868435198,0.0528341442037958,0.0099548805507267,adamw,True,
absolute,onehot,34,4,swish,0.1,True,0.0382939824473184,0.0522755138055558,0.0158016165693238,adamw,True,
absolute,onehot,35,4,swish,0.1,True,0.0421577527137668,0.0485328148615862,0.0112644114793818,adamw,True,
absolute,onehot,35,4,swish,0.1,True,0.0499470448068962,0.0585034036340973,0.0088336276887556,adamw,True,
absolute,onehot,36,4,swish,0.1,True,0.0421154070527875,0.0544995963588424,0.0153662775147059,adamw,True,
absolute,onehot,37,4,swish,0.1,True,0.044585828051937,0.0599317551547725,0.019662545263321,adamw,True,
absolute,onehot,35,3,swish,0.1,True,0.0411976879016777,0.0588867994301975,0.0198518615317473,adamw,True,
absolute,onehot,38,4,swish,0.0,True,0.0081988731904289,0.0584427298662145,0.02074313504243,adamw,True,
absolute,onehot,36,4,swish,0.1,True,0.0044226853061657,0.0655362716674626,0.0276731306505248,adamw,True,
absolute,onehot,37,4,leakyrelu,0.1,True,0.0459422403298883,0.0549287491271127,0.0070710790391595,adamw,True,
absolute,onehot,38,4,swish,0.1,True,0.044095184537068,0.0515357889939041,0.0148799076032884,adamw,True,
absolute,onehot,39,4,swish,0.2,True,0.0395521382571638,0.060602471890754,0.0178280749985275,adamw,True,
absolute,onehot,34,4,leakyrelu,0.1,True,0.046685639070954,0.0537978427889434,0.0091179241468684,adamw,True,
absolute,onehot,37,4,swish,0.1,True,0.0412728150501844,0.046689221893762,0.007607888193411,adamw,True,
absolute,onehot,36,4,swish,0.1,True,0.038351188439119,0.0541087772429479,0.0154623060685242,adamw,True,
absolute,onehot,37,4,swish,0.1,True,0.0406346739681696,0.0495162817491126,0.0161237423856591,adamw,True,
absolute,onehot,37,4,swish,0.1,True,0.0332318035898735,0.0597084749647826,0.0285840366030532,adamw,True,
absolute,onehot,35,4,swish,0.1,True,0.036697995282737,0.0502076209812488,0.0150819617723097,adamw,True,
absolute,onehot,37,4,swish,0.1,True,0.0421691003361226,0.0557474747839281,0.019928262788447,adamw,True,
absolute,onehot,36,4,swish,0.1,True,0.0403137035879873,0.0501166792691064,0.0074710656882178,adamw,True,
absolute,onehot,59,4,swish,0.1,True,0.0436519418739885,0.053313538137203,0.0127436223721475,adamw,True,
absolute,onehot,38,4,leakyrelu,0.1,True,0.0371369263461323,0.0544735188851461,0.0043896266781017,adamw,True,
absolute,onehot,36,4,swish,0.1,True,0.0438782606767999,0.056184569481862,0.0119250850564406,adamw,True,
absolute,onehot,33,4,leakyrelu,0.1,True,0.0347059483744767,0.0510408569756554,0.0113968003138845,adamw,True,
absolute,onehot,37,4,swish,0.1,True,0.039337859797816,0.0569214059215512,0.0172451191025176,adamw,True,
absolute,onehot,38,3,swish,0.1,True,0.0468014657427673,0.0548952375229076,0.0177914498003825,adamw,True,
absolute,onehot,36,4,mish,0.1,True,0.0412832252351715,0.055807332171407,0.0168538379375772,adamw,True,
absolute,onehot,35,4,mish,0.1,True,0.0378985353364479,0.0508101737919669,0.0086263205075497,adamw,True,
absolute,onehot,39,4,leakyrelu,0.1,True,0.0440981887818247,0.056120883019326,0.0060935744460548,adamw,True,
absolute,onehot,37,4,mish,0.1,True,0.0324168010295997,0.0488812044329103,0.0123681232086335,adamw,True,
absolute,onehot,37,4,mish,0.0,True,0.0341666053992587,0.0453350429432625,0.0078750017214432,adamw,True,
absolute,onehot,36,4,swish,0.0,True,0.0325114633617182,0.0578958965375302,0.0274001113586213,adamw,True,
absolute,onehot,37,4,mish,0.0,True,0.0344331392478392,0.0509953528560378,0.0167133919870936,adamw,True,
absolute,onehot,35,4,mish,0.0,True,0.0497372090873291,0.0548340476790014,0.0161566750331279,adamw,True,
absolute,onehot,37,4,mish,0.0,True,0.0463662605600935,0.0437238865561411,0.0045612778693187,adamw,True,
absolute,onehot,38,4,mish,0.0,True,0.0446738524353756,0.053410862569832,0.0130467617985323,adamw,True,
absolute,onehot,34,4,mish,0.0,True,0.0463778240240987,0.0682762257338534,0.02140902059256,adamw,True,
absolute,onehot,36,4,mish,0.0,True,0.0467346032428132,0.055489243501679,0.0151534067011707,adamw,True,
absolute,onehot,37,4,mish,0.2,True,0.0423599898746826,0.0564070559492296,0.0111937471521985,adamw,True,
absolute,onehot,38,4,mish,0.0,True,0.0478767842841153,0.0554132283442804,0.0125612994894756,adamw,True,
absolute,onehot,36,4,mish,0.0,True,0.0498651651947417,0.0514649171104469,0.0076748305125025,adamw,True,
absolute,onehot,37,4,mish,0.0,True,0.0419313475377342,0.0589185495880317,0.01495632539983,adamw,True,
absolute,onehot,35,4,mish,0.0,True,0.043522211990207,0.0595450553420401,0.0236756060710641,adamw,True,
absolute,onehot,36,4,mish,0.0,True,0.0404856733810541,0.0536795268198096,0.0169509282313665,adamw,True,
absolute,onehot,38,4,swish,0.0,True,0.0462429789081007,0.0599912273257566,0.018334735614042,adamw,True,
absolute,onehot,37,4,mish,0.0,True,0.0362358067160093,0.0583758575868578,0.0211717202395961,adamw,True,
absolute,onehot,38,4,mish,0.0,True,0.040563581145053,0.0635122569158535,0.0220510167033033,adamw,True,
absolute,onehot,36,4,mish,0.0,True,0.049934585982651,0.0530907188621309,0.0126132012904245,adamw,True,
absolute,onehot,35,4,mish,0.0,True,0.0440351724946813,0.0519160610910654,0.0134372729970755,adamw,True,
absolute,onehot,37,4,swish,0.1,True,0.0318080493739899,0.0599131871627518,0.0267127253542558,adamw,True,
absolute,onehot,40,4,mish,0.1,True,0.0388008325413391,0.0562229269439765,0.0128004918124285,adamw,True,
absolute,onehot,39,4,mish,0.1,True,0.0456464597091734,0.0533551658370462,0.0176549802405581,adamw,True,
absolute,onehot,38,4,mish,0.1,True,0.0412209894406796,0.0486950921927333,0.0122966807074348,adamw,True,
absolute,onehot,32,3,mish,0.1,True,0.0347949810126767,0.0565489124827027,0.0201250781931974,adamw,True,
absolute,onehot,39,4,mish,0.1,True,0.0365638823149235,0.0533892308241627,0.0144539065750157,adamw,True,
absolute,onehot,38,4,mish,0.1,True,0.0297194712848824,0.0577914647505086,0.020673399690327,adamw,True,
absolute,onehot,28,4,mish,0.1,True,0.0026671944735157,0.0734301092590435,0.0338733687908279,adamw,True,
absolute,onehot,38,4,mish,0.2,True,0.0404340826236742,0.0529672854756597,0.0095365139564075,adamw,True,
absolute,onehot,39,4,mish,0.1,True,0.0380820172763392,0.0541479835247478,0.0107023059408344,adamw,True,
absolute,onehot,34,4,mish,0.0,True,0.0419031813132271,0.0511397290200548,0.0147087042364979,adamw,True,
absolute,onehot,40,4,swish,0.1,True,0.0343649077240794,0.0519708047708818,0.0145159048812711,adamw,True,
absolute,onehot,38,4,mish,0.1,True,0.041361282073018,0.0528711418179755,0.0119478374467902,adamw,True,
absolute,onehot,37,4,mish,0.1,True,0.0382902017610082,0.058044912054608,0.0230569157687306,adamw,True,
absolute,onehot,36,4,mish,0.1,True,0.0445386252531497,0.053408201957977,0.0101569133283097,adamw,True,
absolute,onehot,35,4,mish,0.1,True,0.0359136956740251,0.0504525583673272,0.0117872019981241,adamw,True,
absolute,onehot,38,4,swish,0.1,True,0.0423279313948975,0.0536317247953725,0.0138905633812968,adamw,True,
absolute,onehot,40,4,mish,0.1,True,0.0333179766131606,0.054449436884129,0.0145756828517747,adamw,True,
absolute,onehot,37,4,mish,0.1,True,0.0391128065168212,0.0579390670342985,0.0093599966491931,adamw,True,
absolute,onehot,51,4,mish,0.1,True,0.0443221523924985,0.0538791174697051,0.0161445348899026,adamw,True,
absolute,onehot,39,4,swish,0.0,True,0.0403191692196966,0.0599313771683987,0.0240956280532735,adamw,True,
absolute,onehot,36,4,mish,0.1,True,0.0466012586491067,0.0568141328167243,0.0191329077528651,adamw,True,
absolute,onehot,34,4,mish,0.1,True,0.0364423875821347,0.0556376352704938,0.0175031813877521,adamw,True,
absolute,onehot,37,4,mish,0.1,True,0.0422883307052568,0.0515662215914123,0.0111128481079008,adamw,True,
absolute,onehot,39,4,swish,0.1,True,0.0318554003240183,0.0502101800118995,0.0125311128663697,adamw,True,
absolute,onehot,35,4,mish,0.1,True,0.03874064615162,0.0513296075132253,0.0079615914688121,adamw,True,
absolute,onehot,38,3,mish,0.1,True,0.0458602683745468,0.0587220378778249,0.0174619371857788,adamw,True,
absolute,onehot,37,4,mish,0.1,True,0.0421465292987671,0.0532503183088064,0.0099644532937471,adamw,True,
absolute,onehot,36,4,mish,0.1,True,0.0264300052509601,0.0515821212501767,0.0137635910856579,adamw,True,
absolute,onehot,41,4,swish,0.0,True,0.0351661469012162,0.0521185529290764,0.025111822921354,adamw,True,
absolute,onehot,37,4,mish,0.1,True,0.0465248728542332,0.0539755878843972,0.0104461747793841,adamw,True,
absolute,onehot,38,4,mish,0.1,True,0.0382618444829952,0.0509187918992797,0.0145915569829621,adamw,True,
absolute,onehot,40,4,mish,0.2,True,0.0036945321969137,0.0552035548276398,0.0179227291103611,adamw,True,
absolute,onehot,36,4,swish,0.1,True,0.0442174970528324,0.054789915239951,0.0168731463238302,adamw,True,
absolute,onehot,35,4,mish,0.1,True,0.0411994343648548,0.0511198892314075,0.014677627965492,adamw,True,
absolute,onehot,44,4,mish,0.1,True,0.010751141123997,0.0533760461733631,0.0171209578363739,adamw,True,
absolute,onehot,39,4,mish,0.1,True,0.0498234970767536,0.0543771735496553,0.0067004272992519,adamw,True,
absolute,onehot,37,4,swish,0.1,True,0.0366146409435634,0.0555079002095864,0.0082018742348497,adamw,True,
absolute,onehot,38,4,mish,0.0,True,0.0438451370924868,0.0527479837927093,0.0144093582017709,adamw,True,
absolute,onehot,33,4,mish,0.1,True,0.0393678589977535,0.0497742773451207,0.0157910418115425,adamw,True,
absolute,onehot,40,4,mish,0.1,True,0.0336965556837343,0.0586697148325334,0.0181671575001983,adamw,True,
absolute,onehot,36,4,mish,0.1,True,0.028362079913685,0.0585382334839532,0.0221143927844133,adamw,True,
absolute,onehot,38,4,swish,0.1,True,0.0466355248656207,0.0525267043728042,0.0104468626055024,adamw,True,
absolute,onehot,39,4,mish,0.1,True,0.0414183236608053,0.0464601066928813,0.0065878083912976,adamw,True,
absolute,onehot,39,4,mish,0.1,True,0.0189507498067454,0.0559785778961949,0.0235702785239568,adamw,True,
absolute,onehot,40,3,mish,0.1,True,0.0371542903431343,0.0544866979000068,0.0175073205134431,adamw,True,
absolute,onehot,39,4,mish,0.1,True,0.0318298218832361,0.0500406203758976,0.0143117801962482,adamw,True,
absolute,onehot,41,4,swish,0.0,True,0.0399542605355198,0.0578072065169236,0.0087623221764763,adamw,True,
absolute,onehot,40,4,mish,0.1,True,0.0353048260550525,0.0603951287419059,0.0154924227888896,adamw,True,
absolute,onehot,39,4,mish,0.1,True,0.0397209976558598,0.0464870146443921,0.0058315180123117,adamw,True,
absolute,onehot,39,4,mish,0.1,True,0.0380330611668114,0.0500490547701088,0.0126279195005186,adamw,True,
absolute,onehot,38,4,mish,0.1,True,0.0338626135738106,0.058775436360659,0.0208885786918333,adamw,True,
absolute,onehot,34,4,swish,0.1,True,0.0305111324666463,0.0618581862499738,0.0220044875548347,adamw,True,
absolute,onehot,38,4,mish,0.2,True,0.0406025769059488,0.0577258892482365,0.0174667025740106,adamw,True,
absolute,onehot,39,4,mish,0.1,True,0.0376852039692699,0.0540145903570318,0.0175946523966836,adamw,True,
absolute,onehot,38,4,mish,0.1,True,0.0415758818566801,0.0459658907175505,0.0057592124942642,adamw,True,
absolute,onehot,38,4,swish,0.1,True,0.0420385717810325,0.0527430873332693,0.0137001337467265,adamw,True,
absolute,onehot,39,4,mish,0.0,True,0.041916464795434,0.0484570311836229,0.0068397685978025,adamw,True,
absolute,onehot,39,4,mish,0.0,True,0.0015288848036755,0.068624660411286,0.0189744160250289,adamw,True,
absolute,onehot,38,4,mish,0.0,True,0.0425514490624138,0.0571693434106755,0.0158625577933344,adamw,True,
absolute,onehot,39,4,mish,0.0,True,0.0398389831837476,0.0575025236082408,0.0113614729550366,adamw,True,
absolute,onehot,37,4,swish,0.0,True,0.0431771147748026,0.0563031296917906,0.0180700298270798,adamw,True,
absolute,onehot,44,4,mish,0.0,True,0.0396485375159243,0.0606007845774672,0.0150580371815269,adamw,True,
absolute,onehot,38,4,mish,0.0,True,0.0130348023494782,0.0603541816627928,0.0307632753872792,adamw,True,
absolute,onehot,37,4,mish,0.0,True,0.0359085509317581,0.0508678775145439,0.0245488741911558,adamw,True,
absolute,onehot,35,4,mish,0.0,True,0.0011390559837024,0.0618935310746865,0.0164359423684404,adamw,True,
absolute,onehot,38,4,swish,0.0,True,0.0436372573808231,0.0551221333572923,0.0133082926629153,adamw,True,
absolute,onehot,39,4,mish,0.0,True,0.040461436997669,0.0509352349989446,0.0104942180086456,adamw,True,
absolute,onehot,35,4,mish,0.1,True,0.0369509188795583,0.0551531636805842,0.0184249245553438,adamw,True,
absolute,onehot,36,3,mish,0.1,True,0.044228573232444,0.0549553633514494,0.0138821612883275,adamw,True,
absolute,onehot,38,4,swish,0.1,True,0.039633925687515,0.061934114634305,0.0218977602292695,adamw,True,
absolute,onehot,37,4,mish,0.0,True,0.0437850247607332,0.0426471310141757,0.004278167940058,adamw,True,
absolute,onehot,37,4,mish,0.0,True,0.0436839316918889,0.0538785660295984,0.0114644828848974,adamw,True,
absolute,onehot,36,4,mish,0.0,True,0.0468092139154485,0.0558825428509611,0.014877353406388,adamw,True,
absolute,onehot,33,4,mish,0.0,True,0.0466239355463601,0.057280955231556,0.0149795302899844,adamw,True,
absolute,onehot,37,4,swish,0.0,True,0.0418215853649974,0.0551847385307969,0.0097767479401474,adamw,True,
absolute,onehot,34,4,mish,0.0,True,0.0438033313849505,0.0541124295643034,0.01501432537127,adamw,True,
absolute,onehot,36,4,mish,0.0,True,0.04151494180959,0.053288202744169,0.0129586730541646,adamw,True,
absolute,onehot,37,4,mish,0.0,True,0.0474424090195787,0.0560983326302708,0.0150292972541885,adamw,True,
absolute,onehot,38,4,mish,0.0,True,0.0387478489396878,0.0563777256265472,0.0164274587274067,adamw,True,
absolute,onehot,37,4,swish,0.0,True,0.0443482984627219,0.0530064861023129,0.0134596606982789,adamw,True,
absolute,onehot,35,4,mish,0.0,True,0.041299749718663,0.0606256104926882,0.0144352749597091,adamw,True,
absolute,onehot,36,4,mish,0.2,True,0.0382425023759209,0.0561728588991121,0.0162650494859187,adamw,True,
absolute,onehot,38,4,mish,0.0,True,0.0471287958694457,0.0641776820923837,0.0176467910681063,adamw,True,
absolute,onehot,37,4,swish,0.1,True,0.0425745806045101,0.0602104057081697,0.0284639875751522,adamw,True,
absolute,onehot,39,4,mish,0.1,True,0.0367678179908169,0.0555558495577781,0.0193713045386653,adamw,True,
absolute,onehot,36,4,mish,0.1,True,0.0497101331597606,0.0514513117774632,0.0077940572944611,adamw,True,
absolute,onehot,38,4,mish,0.1,True,0.0446758289883468,0.0538182563467607,0.0087421422681223,adamw,True,
absolute,onehot,35,4,swish,0.1,True,0.006479633323679,0.0678174788741673,0.0264162035661035,adamw,True,
absolute,onehot,38,4,mish,0.0,True,0.0392744970237062,0.0545697758259178,0.0156030307052872,adamw,True,
absolute,onehot,39,4,mish,0.1,True,0.0410144429713204,0.0537494542757833,0.0137309916461638,adamw,True,
absolute,onehot,37,4,gelu,0.1,True,0.0450975467032088,0.0542442289314471,0.0127623489908004,adamw,True,
absolute,onehot,36,4,mish,0.1,True,0.0356791695302043,0.0520743286371344,0.0218511405555253,adamw,True,
absolute,onehot,37,4,mish,0.1,True,0.0091609404689357,0.0638090327630611,0.0221687668208002,adamw,True,
absolute,onehot,39,4,swish,0.1,True,0.04210328998742,0.0581969491693931,0.0166917313991447,adamw,True,
absolute,onehot,34,4,mish,0.0,True,0.0465066179677696,0.0601474446381397,0.0206893499526884,adamw,True,
absolute,onehot,53,4,mish,0.1,True,0.0403352247679432,0.0532128805925249,0.008798349438838,adamw,True,
absolute,onehot,38,3,mish,0.1,True,0.0372954794701126,0.060995365237774,0.0257153333346995,adamw,True,
absolute,onehot,36,4,swish,0.1,True,0.0441455590703845,0.0487098757816199,0.0112251082057647,adamw,True,
absolute,onehot,35,4,swish,0.1,True,0.0380009057211336,0.055368609582171,0.0190990825472684,adamw,True,
absolute,onehot,50,4,swish,0.2,True,0.0429924118321416,0.0550063556284328,0.0141457904424291,adamw,True,
absolute,onehot,35,4,swish,0.1,True,0.0344689888091076,0.0543946318811675,0.0142837194276191,adamw,True,
absolute,onehot,36,4,swish,0.0,True,0.0397932854371712,0.0607595254622715,0.0234170459668273,adamw,True,
absolute,onehot,34,4,swish,0.1,True,0.0448735184204934,0.0534803818739853,0.0068074656586706,adamw,True,
absolute,onehot,36,4,swish,0.1,True,0.0497131646774805,0.0607570620763487,0.0183406072871989,adamw,True,
absolute,onehot,57,4,swish,0.1,True,0.0420997875540725,0.0543429025459787,0.0085390235811794,adamw,True,
absolute,onehot,35,4,swish,0.1,True,0.0362121464738672,0.0595832908207984,0.019040865089974,adamw,True,
absolute,onehot,36,4,swish,0.0,True,0.0388426844770188,0.059314884914172,0.0159747946965336,adamw,True,
absolute,onehot,37,4,swish,0.1,True,0.0454277802309603,0.0545422937953418,0.0121872091409386,adamw,True,
absolute,onehot,37,4,swish,0.1,True,0.0417499493537078,0.0492189248084636,0.0132924718998738,adamw,True,
absolute,onehot,36,4,swish,0.1,True,0.0498963409602613,0.0577592200857298,0.0168647891439457,adamw,True,
absolute,onehot,34,4,gelu,0.1,True,0.0020159782992123,0.0662147900905564,0.0255876249296274,adamw,True,
absolute,onehot,36,4,mish,0.0,True,0.0050609174704542,0.0627222965591865,0.026589475630726,adamw,True,
absolute,onehot,37,4,mish,0.1,True,0.0346947636243258,0.0540636137838888,0.0117777906172741,adamw,True,
absolute,onehot,38,4,swish,0.1,True,0.0389278066093301,0.0592302079697442,0.0225596477437418,adamw,True,
absolute,onehot,33,4,mish,0.1,True,0.0454164171264223,0.0500356777210982,0.0119397594662961,adamw,True,
absolute,onehot,40,4,mish,0.1,True,0.0425434739357181,0.055552492778469,0.0112012010066632,adamw,True,
absolute,onehot,37,4,mish,0.1,True,0.0375328641840155,0.0519930755635562,0.0128997380638893,adamw,True,
absolute,onehot,35,4,mish,0.0,True,0.0468143941633676,0.0611148108433117,0.0168311913692024,adamw,True,
absolute,onehot,39,3,swish,0.1,True,0.0409933444332531,0.0562600644212278,0.0184078431888197,adamw,True,
absolute,onehot,36,4,mish,0.1,True,0.0428146686299757,0.0578788445982374,0.0210397266411104,adamw,True,
absolute,onehot,38,4,mish,0.1,True,0.0075623602806926,0.0696955587462344,0.0336236280504529,adamw,True,
absolute,onehot,37,4,mish,0.2,True,0.0354464489450954,0.0530295755385099,0.0140433803489196,adamw,True,
absolute,onehot,35,4,swish,0.1,True,0.0394084510842001,0.0553890149134327,0.0191605170141612,adamw,True,
absolute,onehot,39,4,mish,0.0,True,0.0440190716459994,0.0537012685974194,0.0100935241085848,adamw,True,
absolute,onehot,38,4,mish,0.1,True,0.0471654369482541,0.052117025612727,0.0093548195793807,adamw,True,
absolute,onehot,37,4,mish,0.1,True,0.0378619695919185,0.0581070255622015,0.0237415891917387,adamw,True,
absolute,onehot,35,4,swish,0.1,True,0.0403255495280663,0.0564693924935621,0.0168208658085421,adamw,True,
absolute,onehot,36,4,mish,0.1,True,0.0342341207898058,0.0523625946073349,0.0118344484560014,adamw,True,
absolute,onehot,40,4,mish,0.0,True,0.0448851338338386,0.0558435109056048,0.0126870804588596,adamw,True,
absolute,onehot,38,4,mish,0.1,True,0.0498356805807083,0.0539853956310317,0.0123610062285961,adamw,True,
absolute,onehot,39,4,swish,0.1,True,0.0422387306293868,0.0572334412487124,0.0127711943341898,adamw,True,
absolute,onehot,34,4,mish,0.1,True,0.0369380915181097,0.0495518858615965,0.0121183019358682,adamw,True,
absolute,onehot,36,4,mish,0.1,True,0.0458261773810274,0.0587444603793242,0.0140796955863439,adamw,True,
absolute,onehot,38,4,swish,0.0,True,0.0167533382939072,0.060439996147975,0.0280705529447359,adamw,True,
absolute,onehot,37,4,mish,0.1,True,0.0400156242215415,0.0563645918675064,0.0148146893008523,adamw,True,
absolute,onehot,39,4,mish,0.1,True,0.0426663981226722,0.0600685180229717,0.0219281295592928,adamw,True,
absolute,onehot,37,4,gelu,0.1,True,0.0328019305779643,0.0504522147970691,0.0168917533444079,adamw,True,
absolute,onehot,35,4,mish,0.1,True,0.0372041215868137,0.0539856891740228,0.012591686422672,adamw,True,
absolute,onehot,36,4,swish,0.0,True,0.0469796133256755,0.0543522833890312,0.0172568499089176,adamw,True,
absolute,onehot,38,4,mish,0.1,True,0.0407947202236163,0.0527745748360162,0.0106195745942171,adamw,True,
absolute,onehot,40,3,mish,0.1,True,0.0023217213198705,0.0715890934445551,0.0241378332009052,adamw,True,
absolute,onehot,37,4,mish,0.1,True,0.0451248478522185,0.0468550943249299,0.0069653741592946,adamw,True,
absolute,onehot,38,4,mish,0.1,True,0.0498652359894758,0.0562403086633286,0.0047850701135506,adamw,True,
absolute,onehot,39,4,mish,0.2,True,0.039053900598057,0.0535679577924547,0.012842728016232,adamw,True,
absolute,onehot,37,4,mish,0.1,True,0.003025651053147,0.0622937325259791,0.0204973981245072,adamw,True,
absolute,onehot,38,4,mish,0.0,True,0.0442221347946151,0.0540920121501687,0.015932726146298,adamw,True,
absolute,onehot,37,4,mish,0.1,True,0.0352146432702222,0.0571999453252019,0.0173634234931146,adamw,True,
absolute,onehot,40,4,mish,0.1,True,0.046814811818656,0.0524995140981622,0.0089625948575732,adamw,True,
absolute,onehot,39,4,mish,0.1,True,0.0414200836774068,0.0538809255965837,0.0177665356114349,adamw,True,
absolute,onehot,37,4,mish,0.1,True,0.0381507184834514,0.0543512856352109,0.0153390911739508,adamw,True,
absolute,onehot,38,4,mish,0.0,True,0.0435095978275777,0.0578519617569141,0.0158599433267506,adamw,True,
absolute,onehot,39,4,mish,0.1,True,0.0334911205429951,0.0517068665750208,0.0100008505284737,adamw,True,
absolute,onehot,38,4,mish,0.1,True,0.040405339988043,0.0539738952715416,0.0111324856189231,adamw,True,
absolute,onehot,37,4,mish,0.1,True,0.0470155252488785,0.0549332005156914,0.0078337836021253,adamw,True,
absolute,onehot,31,4,mish,0.1,True,0.0357947610611237,0.056267652645082,0.017218749703424,adamw,True,
absolute,onehot,36,4,mish,0.0,True,0.0430437441046322,0.064374267202039,0.0176913704878291,adamw,True,
absolute,onehot,38,4,mish,0.1,True,0.0387229581270597,0.0492971692591748,0.0104528803326833,adamw,True,
absolute,onehot,37,4,mish,0.1,True,0.0457924501462173,0.0618543325556972,0.0180155141819912,adamw,True,
absolute,onehot,35,4,mish,0.1,True,0.0410935207936274,0.0509344842903223,0.0105653682097295,adamw,True,
absolute,onehot,40,4,mish,0.1,True,0.0368048488596411,0.0515505465124877,0.0171927567876361,adamw,True,
absolute,onehot,34,4,mish,0.0,True,0.0473546776218009,0.0550380969526395,0.0123703230658145,adamw,True,
absolute,onehot,39,4,mish,0.1,True,0.0313612390141628,0.0523732370555614,0.015919832401389,adamw,True,
absolute,onehot,36,3,mish,0.1,True,0.049763091443142,0.0553028784649096,0.0205969187807034,adamw,True,
absolute,onehot,37,4,mish,0.1,True,0.0434362839689329,0.0565757965482542,0.0150798751807784,adamw,True,
absolute,onehot,54,4,mish,0.1,True,0.040146432759234,0.05536575468142,0.009541704071875,adamw,True,
absolute,onehot,38,4,gelu,0.2,True,0.0376178761200131,0.059095971686181,0.0112588162876456,adamw,True,
absolute,onehot,36,4,mish,0.1,True,0.0441381232774173,0.0583217556233741,0.0174309203999529,adamw,True,
absolute,onehot,61,4,mish,0.0,True,0.0342701259778963,0.0505181752556011,0.0128924731299584,adamw,True,
absolute,onehot,39,4,mish,0.1,True,0.0499984953809066,0.0517183892620834,0.0101176843411258,adamw,True,
absolute,onehot,35,4,mish,0.1,True,0.0410078853020416,0.0563372163115923,0.0169710502150902,adamw,True,
absolute,onehot,38,4,mish,0.1,True,0.0444185702491985,0.05350513486227,0.0116090357425239,adamw,True,
absolute,onehot,37,4,mish,0.1,True,0.0390210241820113,0.0519187652108843,0.0116789390661398,adamw,True,
absolute,onehot,40,4,mish,0.0,True,0.0355038910207783,0.0616840690567849,0.0251707518884169,adamw,True,
absolute,onehot,37,4,mish,0.1,True,0.0423551616816153,0.0528835121298721,0.0202129744149906,adamw,True,
absolute,onehot,32,4,mish,0.1,True,0.0463600544337325,0.0519867262678464,0.010340563942377,adamw,True,
absolute,onehot,41,4,mish,0.1,True,0.0380309055393274,0.057400993160545,0.0239114576583284,adamw,True,
absolute,onehot,39,4,mish,0.1,True,0.0421281284471805,0.0478160098982089,0.0082967233004769,adamw,True,
absolute,onehot,39,4,mish,0.0,True,0.0466058405146355,0.0619284665386731,0.0249110443936136,adamw,True,
absolute,onehot,40,4,mish,0.1,True,0.0439348667025921,0.0506176050896435,0.0138892540758011,adamw,True,
absolute,onehot,34,4,mish,0.1,True,0.0398325598720629,0.0539616915553431,0.01349964593835,adamw,True,
absolute,onehot,39,4,mish,0.1,True,0.0332307207611302,0.0515316132322667,0.0151172329945478,adamw,True,
absolute,onehot,40,4,gelu,0.1,True,0.0499901446544036,0.0566304866458245,0.0066883604410769,adamw,True,
absolute,onehot,36,3,mish,0.1,True,0.0427396812421761,0.0571605446652124,0.0198288858515816,adamw,True,
absolute,onehot,38,4,mish,0.0,True,0.0364549549793091,0.0481684598498845,0.0133754158065564,adamw,True,
absolute,onehot,39,4,mish,0.0,True,0.0298903332591188,0.0565735031903668,0.0202417074777435,adamw,True,
absolute,onehot,40,4,mish,0.0,True,0.0318345545165433,0.0569733798447256,0.014396580816337,adamw,True,
absolute,onehot,38,4,mish,0.0,True,0.035287636763229,0.0496791623983102,0.0218670536249886,adamw,True,
absolute,onehot,33,4,swish,0.0,True,0.0368984097456325,0.0542897048589381,0.0174671894363148,adamw,True,
absolute,onehot,39,4,mish,0.0,True,0.0371148615455369,0.0569426358178185,0.0140478602461524,adamw,True,
absolute,onehot,38,4,mish,0.0,True,0.0392910712807687,0.05279845481422,0.0118051833012378,adamw,True,
absolute,onehot,41,4,mish,0.0,True,0.033350177639275,0.0510385209275973,0.0232303301931009,adamw,True,
absolute,onehot,39,4,swish,0.0,True,0.0462275718982871,0.058518456378766,0.0187567350481409,adamw,True,
absolute,onehot,35,4,mish,0.0,True,0.0412857155849861,0.0559174729512566,0.0165825863065483,adamw,True,
absolute,onehot,37,4,mish,0.0,True,0.0357492718139214,0.0625801232039256,0.0157188638400093,adamw,True,
absolute,onehot,38,4,mish,0.0,True,0.0437299300326211,0.0578575207971,0.0213510470486596,adamw,True,
absolute,onehot,40,4,mish,0.0,True,0.0390469392154561,0.0531297601875818,0.0039278008231058,adamw,True,
absolute,onehot,41,4,swish,0.0,True,0.0452041139552802,0.0512463554807347,0.0106954313055372,adamw,True,
absolute,onehot,38,4,mish,0.2,True,0.0253655995616997,0.0573925017525273,0.0209266563245975,adamw,True,
absolute,onehot,36,4,mish,0.0,True,0.0409412276022663,0.0602093736095353,0.020221731386983,adamw,True,
absolute,onehot,39,4,mish,0.1,True,0.0367701092852836,0.0564915692042491,0.0149914183047671,adamw,True,
absolute,onehot,37,4,swish,0.1,True,0.0468204823317003,0.0528717741144301,0.0144507780255242,adamw,True,
absolute,onehot,42,4,mish,0.0,True,0.0290221854089494,0.0525943150495081,0.0165032859666516,adamw,True,
absolute,onehot,39,4,mish,0.1,True,0.0423607615134892,0.0509854785932072,0.0111960858463254,adamw,True,
absolute,onehot,37,3,mish,0.1,True,0.0334636329878784,0.0621223552795817,0.026170915064996,adamw,True,
absolute,onehot,35,4,swish,0.1,True,0.0394304989187691,0.0568511704796193,0.0121078421049031,adamw,True,
absolute,onehot,38,4,mish,0.1,True,0.0442778080746551,0.0530255178611404,0.0164674941726122,adamw,True,
absolute,onehot,40,4,gelu,0.0,True,0.0212231873843965,0.0546080941222939,0.0169675001405788,adamw,True,
absolute,onehot,36,4,mish,0.1,True,0.0380040730480325,0.0559967896236687,0.0146022915464949,adamw,True,
absolute,onehot,37,4,mish,0.1,True,0.0472573404946264,0.0523196533163681,0.0158334850231658,adamw,True,
absolute,onehot,34,4,mish,0.1,True,0.04180442546671,0.0682957025946041,0.0206248617200009,adamw,True,
absolute,onehot,38,4,swish,0.2,True,0.0350451994219711,0.0551686872982123,0.0197413036225627,adamw,True,
absolute,onehot,36,4,mish,0.1,True,0.0391378908819018,0.053539457798621,0.0102819396862639,adamw,True,
absolute,onehot,38,4,mish,0.0,True,0.046868291122965,0.0562677324365169,0.0178893920782711,adamw,True,
absolute,onehot,39,4,mish,0.1,True,0.041761350996967,0.0492517012319122,0.0097143113454003,adamw,True,
absolute,onehot,36,4,swish,0.1,True,0.031414071795274,0.0634195723299943,0.0280581030908977,adamw,True,
absolute,onehot,35,4,mish,0.1,True,0.0363997268709761,0.0530413925177691,0.0119292394367763,adamw,True,
absolute,onehot,64,4,mish,0.0,True,0.0498546938457422,0.12375208466554,0.1332971381774961,adamw,True,
absolute,onehot,39,4,mish,0.1,True,0.0440253520626332,0.0492843791604749,0.0051692064276274,adamw,True,
absolute,onehot,40,4,swish,0.1,True,0.0397870534409327,0.0526263391075414,0.0116141257714623,adamw,True,
absolute,onehot,37,4,mish,0.1,True,0.0439396032347563,0.0543631165781357,0.0116240758990558,adamw,True,
absolute,onehot,38,4,mish,0.1,True,0.0339095970142772,0.0576569126241369,0.0205007434246267,adamw,True,
absolute,onehot,38,4,mish,0.0,True,0.0370314363137899,0.0540217352393247,0.0146541872769048,adamw,True,
absolute,onehot,37,4,mish,0.1,True,0.0415824454263818,0.0514288831103187,0.0072670679205568,adamw,True,
absolute,onehot,34,4,swish,0.1,True,0.0469343398568839,0.0525343362219779,0.0124188192513867,adamw,True,
absolute,onehot,43,3,mish,0.1,True,0.0499010934382799,0.0534893786663045,0.0196238124024165,adamw,True,
absolute,onehot,41,4,mish,0.0,True,0.0437639781414135,0.0568418699951912,0.0134056103283754,adamw,True,
absolute,onehot,36,4,mish,0.1,True,0.0395075112942111,0.0554376428388745,0.0161603892791067,adamw,True,
absolute,onehot,35,4,gelu,0.1,True,0.0376105654468275,0.0562554770322271,0.0147540992620187,adamw,True,
absolute,onehot,39,4,swish,0.1,True,0.0058510772743005,0.0654395655316298,0.029435040754396,adamw,True,
absolute,onehot,37,4,mish,0.1,True,0.042448190855486,0.0543810013546429,0.0106526869906795,adamw,True,
absolute,onehot,33,4,mish,0.0,True,0.0462147408236063,0.0547935309700282,0.01971832015029,adamw,True,
absolute,onehot,40,4,mish,0.1,True,0.0350947179686525,0.0534365893040117,0.0120508529364397,adamw,True,
absolute,onehot,39,4,mish,0.2,True,0.0318776996508045,0.0618958931258955,0.0139299437407599,adamw,True,
absolute,onehot,37,4,swish,0.1,True,0.0405285907576825,0.0497690507264847,0.0130983665250267,adamw,True,
absolute,onehot,36,4,mish,0.1,True,0.0018162195636307,0.0656317448251578,0.0202366970232077,adamw,True,
absolute,onehot,38,4,mish,0.0,True,0.0444439794078032,0.0511678841640427,0.0121484628189013,adamw,True,
absolute,onehot,52,4,mish,0.1,True,0.0381870322927853,0.0561196242806059,0.0157341496700669,adamw,True,
absolute,onehot,35,4,swish,0.1,True,0.0407388461433715,0.0604999361127034,0.0185101383736234,adamw,True,
absolute,onehot,38,4,mish,0.1,True,0.0468244779868224,0.0600261418258906,0.0156187932694013,adamw,True,
absolute,onehot,37,4,mish,0.0,True,0.0355856876415041,0.0544283959119314,0.0164951619774791,adamw,True,
absolute,onehot,42,4,mish,0.1,True,0.0099332662370979,0.0621450439576244,0.0257777577357949,adamw,True,
absolute,onehot,39,4,swish,0.1,True,0.043410715988641,0.0574661112583168,0.0111760166366314,adamw,True,
absolute,onehot,36,4,mish,0.1,True,0.0395081825787563,0.0549175030628884,0.0147541088453425,adamw,True,
absolute,onehot,38,4,mish,0.1,True,0.0119020559095245,0.0599541706590956,0.0222577414936708,adamw,True,
absolute,onehot,37,4,mish,0.0,True,0.0466778771878224,0.0520591760510249,0.0133074050597639,adamw,True,
absolute,onehot,36,3,leakyrelu,0.1,True,0.0374274011893442,0.0486288856338294,0.0147968271138887,adamw,True,
absolute,onehot,35,3,leakyrelu,0.1,True,0.0421185408049638,0.0564549604060604,0.0145191421992692,adamw,True,
absolute,onehot,34,3,leakyrelu,0.1,True,0.0376307215018033,0.0585491684781313,0.0127734428128188,adamw,True,
absolute,onehot,35,4,swish,0.1,True,0.0431301621965531,0.0528146426405608,0.0132942436148356,adamw,True,
absolute,onehot,36,3,leakyrelu,0.0,True,0.0186857982111372,0.070765570718399,0.0329261791977325,adamw,True,
absolute,onehot,45,3,leakyrelu,0.1,True,0.0393189639499557,0.0591360325966576,0.0173152228529717,adamw,True,
absolute,onehot,36,3,leakyrelu,0.1,True,0.0476103736146335,0.054684162848911,0.0115200500067629,adamw,True,
absolute,onehot,34,3,swish,0.1,True,0.04397746317069,0.0542189506908883,0.0122261469307834,adamw,True,
absolute,onehot,36,3,leakyrelu,0.0,True,0.0499591527707562,0.0711312996197326,0.0313654072176905,adamw,True,
absolute,onehot,35,3,leakyrelu,0.1,True,0.0411627205892436,0.0634879382498493,0.0231819823867574,adamw,True,
absolute,onehot,30,3,leakyrelu,0.1,True,0.0370485457463493,0.054691918980061,0.017938103557068,adamw,True,
absolute,onehot,37,3,gelu,0.2,True,0.0447578153414276,0.0545451666481185,0.0071818891416057,adamw,True,
absolute,onehot,36,3,swish,0.1,True,0.0399417560468502,0.0557119028540507,0.0187299974002736,adamw,True,
absolute,onehot,35,3,leakyrelu,0.1,True,0.035673503491803,0.0523536958357934,0.0147495124994276,adamw,True,
absolute,onehot,37,3,leakyrelu,0.0,True,0.0418439541461684,0.0749190232823706,0.0318205830787268,adamw,True,
absolute,onehot,36,4,leakyrelu,0.1,True,0.0461056136987786,0.06157472145534,0.0202161341601393,adamw,True,
absolute,onehot,41,4,swish,0.1,True,0.049969071167497,0.0504399991701115,0.0089506481399013,adamw,True,
absolute,onehot,35,4,leakyrelu,0.1,True,0.0379370653446081,0.0549856823485362,0.0097962830241254,adamw,True,
absolute,onehot,37,4,leakyrelu,0.0,True,0.0439538002294278,0.061805597058682,0.0172241650809748,adamw,True,
absolute,onehot,40,4,mish,0.1,True,0.0407749886749859,0.0616758003735604,0.03145580848407,adamw,True,
absolute,onehot,39,4,mish,0.1,True,0.0331889476902673,0.053560605919643,0.0187826985722328,adamw,True,
absolute,onehot,34,4,mish,0.1,True,0.0378544804977975,0.0551776989169782,0.0172854099882894,adamw,True,
absolute,onehot,36,4,swish,0.0,True,0.0458506243818986,0.058235458773408,0.0139434859079965,adamw,True,
absolute,onehot,38,4,mish,0.1,True,0.0419202159937854,0.0547122405728982,0.0080475468374595,adamw,True,
absolute,onehot,37,4,mish,0.1,True,0.0345620973792369,0.0519488699441852,0.0122109964270597,adamw,True,
absolute,onehot,38,3,mish,0.1,True,0.0388653825276907,0.0579394952494517,0.0191598259627159,adamw,True,
absolute,onehot,36,4,swish,0.1,True,0.0443880029815865,0.0509433363126595,0.0077956721678732,adamw,True,
absolute,onehot,39,4,mish,0.0,True,0.0466495044277018,0.0592139378881642,0.0218016204352504,adamw,True,
absolute,onehot,37,4,mish,0.1,True,0.040982891392081,0.0560576465782518,0.0108403498899828,adamw,True,
absolute,onehot,33,4,mish,0.1,True,0.0359828966332385,0.0540321870941556,0.0201355232269518,adamw,True,
absolute,onehot,35,4,gelu,0.1,True,0.0431360078969936,0.055862041294634,0.0168976596128132,adamw,True,
absolute,onehot,40,4,swish,0.0,True,0.0388254761454683,0.0541256974231103,0.0149779952417696,adamw,True,
absolute,onehot,38,4,mish,0.2,True,0.0467913050733248,0.0689244409507465,0.0182703533776553,adamw,True,
absolute,onehot,37,4,mish,0.1,True,0.015692801100302,0.0541015061663005,0.0255921217651223,adamw,True,
absolute,onehot,36,4,leakyrelu,0.1,True,0.0497871172129469,0.0544328957592881,0.0079854582316421,adamw,True,
absolute,onehot,39,4,mish,0.1,True,0.0326179039887198,0.0540461818231274,0.018005702130157,adamw,True,
absolute,onehot,34,4,mish,0.0,True,0.0410457268506566,0.0564056573098759,0.0208219598622625,adamw,True,
absolute,onehot,38,4,swish,0.1,True,0.008432576219227,0.058839294785176,0.0227630792256611,adamw,True,
absolute,onehot,40,4,mish,0.1,True,0.0366588520249223,0.0553878747865161,0.010902635422323,adamw,True,
absolute,onehot,37,3,mish,0.1,True,0.0435942235922949,0.0497985084951056,0.0111328197708614,adamw,True,
absolute,onehot,36,4,mish,0.1,True,0.0043821168944526,0.0599279334765004,0.0230367657435474,adamw,True,
absolute,onehot,38,4,swish,0.0,True,0.0399163422001139,0.0536490725616064,0.0177210999879704,adamw,True,
absolute,onehot,41,4,mish,0.1,True,0.0444395170325702,0.0537171398907972,0.0138722198897718,adamw,True,
absolute,onehot,35,4,mish,0.1,True,0.0302980383631124,0.0549153139001882,0.0199486301099512,adamw,True,
absolute,onehot,39,4,mish,0.1,True,0.0353680942440429,0.0530459128255372,0.0100354049100917,adamw,True,
absolute,onehot,37,4,swish,0.0,True,0.0384518736270232,0.0573351884844541,0.0145001575927969,adamw,True,
absolute,onehot,35,4,mish,0.1,True,0.0498850344817296,0.0483999583198567,0.0081618403386239,adamw,True,
absolute,onehot,33,4,mish,0.1,True,0.0499146948821223,0.0495178829158347,0.0069886899986269,adamw,True,
absolute,onehot,35,4,leakyrelu,0.1,True,0.0469323030964571,0.0609998015694148,0.0130981991982152,adamw,True,
absolute,onehot,34,4,mish,0.1,True,0.0053464596714097,0.0644815008169842,0.022912063149743,adamw,True,
absolute,onehot,35,4,mish,0.0,True,0.0480539117792269,0.0519390563823519,0.0088393202807712,adamw,True,
absolute,onehot,34,4,swish,0.1,True,0.0469216355582272,0.0536918897780456,0.0133769479541425,adamw,True,
absolute,onehot,35,4,mish,0.1,True,0.0498781219249081,0.0534871658644121,0.0088617536782122,adamw,True,
absolute,onehot,36,3,mish,0.1,True,0.0445121493468469,0.0564419575775171,0.0200761538433427,adamw,True,
absolute,onehot,36,4,mish,0.1,True,0.0498519668947062,0.0529208760978289,0.0065885982009536,adamw,True,
absolute,onehot,34,4,swish,0.0,True,0.0431484176393828,0.0625147729004388,0.0215376933418495,adamw,True,
absolute,onehot,35,4,mish,0.2,True,0.0458033641061158,0.0606367584320847,0.0103460593282261,adamw,True,
absolute,onehot,36,4,gelu,0.1,True,0.0426621698682285,0.0493881957614209,0.0095316780510571,adamw,True,
absolute,onehot,37,4,mish,0.1,True,0.0409303627033388,0.0579334107503194,0.0090109272896019,adamw,True,
absolute,onehot,36,4,mish,0.1,True,0.0498787396439026,0.0485160706039816,0.0061033611425462,adamw,True,
absolute,onehot,37,4,mish,0.0,True,0.0474644098265366,0.0592889791041865,0.0172163615130421,adamw,True,
absolute,onehot,60,4,mish,0.1,True,0.0491409895126912,0.0549010579105012,0.0056861832790742,adamw,True,
absolute,onehot,35,4,mish,0.1,True,0.0496613254706146,0.0531213764187899,0.0098158667185013,adamw,True,
absolute,onehot,38,4,mish,0.1,True,0.0460415543739866,0.0482131883370428,0.0104892406921623,adamw,True,
absolute,onehot,38,4,mish,0.1,True,0.0499000236199047,0.0574816792348075,0.0165155135453322,adamw,True,
absolute,onehot,36,4,mish,0.0,True,0.0462922523942759,0.0586245843864095,0.0113439901926375,adamw,True,
absolute,onehot,37,4,mish,0.1,True,0.0465731977984737,0.0532641507143495,0.0112554875763154,adamw,True,
absolute,onehot,48,4,mish,0.1,True,0.0447622757699225,0.0494962237456487,0.0081858291768613,adamw,True,
absolute,onehot,37,4,mish,0.1,True,0.0461193359121179,0.05546653541967,0.0140506050941024,adamw,True,
absolute,onehot,34,4,mish,0.0,True,0.0465277667093408,0.0561432594374289,0.0135290633223359,adamw,True,
absolute,onehot,38,4,mish,0.1,True,0.0494375404698513,0.0506862762680081,0.0118441324416933,adamw,True,
absolute,onehot,36,4,mish,0.1,True,0.0432278456130654,0.04980142796158,0.0167976855824332,adamw,True,
absolute,onehot,35,4,mish,0.1,True,0.0447075090711058,0.0554055203924219,0.0121313102803458,adamw,True,
absolute,onehot,37,5,mish,0.1,True,0.0436784330524192,0.0649081849854048,0.0121166156954198,adamw,True,
absolute,onehot,33,4,swish,0.0,True,0.0495545676778322,0.0613955967549133,0.026507940018025,adamw,True,
absolute,onehot,32,4,mish,0.1,True,0.0461630485256042,0.0561154595901228,0.0103165439140295,adamw,True,
absolute,onehot,38,4,mish,0.1,True,0.0426200404129443,0.0535306890147122,0.0125738605406102,adamw,True,
absolute,onehot,37,4,mish,0.1,True,0.041557697686557,0.0543872923914039,0.0153816667021578,adamw,True,
absolute,onehot,38,4,mish,0.0,True,0.0465371147710968,0.0508357583793679,0.0126083126145414,adamw,True,
absolute,onehot,36,4,swish,0.2,True,0.0417325877592593,0.0558487368663983,0.0186061280078101,adamw,True,
absolute,onehot,36,4,mish,0.1,True,0.0498224740382488,0.0474781096103311,0.0050018596978216,adamw,True,
absolute,onehot,36,4,mish,0.1,True,0.0497497882778325,0.060970011385032,0.0114095833536423,adamw,True,
absolute,onehot,37,4,mish,0.1,True,0.0499185638507132,0.0581303828823289,0.013176750336815,adamw,True,
absolute,onehot,38,4,mish,0.1,True,0.0462162591817104,0.0575293211431523,0.0057843594177139,adamw,True,
absolute,onehot,37,4,mish,0.0,True,0.049884839697582,0.0528625149722474,0.0143741290030902,adamw,True,
absolute,onehot,36,4,mish,0.1,True,0.0455708311918605,0.0573376749416045,0.0120587755130167,adamw,True,
absolute,onehot,39,4,mish,0.1,True,0.0036945321969137,0.0669658176233521,0.0255576832157596,adamw,True,
absolute,onehot,38,4,mish,0.1,True,0.0447520528217858,0.0536789092740795,0.0095911249767315,adamw,True,
absolute,onehot,37,4,mish,0.1,True,0.0475303648335566,0.0577120952363273,0.0111488098720858,adamw,True,
absolute,onehot,36,4,mish,0.0,True,0.0495979068327634,0.0634382705786052,0.0180932936338105,adamw,True,
absolute,onehot,38,4,mish,0.1,True,0.0233109020090659,0.0532588911121951,0.0203496962490244,adamw,True,
absolute,onehot,38,4,mish,0.1,True,0.0442777696509502,0.0505740458892726,0.0176265958662255,adamw,True,
absolute,onehot,37,4,mish,0.1,True,0.0414658850622662,0.0550715748602817,0.0137183750797596,adamw,True,
absolute,onehot,37,4,mish,0.0,True,0.045827269447628,0.0530920140675856,0.0184326276361161,adamw,True,
absolute,onehot,39,4,mish,0.1,True,0.0111572089805115,0.0626422200632317,0.030555392193819,adamw,True,
absolute,onehot,36,5,mish,0.1,True,0.041010089308724,0.0600781983821483,0.0155448747717963,adamw,True,
absolute,onehot,35,4,mish,0.1,True,0.0497098605961216,0.0541348736801175,0.0108894626739506,adamw,True,
absolute,onehot,38,4,mish,0.0,True,0.0435484550558828,0.0517681338630292,0.0112041937801919,adamw,True,
absolute,onehot,39,4,mish,0.1,True,0.0394387834030473,0.0492226747537018,0.0154761374576635,adamw,True,
absolute,onehot,46,4,mish,0.1,True,0.0048327086539408,0.0649242871339517,0.0299540743571057,adamw,True,
absolute,onehot,36,4,mish,0.2,True,0.0447506669730205,0.0574569380626034,0.0139465889490528,adamw,True,
absolute,onehot,37,4,mish,0.1,True,0.0499596877777698,0.0548202597257996,0.0112948815829815,adamw,True,
absolute,onehot,36,4,mish,0.1,True,0.0391752692946297,0.0540131185223898,0.0113028310856595,adamw,True,
absolute,onehot,50,4,gelu,0.0,True,0.0463173485739748,0.0525859549655947,0.0137752184136848,adamw,True,
absolute,onehot,37,4,mish,0.1,True,0.0423591350914512,0.0492548310630725,0.0122149693514808,adamw,True,
absolute,onehot,35,4,mish,0.1,True,0.0461603111947699,0.0464779860537078,0.0070238821567172,adamw,True,
absolute,onehot,34,4,mish,0.1,True,0.0395846196279812,0.0582098315378175,0.0163725696445491,adamw,True,
absolute,onehot,62,4,mish,0.0,True,0.0429672817924849,0.0646443111928386,0.0258361628458803,adamw,True,
absolute,onehot,34,4,mish,0.1,True,0.0014881649624592,0.0720133648020295,0.0236780577164279,adamw,True,
absolute,onehot,35,4,mish,0.1,True,0.0385929794477971,0.0604787390049897,0.0279848276711446,adamw,True,
absolute,onehot,35,4,mish,0.1,True,0.0418402725749646,0.0568021251163678,0.0170480575904843,adamw,True,
absolute,onehot,33,4,mish,0.1,True,0.0449314480914147,0.0477199063981145,0.0066778552082637,adamw,True,
absolute,onehot,33,4,mish,0.1,True,0.0463859285983254,0.0532377634389777,0.0162015080582642,adamw,True,
absolute,onehot,32,4,mish,0.1,True,0.0457145129496646,0.0577337914948662,0.0130997929941112,adamw,True,
absolute,onehot,32,4,mish,0.1,True,0.0442486240223332,0.0570636231657679,0.0142666458386019,adamw,True,
absolute,onehot,32,5,mish,0.1,True,0.0404663532979571,0.0520117320411841,0.0088364439430927,adamw,True,
absolute,onehot,33,4,mish,0.1,True,0.0459590068429204,0.0592472375662682,0.0199885591705897,adamw,True,
absolute,onehot,34,4,mish,0.1,True,0.0374262932627235,0.0502569591442562,0.0178960784214498,adamw,True,
absolute,onehot,29,4,mish,0.1,True,0.0433726155496473,0.055358497953319,0.0240967783308736,adamw,True,
absolute,onehot,33,4,mish,0.1,True,0.0466071218093367,0.0560524277101379,0.0138774888937911,adamw,True,
absolute,onehot,35,4,mish,0.1,True,0.0022949446152632,0.0689126327571614,0.0237672027424344,adamw,True,
absolute,onehot,31,4,mish,0.1,True,0.040642486095995,0.0548360672455775,0.0182039738860728,adamw,True,
absolute,onehot,31,4,mish,0.1,True,0.0363698212389016,0.0515868236409586,0.0130131807188635,adamw,True,
absolute,onehot,34,4,gelu,0.1,True,0.0439405168255486,0.0469050536508273,0.004162801630338,adamw,True,
absolute,onehot,32,4,gelu,0.1,True,0.0379509388309357,0.0520113450394799,0.0094280020723062,adamw,True,
absolute,onehot,33,4,gelu,0.1,True,0.0346925305218467,0.0554826115912788,0.0184137845716169,adamw,True,
absolute,onehot,33,4,mish,0.1,True,0.0404263483268908,0.0575651594306931,0.0148145448281006,adamw,True,
absolute,onehot,35,4,gelu,0.1,True,0.0394793890993893,0.0529210181807155,0.0087150887687343,adamw,True,
absolute,onehot,34,4,gelu,0.1,True,0.0435038594198404,0.0567649136375445,0.0144100470788206,adamw,True,
absolute,onehot,32,4,gelu,0.1,True,0.0369954411360992,0.0549978407070074,0.0130085184887772,adamw,True,
absolute,onehot,34,4,gelu,0.1,True,0.0428694410693672,0.047641289957853,0.0141396713575417,adamw,True,
absolute,onehot,34,4,gelu,0.1,True,0.0432625063918499,0.0559006267434746,0.014203981961645,adamw,True,
absolute,onehot,33,4,gelu,0.1,True,0.0418891494210929,0.0561666453119258,0.0151257188063451,adamw,True,
absolute,onehot,33,4,swish,0.1,True,0.0066333944812933,0.0662827633090935,0.0255880822198357,adamw,True,
absolute,onehot,33,4,gelu,0.2,True,0.0445625199940312,0.0571064902539128,0.0053316376679722,adamw,True,
absolute,onehot,34,4,gelu,0.1,True,0.0399964173398086,0.04721943892191,0.0125613844619197,adamw,True,
absolute,onehot,34,5,gelu,0.1,True,0.0331878821146664,0.0531977290744112,0.0104105478496137,adamw,True,
absolute,onehot,34,4,gelu,0.1,True,0.0348897714810249,0.0663709023326392,0.0152889727553932,adamw,True,
absolute,onehot,34,4,gelu,0.1,True,0.0386683931003758,0.0553717963608348,0.0184659070499296,adamw,True,
absolute,onehot,33,4,gelu,0.1,True,0.0370932931500665,0.0504460967431342,0.0124064984080683,adamw,True,
absolute,onehot,34,4,gelu,0.1,True,0.0390182810992993,0.0509438165392641,0.0109932703786092,adamw,True,
absolute,onehot,33,4,swish,0.1,True,0.0276596954540757,0.058197621378596,0.0197195553879921,adamw,True,
absolute,onehot,34,4,gelu,0.1,True,0.0345961836085954,0.055546751204,0.0137315901521016,adamw,True,
absolute,onehot,33,4,gelu,0.1,True,0.0405966579390037,0.0521939040501944,0.0097007519398974,adamw,True,
absolute,onehot,34,4,gelu,0.1,True,0.0365030916089422,0.0545667192621312,0.0150981619563269,adamw,True,
absolute,onehot,32,4,gelu,0.1,True,0.0408543735218327,0.0562648406783055,0.0199315687077253,adamw,True,
absolute,onehot,34,4,gelu,0.1,True,0.0311115141561867,0.0580537479261029,0.022715746965707,adamw,True,
absolute,onehot,56,4,gelu,0.1,True,0.0421987677945399,0.0551903505798558,0.018729234585278,adamw,True,
absolute,onehot,32,4,gelu,0.1,True,0.0387170711614086,0.0558079446619429,0.0089549672925725,adamw,True,
absolute,onehot,35,4,gelu,0.1,True,0.043154954512813,0.0544754299740727,0.013806485199821,adamw,True,
absolute,onehot,33,4,gelu,0.1,True,0.0338158564346636,0.0565581075699083,0.0197767881449447,adamw,True,
absolute,onehot,34,4,gelu,0.1,True,0.0383023128188803,0.055944324058436,0.0197428546459821,adamw,True,
absolute,onehot,35,4,gelu,0.2,True,0.0438635922180807,0.0522246096543068,0.0058449971643963,adamw,True,
absolute,onehot,34,4,gelu,0.1,True,0.0398522969261866,0.0564621779000832,0.0184920015233045,adamw,True,
absolute,onehot,31,4,gelu,0.1,True,0.0459256156961752,0.050420124836522,0.0114913893879293,adamw,True,
absolute,onehot,35,4,gelu,0.1,True,0.0355802050526314,0.0498699826768608,0.0187128084991637,adamw,True,
absolute,onehot,34,4,gelu,0.1,True,0.0420397415274769,0.0547198305031317,0.0137312518292789,adamw,True,
absolute,onehot,35,5,gelu,0.1,True,0.0460076051904572,0.0639727328796185,0.0122651285721082,adamw,True,
absolute,onehot,33,4,gelu,0.1,True,0.0400708846226148,0.0506958499005372,0.0162637745774695,adamw,True,
absolute,onehot,35,4,gelu,0.1,True,0.0369684832139809,0.0481171350359445,0.0133692204519254,adamw,True,
absolute,onehot,35,4,gelu,0.1,True,0.0430013523542148,0.0521647584772671,0.0182337160922278,adamw,True,
absolute,onehot,34,4,gelu,0.1,True,0.0461465564353352,0.054100804835235,0.0148585688826832,adamw,True,
absolute,onehot,35,4,gelu,0.1,True,0.0375589530142121,0.0566463636923143,0.0148315898081194,adamw,True,
absolute,onehot,35,4,gelu,0.1,True,0.0414837695153924,0.0588510541224152,0.0176510306593944,adamw,True,
absolute,onehot,33,4,gelu,0.1,True,0.0130765440117138,0.0559827448476496,0.0194585597458556,adamw,True,
absolute,onehot,35,4,gelu,0.1,True,0.0464974198200514,0.0533143677189798,0.0172239465863578,adamw,True,
absolute,onehot,34,4,gelu,0.1,True,0.0436931583633286,0.0506211173169325,0.0121135393695962,adamw,True,
absolute,onehot,34,4,gelu,0.1,True,0.0394876509024645,0.0582223283105172,0.0199715366398834,adamw,True,
absolute,onehot,35,4,gelu,0.1,True,0.0144562304202973,0.0613119458389085,0.0250086637097765,adamw,True,
absolute,onehot,33,4,gelu,0.1,True,0.0032638923602147,0.0647049340371949,0.0200167333378006,adamw,True,
absolute,onehot,35,4,gelu,0.1,True,0.0467256583615428,0.0521507382741401,0.0078687001411283,adamw,True,
absolute,onehot,36,4,gelu,0.1,True,0.0322163473492308,0.048729323771292,0.0073535562248067,adamw,True,
absolute,onehot,34,4,gelu,0.1,True,0.0361794154036701,0.0612015262876434,0.0216699574741154,adamw,True,
absolute,onehot,35,4,gelu,0.1,True,0.0499802004558115,0.0505447703529518,0.0106574428066749,adamw,True,
absolute,onehot,36,4,gelu,0.1,True,0.0421863836528769,0.0524522459431717,0.0106794715572336,adamw,True,
absolute,onehot,32,4,gelu,0.1,True,0.0010083441662682,0.0730597182024129,0.0175507593087749,adamw,True,
absolute,onehot,34,4,gelu,0.1,True,0.0391048230162987,0.0585573084746721,0.010112520474666,adamw,True,
absolute,onehot,36,4,gelu,0.1,True,0.0438695523577599,0.0537361658531866,0.0086979035983736,adamw,True,
absolute,onehot,36,4,gelu,0.1,True,0.0411660015394834,0.0550007851882235,0.0159065921738507,adamw,True,
absolute,onehot,35,5,gelu,0.1,True,0.0369043951254728,0.0537218291539454,0.0089766367099605,adamw,True,
absolute,onehot,33,4,gelu,0.1,True,0.0012807366442753,0.0731343901743761,0.0228345056028544,adamw,True,
absolute,onehot,34,4,gelu,0.1,True,0.047020992902064,0.0528774739984842,0.0053859029270465,adamw,True,
absolute,onehot,35,4,gelu,0.1,True,0.0338420927657693,0.0569138568198319,0.0152571908031672,adamw,True,
absolute,onehot,36,4,gelu,0.1,True,0.0436849331588395,0.0554599409525098,0.0170465837914684,adamw,True,
absolute,onehot,35,4,gelu,0.1,True,0.0387065598353442,0.0545890295634493,0.0158174199633577,adamw,True,
absolute,onehot,36,4,swish,0.2,True,0.0468922203569371,0.0621904602963346,0.009334017416184,adamw,True,
absolute,onehot,34,4,gelu,0.1,True,0.0413142678263023,0.0502832172850853,0.0107078745612414,adamw,True,
absolute,onehot,32,4,swish,0.1,True,0.0499802013343616,0.0585148630728905,0.0171933112091587,adamw,True,
absolute,onehot,33,4,gelu,0.1,True,0.043633833194459,0.050002488049939,0.0086990334025624,adamw,True,
absolute,onehot,36,4,swish,0.1,True,0.0388611957245762,0.0525732405513922,0.0115268562854874,adamw,True,
absolute,onehot,30,4,gelu,0.1,True,0.0356359895400088,0.0607717160405051,0.0314876418576354,adamw,True,
absolute,onehot,35,4,swish,0.1,True,0.0444410683444229,0.0529587899320138,0.0118091935569505,adamw,True,
absolute,onehot,36,4,gelu,0.1,True,0.0400878238567045,0.0529861001860192,0.0065952052854402,adamw,True,
absolute,onehot,34,4,swish,0.1,True,0.0463151490836563,0.0575689630538434,0.0232459118623966,adamw,True,
absolute,onehot,35,4,gelu,0.1,True,0.041972468744681,0.0556667355921398,0.0189578293766445,adamw,True,
absolute,onehot,59,4,swish,0.1,True,0.0368554266533786,0.0535939499195766,0.0103374820149685,adamw,True,
absolute,onehot,34,4,gelu,0.1,True,0.033515357564289,0.0556990887009765,0.0171325572981096,adamw,True,
absolute,onehot,36,4,swish,0.1,True,0.0499225641909745,0.0537744874724934,0.0110167327202855,adamw,True,
absolute,onehot,36,4,gelu,0.1,True,0.0428306857863307,0.062781754240429,0.026660168019021,adamw,True,
absolute,onehot,35,5,swish,0.1,True,0.0398663144922241,0.0519629862990997,0.0162986893861528,adamw,True,
absolute,onehot,33,4,mish,0.1,True,0.0469262447873673,0.0578416182850943,0.0108452894595031,adamw,True,
absolute,onehot,37,4,mish,0.1,True,0.0438281941952202,0.0539759273515889,0.0112025120280752,adamw,True,
absolute,onehot,36,4,gelu,0.1,True,0.0028870160381808,0.0687593277388788,0.0275921426601533,adamw,True,
absolute,onehot,34,4,mish,0.1,True,0.0380793698514161,0.0576118631524289,0.0177543812270974,adamw,True,
absolute,onehot,35,4,swish,0.2,True,0.0403538768821576,0.0588863583390427,0.0162473217340435,adamw,True,
absolute,onehot,37,4,mish,0.1,True,0.0463382568652284,0.0526471675269388,0.0081676570633086,adamw,True,
absolute,onehot,33,4,mish,0.1,True,0.0353633337904932,0.056961358401694,0.0195519652508338,adamw,True,
absolute,onehot,37,4,mish,0.1,True,0.0421964892534111,0.0543364887241321,0.0175264808168552,adamw,True,
absolute,onehot,36,4,gelu,0.1,True,0.0465230890359658,0.0473055348756326,0.0087356807023786,adamw,True,
absolute,onehot,36,4,gelu,0.1,True,0.0469904777925712,0.0514508118790555,0.0066006170684426,adamw,True,
absolute,onehot,35,4,gelu,0.1,True,0.0468467442208509,0.0479917086391197,0.0082707310306753,adamw,True,
absolute,onehot,36,4,gelu,0.1,True,0.047760158293451,0.0624686249629847,0.0190428637417476,adamw,True,
absolute,onehot,35,4,gelu,0.1,True,0.0498663102436141,0.0546095941110692,0.0104594028176358,adamw,True,
absolute,onehot,36,4,gelu,0.1,True,0.04610205778839,0.0621251444679997,0.0146259144892585,adamw,True,
absolute,onehot,36,4,gelu,0.1,True,0.0467487642732547,0.0578194945699445,0.0153029744525815,adamw,True,
absolute,onehot,35,4,gelu,0.1,True,0.049814281701508,0.0588339193465669,0.0093921634275792,adamw,True,
absolute,onehot,47,4,gelu,0.1,True,0.044176881961524,0.0587280160219274,0.0142010031094915,adamw,True,
absolute,onehot,34,4,gelu,0.1,True,0.0498531260331202,0.0499525670600268,0.0048372445359294,adamw,True,
absolute,onehot,37,4,gelu,0.1,True,0.0447757435290572,0.0558669291604768,0.0115724137295121,adamw,True,
absolute,onehot,34,4,gelu,0.1,True,0.0460455023700104,0.0577983334779672,0.021116588036026,adamw,True,
absolute,onehot,36,4,gelu,0.1,True,0.0438035702318656,0.0545046181833933,0.0072192491577214,adamw,True,
absolute,onehot,35,4,gelu,0.1,True,0.0463300573504605,0.0585557751623358,0.021493661423303,adamw,True,
absolute,onehot,37,5,gelu,0.1,True,0.0499881523664609,0.0663651770244638,0.0140840678641453,adamw,True,
absolute,onehot,36,4,gelu,0.1,True,0.0499977459974487,0.0490468670169209,0.0081211288931107,adamw,True,
absolute,onehot,37,4,swish,0.2,True,0.043568531689172,0.052477192217651,0.0077135038022786,adamw,True,
absolute,onehot,35,4,gelu,0.1,True,0.0431189329653662,0.0471046987355865,0.0076441920174273,adamw,True,
absolute,onehot,34,4,swish,0.1,True,0.0423127885025397,0.0511765996342629,0.0114730976595341,adamw,True,
absolute,onehot,33,4,gelu,0.1,True,0.0413561851530356,0.0518181459987181,0.0094414334116858,adamw,True,
absolute,onehot,36,4,swish,0.1,True,0.0409659610769811,0.0493761544514971,0.0121540094875662,adamw,True,
absolute,onehot,35,4,gelu,0.1,True,0.0437749334121847,0.0535280060967001,0.0135874968218244,adamw,True,
absolute,onehot,32,4,gelu,0.1,True,0.0406720339354778,0.0559522025407056,0.0109784342757239,adamw,True,
absolute,onehot,49,4,swish,0.1,True,0.0443740496334579,0.0523677417652872,0.0076578731642735,adamw,True,
absolute,onehot,37,4,gelu,0.1,True,0.0396294397793809,0.053318067033042,0.009574813726724,adamw,True,
absolute,onehot,36,4,swish,0.1,True,0.0435226901883297,0.0542849076203664,0.0164445629155182,adamw,True,
absolute,onehot,34,4,mish,0.1,True,0.0468250769034814,0.0470252363528932,0.0091673864980797,adamw,True,
absolute,onehot,33,4,mish,0.1,True,0.0472171797654764,0.0583277169590111,0.0112865731380143,adamw,True,
absolute,onehot,63,4,mish,0.1,True,0.0499837491021052,0.0654631157844901,0.0124110880080556,adamw,True,
absolute,onehot,33,4,mish,0.1,True,0.0464530496650945,0.0571249527513857,0.0159261345793153,adamw,True,
absolute,onehot,34,4,mish,0.1,True,0.0458713106543331,0.0584891113969964,0.0151332218054595,adamw,True,
absolute,onehot,32,4,mish,0.1,True,0.0437511820935537,0.0556244595770643,0.0160452457509026,adamw,False,
absolute,onehot,34,3,mish,0.1,True,0.014593765972152,0.0618439656289146,0.0219193849914542,adamw,False,
absolute,onehot,22,3,leakyrelu,0.1,True,0.0150049778043835,0.0644372958044787,0.0202442109320332,adamw,False,
absolute,onehot,58,3,leakyrelu,0.0,True,0.0034359876405443,0.0808048387035851,0.0341363661117578,adamw,False,
absolute,onehot,48,3,swish,0.2,True,0.0031538543346632,0.0695599985298383,0.0301726608037237,adamw,False,
absolute,onehot,27,5,gelu,0.2,True,0.0154478649467027,0.0606343745579501,0.0193083629170573,adamw,False,
absolute,onehot,17,4,gelu,0.0,True,0.0017122429972348,0.0732203189928172,0.0128346588066023,adamw,False,
absolute,onehot,19,3,swish,0.0,True,0.0039153250012812,0.0648485229615951,0.0215113223156124,adamw,False,
absolute,onehot,26,5,mish,0.1,True,0.0025275614890233,0.0676350967543556,0.0204841039636322,adamw,False,
absolute,onehot,59,5,gelu,0.0,True,0.0379390088683946,0.0503206167293156,0.0086627346772056,adamw,False,
absolute,onehot,48,3,swish,0.1,True,0.0016260452863829,0.0627751793648444,0.0191408699461885,adamw,False,
absolute,onehot,54,5,gelu,0.0,True,0.0375894367524583,0.060350068371452,0.0200558960873608,adamw,False,
absolute,onehot,42,4,gelu,0.0,True,0.0079008680334578,0.0612777715462575,0.0271832729960033,adamw,False,
absolute,onehot,55,5,gelu,0.0,True,0.0237936108814397,0.0617938194522241,0.0164574064972635,adamw,False,
absolute,onehot,38,5,gelu,0.2,True,0.0220460801147628,0.0567756434100804,0.0230495569196338,adamw,False,
absolute,onehot,36,5,mish,0.2,True,0.0088150061400839,0.0627773312661088,0.0213001340214742,adamw,False,
absolute,onehot,43,4,leakyrelu,0.2,True,0.0203334572083777,0.0666176376866902,0.0231933784630209,adamw,False,
absolute,onehot,31,5,gelu,0.2,True,0.0053643020217794,0.0606941194189452,0.0221159901950327,adamw,False,
absolute,onehot,42,5,gelu,0.2,True,0.0107159879251501,0.0572121938716505,0.0122603264629683,adamw,False,
absolute,onehot,40,5,gelu,0.2,True,0.010545904687545,0.0650558514799761,0.023545695483797,adamw,False,
absolute,onehot,12,5,gelu,0.2,True,0.0306846790650127,0.0637570171248742,0.0174524561210224,adamw,False,
absolute,onehot,47,5,gelu,0.2,True,0.0214882001108439,0.0496475533729912,0.0091885430114788,adamw,False,
absolute,onehot,49,5,gelu,0.2,True,0.022955711900739,0.0546486071950468,0.0096847374111162,adamw,False,
absolute,onehot,49,4,gelu,0.2,True,0.0273670452874162,0.0537822925205996,0.012062958188307,adamw,False,
absolute,onehot,58,4,mish,0.2,True,0.0309386764022434,0.0560257509156024,0.0115377061832598,adamw,False,
absolute,onehot,52,4,leakyrelu,0.2,True,0.0490937189046798,0.0627234814990798,0.0075212774240586,adamw,False,
absolute,onehot,59,4,swish,0.1,True,0.0175821769557186,0.0598980114293367,0.022174772621176,adamw,False,
absolute,onehot,46,4,mish,0.2,True,0.0123901534760974,0.052067034573452,0.0174390647164811,adamw,False,
absolute,onehot,46,4,mish,0.1,True,0.0010386968945436,0.0713312023746202,0.0211499308909963,adamw,False,
absolute,onehot,51,4,mish,0.2,True,0.0116597807979528,0.0555234551617433,0.0163568840135905,adamw,False,
absolute,onehot,45,4,mish,0.2,True,0.0123346823733978,0.0574569596200228,0.0255195702593738,adamw,False,
absolute,onehot,56,4,mish,0.2,True,0.0280003943332696,0.0583772770765312,0.015337451550178,adamw,False,
absolute,onehot,60,4,leakyrelu,0.2,True,0.0062108347231401,0.0706892988342446,0.0274301667808248,adamw,False,
absolute,onehot,33,3,gelu,0.2,True,0.0156841085753049,0.0591585375382628,0.023567309725367,adamw,False,
absolute,onehot,51,4,mish,0.2,True,0.0175784669244987,0.0536900011440328,0.0154882291078444,adamw,False,
absolute,onehot,53,3,mish,0.0,True,0.0180207089128919,0.0647116693852267,0.030111376746943,adamw,False,
absolute,onehot,45,4,mish,0.1,True,0.0137678746597541,0.0610814801841944,0.0206647246023228,adamw,False,
absolute,onehot,60,4,mish,0.0,True,0.036382944461296,0.0588671456164001,0.022279933658982,adamw,False,
absolute,onehot,50,5,swish,0.2,True,0.0181935428265622,0.0609806628426284,0.0154904513129447,adamw,False,
absolute,onehot,48,4,mish,0.2,True,0.0257323429989358,0.0560629352433455,0.0179053078708284,adamw,False,
absolute,onehot,56,4,gelu,0.2,True,0.0138322108923733,0.0507226190095252,0.0124154967448145,adamw,False,
absolute,onehot,57,4,leakyrelu,0.2,True,0.0091807716322946,0.067243673053583,0.0278986232405088,adamw,False,
absolute,onehot,53,3,gelu,0.2,True,0.0140108156940853,0.061699615021906,0.0284757404910627,adamw,False,
absolute,onehot,46,4,swish,0.0,True,0.0067447116449923,0.0609735326046455,0.0254171499883228,adamw,False,
absolute,onehot,61,4,mish,0.1,True,0.0411086490109458,0.0483741458759322,0.0065195200959618,adamw,False,
absolute,onehot,61,5,gelu,0.1,True,0.039381765989204,0.0631433708294147,0.0152565575799559,adamw,False,
absolute,onehot,63,3,gelu,0.1,True,0.0361572933948927,0.0539765103012698,0.0172778463508612,adamw,False,
absolute,onehot,62,5,mish,0.1,True,0.0205481783279694,0.0569581571699647,0.0203681078286477,adamw,False,
absolute,onehot,55,4,gelu,0.1,True,0.0415144615219476,0.0529222712805678,0.0108645541648054,adamw,False,
absolute,onehot,56,4,gelu,0.1,True,0.0434454939599353,0.0505485191144339,0.0077974296727605,adamw,False,
absolute,onehot,57,4,gelu,0.1,True,0.0497023734725491,0.05487898995148,0.0066475773944971,adamw,False,
absolute,onehot,55,4,gelu,0.1,True,0.0331853419128608,0.0541579169587937,0.0180104327697243,adamw,False,
absolute,onehot,59,4,gelu,0.1,True,0.0414701402731233,0.04703464232733,0.0120160326805092,adamw,False,
absolute,onehot,62,5,gelu,0.1,True,0.0417806782050586,0.0573045312071527,0.0084214086073391,adamw,False,
absolute,onehot,59,5,gelu,0.1,True,0.0438104997011467,0.0585664717512111,0.0063883380691374,adamw,False,
absolute,onehot,64,4,gelu,0.1,True,0.034179022008844,0.0520140763585149,0.0136568283508943,adamw,False,
absolute,onehot,57,5,gelu,0.0,True,0.0254351802510703,0.0552248513581212,0.0153908054350945,adamw,False,
absolute,onehot,54,4,gelu,0.1,True,0.0287993697431876,0.0481495990220923,0.0125314610319886,adamw,False,
absolute,onehot,54,4,gelu,0.1,True,0.0454799867863542,0.0559896690467382,0.0120227917490532,adamw,False,
absolute,onehot,59,4,gelu,0.1,True,0.0297441949992285,0.0578284577806869,0.0234008346950606,adamw,False,
absolute,onehot,61,4,gelu,0.1,True,0.0229954279108223,0.0525566137225781,0.014190016432482,adamw,False,
absolute,onehot,56,4,gelu,0.1,True,0.0329705504756389,0.0521156504743422,0.0080593620644374,adamw,False,
absolute,onehot,53,4,gelu,0.1,True,0.0381699635216974,0.045370137440296,0.0046886115650634,adamw,False,
absolute,onehot,52,5,gelu,0.1,True,0.0392574753137962,0.0500195000314724,0.0061202097718951,adamw,False,
absolute,onehot,53,5,gelu,0.1,True,0.0366587576359992,0.0522605662924838,0.0136331829343661,adamw,False,
absolute,onehot,51,5,leakyrelu,0.1,True,0.0027396134164645,0.0657224919773069,0.021634500726055,adamw,False,
absolute,onehot,58,5,swish,0.1,True,0.0290064333356304,0.0576300672549681,0.0159925379820394,adamw,False,
absolute,onehot,49,5,gelu,0.0,True,0.0390485323834549,0.0611044354114391,0.0146447433480418,adamw,False,
absolute,onehot,27,5,gelu,0.1,True,0.0039036290286237,0.0698189843548825,0.0282683596970387,adamw,False,
absolute,onehot,54,4,gelu,0.1,True,0.0443393929589486,0.050087138150251,0.0075858657545134,adamw,False,
absolute,onehot,54,4,gelu,0.1,True,0.0476016855300866,0.0518975186440927,0.0116793711042605,adamw,False,
absolute,onehot,51,5,gelu,0.1,True,0.031193216118145,0.0536419403323495,0.012068114258716,adamw,False,
absolute,onehot,48,3,gelu,0.1,True,0.0263170614947236,0.0587981374882326,0.0130231437387782,adamw,False,
absolute,onehot,23,4,gelu,0.1,True,0.0383457992316816,0.0574377522110654,0.0172812900434158,adamw,False,
absolute,onehot,52,4,gelu,0.0,True,0.0339158430948912,0.0605811023846761,0.0185405374729002,adamw,False,
absolute,onehot,39,5,gelu,0.1,True,0.0450785590507831,0.0560408808264636,0.0102248908036994,adamw,False,
absolute,onehot,58,4,leakyrelu,0.1,True,0.0215714703230588,0.0548778219441441,0.0150433742551299,adamw,False,
absolute,onehot,60,5,swish,0.0,True,0.0499505504421168,0.0677398904047837,0.0218672372886262,adamw,False,
absolute,onehot,54,4,gelu,0.1,True,0.0276990607933308,0.0556123778936873,0.0171955048672533,adamw,False,
absolute,onehot,56,4,gelu,0.1,True,0.0431904259824532,0.0516062221389286,0.0077332290951473,adamw,False,
absolute,onehot,52,4,gelu,0.1,True,0.0405563352258918,0.0515823684532765,0.0044750734662125,adamw,False,
absolute,onehot,61,4,gelu,0.1,True,0.0318885867302116,0.0551786430926951,0.0107495481286764,adamw,False,
absolute,onehot,58,4,gelu,0.1,True,0.0359563001336478,0.0559877418537586,0.0206327594140772,adamw,False,
absolute,onehot,55,4,gelu,0.1,True,0.024246724248441,0.0547371543443074,0.0105022045838204,adamw,False,
absolute,onehot,63,4,gelu,0.1,True,0.0445069613917341,0.0518469775348984,0.0069514539324219,adamw,False,
absolute,onehot,50,3,gelu,0.0,True,0.0017983207053678,0.0654111050951621,0.0221056700690681,adamw,False,
absolute,onehot,47,4,gelu,0.1,True,0.0388380730138998,0.0544015049048262,0.0120351837149972,adamw,False,
absolute,onehot,57,5,mish,0.1,True,0.0293933815240664,0.0532115970037705,0.0104287477484501,adamw,False,
absolute,onehot,53,4,gelu,0.1,True,0.0362751023324753,0.0520714075657286,0.0109456499367139,adamw,False,
absolute,onehot,56,4,gelu,0.2,True,0.0190291284495216,0.0539271670749472,0.018353140720433,adamw,False,
absolute,onehot,59,4,gelu,0.2,True,0.043193822455261,0.0638593029443743,0.0122099299547405,adamw,False,
absolute,onehot,60,4,gelu,0.0,True,0.0327579527155063,0.0604011222015905,0.0204165361711461,adamw,False,
absolute,onehot,55,4,gelu,0.2,True,0.0151677647481061,0.0585633789254068,0.0117875419104585,adamw,False,
absolute,onehot,62,4,gelu,0.1,True,0.0466795015859687,0.0549530611621345,0.0103286481708973,adamw,False,
absolute,onehot,50,5,leakyrelu,0.1,True,0.02530722321234,0.0524638448224806,0.0070462431140776,adamw,False,
absolute,onehot,52,4,mish,0.2,True,0.0414918898478557,0.0579383408518859,0.0100753924911652,adamw,False,
absolute,onehot,57,4,swish,0.1,True,0.0286352935233892,0.0522220268625796,0.0096254420309854,adamw,False,
absolute,onehot,54,5,gelu,0.0,True,0.0348319783455939,0.0623813535334674,0.0288770809430968,adamw,False,
absolute,onehot,42,4,gelu,0.1,True,0.0388938333641599,0.0520614221879413,0.0124212128439721,adamw,False,
absolute,onehot,52,4,gelu,0.1,True,0.0411153589785883,0.0551191800091111,0.0104087286259183,adamw,False,
absolute,onehot,56,4,gelu,0.1,True,0.0312259797062642,0.0500589689665108,0.0093823944658867,adamw,False,
absolute,onehot,56,4,gelu,0.1,True,0.0310137333870709,0.0576839996224725,0.0202516309445674,adamw,False,
absolute,onehot,59,4,gelu,0.1,True,0.0269903980458351,0.0582358441972492,0.0230630514311554,adamw,False,
absolute,onehot,63,3,gelu,0.1,True,0.020397865860826,0.053773883605283,0.0197652616770384,adamw,False,
absolute,onehot,54,4,gelu,0.2,True,0.0233332821181874,0.0540917594101424,0.0124738323532075,adamw,False,
absolute,onehot,60,5,gelu,0.1,True,0.0345098943196728,0.0651772913946541,0.0257918536278434,adamw,False,
absolute,onehot,44,4,mish,0.1,True,0.0473479358868599,0.0531642309131344,0.0051075743620703,adamw,False,
absolute,onehot,58,4,gelu,0.1,True,0.0373230892236268,0.0539633488422682,0.0108210202550894,adamw,False,
absolute,onehot,37,5,gelu,0.2,True,0.008697113567896,0.0651715288572428,0.0207862089027231,adamw,False,
absolute,onehot,53,4,gelu,0.1,True,0.041248234601319,0.0598911300044915,0.0199084579909029,adamw,False,
absolute,onehot,49,4,gelu,0.1,True,0.0455503824384618,0.0546703854683732,0.0087391639170954,adamw,False,
absolute,onehot,55,4,gelu,0.1,True,0.0316812119991909,0.0617854691564905,0.0263180705665644,adamw,False,
absolute,onehot,52,4,gelu,0.1,True,0.0391732226830407,0.0515266560928298,0.0075908613594652,adamw,False,
absolute,onehot,57,4,gelu,0.1,True,0.0046533185266851,0.0605556665377914,0.0206910016708857,adamw,False,
absolute,onehot,17,4,gelu,0.0,True,0.0497111998961679,0.0690055156518467,0.0235025796458427,adamw,False,
absolute,onehot,51,5,leakyrelu,0.1,True,0.016813729809798,0.0648615673716365,0.025643245265671,adamw,False,
absolute,onehot,56,4,gelu,0.1,True,0.037763290906906,0.0518496487272871,0.0022485754858243,adamw,False,
absolute,onehot,55,4,swish,0.1,True,0.034086888080144,0.0509829057124875,0.0156281243675097,adamw,False,
absolute,onehot,61,4,swish,0.2,True,0.0334638521832927,0.0547517616972322,0.0180462314709963,adamw,False,
absolute,onehot,55,4,swish,0.1,True,0.0357069437588154,0.0531345403216212,0.0159575525368721,adamw,False,
absolute,onehot,53,4,swish,0.1,True,0.0299833182076452,0.0568693696113565,0.0232764815453121,adamw,False,
absolute,onehot,54,4,swish,0.1,True,0.0429323615633076,0.058778810177546,0.0181559445283457,adamw,False,
absolute,onehot,58,4,mish,0.1,True,0.0389565110185684,0.0546663635441417,0.0045547144063901,adamw,False,
absolute,onehot,56,4,gelu,0.1,True,0.0328738621662669,0.0535223508791481,0.0072293100392701,adamw,False,
absolute,onehot,50,5,swish,0.1,True,0.0281053582898505,0.0504068975074787,0.0097908413757768,adamw,False,
absolute,onehot,50,5,swish,0.0,True,0.0262898146175074,0.0572055334402908,0.0156996600330158,adamw,False,
absolute,onehot,47,5,swish,0.1,True,0.028620879822571,0.053792467880727,0.0124945733461299,adamw,False,
absolute,onehot,59,5,swish,0.1,True,0.0241698405242038,0.0626907232205979,0.012553584965083,adamw,False,
absolute,onehot,57,5,swish,0.2,True,0.0210959141076201,0.0591753929149457,0.0198681140829354,adamw,False,
absolute,onehot,51,5,gelu,0.1,True,0.0447735853464011,0.0533357675755834,0.009835507803261,adamw,False,
absolute,onehot,52,3,swish,0.1,True,0.0357485798132161,0.053584143590336,0.0227444672375994,adamw,False,
absolute,onehot,54,4,gelu,0.1,True,0.0108531836091741,0.0528828594943715,0.0196387062959975,adamw,False,
absolute,onehot,50,5,gelu,0.1,True,0.0403236459159728,0.0631335218324723,0.0090884304970678,adamw,False,
absolute,onehot,49,4,gelu,0.1,True,0.0301452805431333,0.0500452899138364,0.011558052335521,adamw,False,
absolute,onehot,33,4,mish,0.1,True,0.0301038618709391,0.0535435470278263,0.0179363324733078,adamw,False,
absolute,onehot,48,5,gelu,0.1,True,0.0129211781840087,0.0551398004832058,0.0216585461745932,adamw,False,
absolute,onehot,55,4,gelu,0.1,True,0.0278961774925443,0.052317982162156,0.0122867377327157,adamw,False,
absolute,onehot,47,4,swish,0.0,True,0.0191543864452565,0.0572587813781178,0.0315909418234803,adamw,False,
absolute,onehot,60,4,gelu,0.1,True,0.0224661696322678,0.055066955467339,0.0186654945577999,adamw,False,
absolute,onehot,49,4,gelu,0.1,True,0.0341465450945223,0.0606149162929894,0.0215936233676503,adamw,False,
absolute,onehot,52,4,gelu,0.1,True,0.0370179338066926,0.0502513458077801,0.008632141202914,adamw,False,
absolute,onehot,53,4,gelu,0.1,True,0.0315299413426316,0.0555891953497878,0.0188033934663936,adamw,False,
absolute,onehot,51,4,gelu,0.1,True,0.0363769450857711,0.0507424936037746,0.0098068653155383,adamw,False,
absolute,onehot,49,4,gelu,0.2,True,0.0429962676699606,0.0585637086316088,0.0087421930068967,adamw,False,
absolute,onehot,51,5,gelu,0.1,True,0.0380592125473545,0.0477953405318998,0.0070047207597299,adamw,False,
absolute,onehot,45,5,gelu,0.1,True,0.0467323643146326,0.0591588564661084,0.006622708702175,adamw,False,
absolute,onehot,53,5,gelu,0.1,True,0.0377497384217603,0.0566410326864022,0.0037880974762437,adamw,False,
absolute,onehot,58,5,gelu,0.1,True,0.0256724991025044,0.0502106972743713,0.0140812286599177,adamw,False,
absolute,onehot,62,5,gelu,0.1,True,0.0255512297547314,0.0525775482531791,0.0146938322170392,adamw,False,
absolute,onehot,59,5,gelu,0.1,True,0.0275646069739021,0.0556991523095871,0.0067261599339391,adamw,False,
absolute,onehot,58,5,gelu,0.1,True,0.030727265934393,0.0552250223154824,0.0143183354781343,adamw,False,
absolute,onehot,50,5,gelu,0.1,True,0.0414910451847882,0.0585646061298265,0.0075008842744434,adamw,False,
absolute,onehot,56,5,gelu,0.1,True,0.0248495743295764,0.0625723873679453,0.0154368336152004,adamw,False,
absolute,onehot,51,5,gelu,0.2,True,0.0498560761094036,0.0774840185564831,0.0117869192892894,adamw,False,
absolute,onehot,54,5,gelu,0.1,True,0.0329920101638426,0.0617875435639312,0.0211477438171476,adamw,False,
absolute,onehot,57,5,leakyrelu,0.0,True,0.0375612524089668,0.0635339732767606,0.0188806148587943,adamw,False,
absolute,onehot,61,3,gelu,0.1,True,0.0440405705763217,0.0497300276379448,0.0088294793129931,adamw,False,
absolute,onehot,61,3,gelu,0.1,True,0.0414887527221766,0.049695214942315,0.009145365027048,adamw,False,
absolute,onehot,64,3,mish,0.1,True,0.0449253094375251,0.060104332334098,0.0232885574667236,adamw,False,
absolute,onehot,62,3,gelu,0.1,True,0.0411178733110992,0.0559535972598282,0.017920358908892,adamw,False,
absolute,onehot,61,3,gelu,0.1,True,0.0458174294386522,0.0559528525689725,0.0158966309997421,adamw,False,
absolute,onehot,63,3,gelu,0.1,True,0.0011202036878986,0.0642932687021317,0.0200851078161957,adamw,False,
absolute,onehot,59,3,gelu,0.1,True,0.0391442485427651,0.0509567842900489,0.0104914560372764,adamw,False,
absolute,onehot,61,3,gelu,0.1,True,0.0423630105064557,0.0464085273966485,0.0068215194663212,adamw,False,
absolute,onehot,60,3,gelu,0.1,True,0.0353785092000356,0.047054806867586,0.0078103556744661,adamw,False,
absolute,onehot,60,3,gelu,0.1,True,0.0350466839918363,0.0611150923707046,0.0272286273592588,adamw,False,
absolute,onehot,61,3,gelu,0.1,True,0.0416709650731324,0.0539336660854459,0.0186846600426375,adamw,False,
absolute,onehot,62,3,gelu,0.1,True,0.0365957401826796,0.050094585060756,0.0137337872303955,adamw,False,
absolute,onehot,63,3,gelu,0.1,True,0.0373380535953187,0.0528702970331914,0.0177765560076175,adamw,False,
absolute,onehot,61,3,gelu,0.1,True,0.0324283022376113,0.0578878986325676,0.020086085578914,adamw,False,
absolute,onehot,64,3,gelu,0.1,True,0.0434122066441586,0.0577447076895479,0.0171804956485057,adamw,False,
absolute,onehot,62,3,gelu,0.1,True,0.0352642370863712,0.0529674508701352,0.0159273913640123,adamw,False,
absolute,onehot,60,3,gelu,0.1,True,0.0382011062055116,0.0550225241336447,0.0171415755962054,adamw,False,
absolute,onehot,58,3,gelu,0.1,True,0.0400427561200877,0.0588725197517639,0.0253103279567661,adamw,False,
absolute,onehot,61,3,gelu,0.1,True,0.0460012389822547,0.0522809329789324,0.0107646666351532,adamw,False,
absolute,onehot,59,3,gelu,0.1,True,0.049734194412032,0.050590238289774,0.014072083216585,adamw,False,
absolute,onehot,62,3,gelu,0.1,True,0.032369923131255,0.0516613768636567,0.0174498772870236,adamw,False,
absolute,onehot,60,3,gelu,0.1,True,0.0348418003400839,0.0627456350848738,0.0299438750830762,adamw,False,
absolute,onehot,58,3,gelu,0.0,True,0.0307477542385209,0.0568576434370599,0.0202317409114943,adamw,False,
absolute,onehot,63,3,gelu,0.1,True,0.0300243619175302,0.0589467050514047,0.0211343402748739,adamw,False,
absolute,onehot,52,3,mish,0.1,True,0.0274802758760015,0.049062332672352,0.0148883152660105,adamw,False,
absolute,onehot,53,3,mish,0.1,True,0.0421571479674535,0.0497253983149719,0.0147246933255461,adamw,False,
absolute,onehot,52,3,mish,0.1,True,0.0409123612808828,0.0554902519806399,0.0151211153983995,adamw,False,
absolute,onehot,52,3,mish,0.1,True,0.0423773203158449,0.0519399163401013,0.0089362643637192,adamw,False,
absolute,onehot,53,3,mish,0.1,True,0.0372677110604559,0.0573513466076816,0.0233217134703053,adamw,False,
absolute,onehot,53,3,mish,0.1,True,0.0453055034873669,0.0505519452722481,0.0131984293757192,adamw,False,
absolute,onehot,54,3,mish,0.1,True,0.0263890989227742,0.0507917503343663,0.0210626498986737,adamw,False,
absolute,onehot,41,3,mish,0.1,True,0.0357801881097105,0.0555942077143539,0.0191755094770819,adamw,False,
absolute,onehot,29,3,mish,0.1,True,0.0401152499637883,0.0617285359426608,0.0200807162003444,adamw,False,
absolute,onehot,59,3,mish,0.1,True,0.0337624203247615,0.0488438724177552,0.0105708037338423,adamw,False,
absolute,onehot,60,3,mish,0.1,True,0.0287432748589646,0.0604215286242462,0.0260326787036855,adamw,False,
absolute,onehot,62,3,mish,0.1,True,0.0340428616745961,0.0477061122657269,0.0160863802803826,adamw,False,
absolute,onehot,61,3,mish,0.1,True,0.0329173552948658,0.0595831628503869,0.0177680310901441,adamw,False,
absolute,onehot,59,3,mish,0.1,True,0.0316444013164531,0.0577534380748103,0.0269827730551591,adamw,False,
absolute,onehot,63,3,mish,0.1,True,0.0288989332963585,0.0582114983791313,0.0222107651008755,adamw,False,
absolute,onehot,62,3,mish,0.1,True,0.0341049307091849,0.0604776053324379,0.0290139258893809,adamw,False,
absolute,onehot,57,3,mish,0.1,True,0.0435606497882302,0.049233838491725,0.0105634671397157,adamw,False,
absolute,onehot,61,3,mish,0.1,True,0.0453795611968152,0.0574033237881012,0.0220266624213947,adamw,False,
absolute,onehot,55,3,mish,0.1,True,0.0430736522277333,0.05556377757308,0.0081414511906092,adamw,False,
absolute,onehot,57,3,mish,0.1,True,0.0402299296935972,0.0540660694131226,0.0127942172939941,adamw,False,
absolute,onehot,60,3,mish,0.1,True,0.0390160257834885,0.0493209269458341,0.0171801011153107,adamw,False,
absolute,onehot,60,3,mish,0.1,True,0.0385856050612498,0.0585275477332475,0.0259702804050414,adamw,False,
absolute,onehot,62,3,mish,0.1,True,0.0473022093522521,0.0541856358040062,0.0195824583683442,adamw,False,
absolute,onehot,64,3,mish,0.1,True,0.0428531989240025,0.0518738044964266,0.0199217947995431,adamw,False,
absolute,onehot,59,3,mish,0.1,True,0.0358088178625913,0.0517785901132078,0.016347636744211,adamw,False,
absolute,onehot,12,3,mish,0.1,True,0.0387030933503342,0.0553917002191427,0.0195421205182389,adamw,False,
absolute,onehot,61,3,mish,0.1,True,0.0429658407085157,0.0524365234411361,0.0156191958686155,adamw,False,
absolute,onehot,56,3,mish,0.1,True,0.0473823110823449,0.0528419344718671,0.0120874111873735,adamw,False,
absolute,onehot,60,3,mish,0.1,True,0.0344140866566456,0.0579844374701557,0.0314805084730728,adamw,False,
absolute,onehot,58,3,leakyrelu,0.1,True,0.0392851384458641,0.0548299123782326,0.0156222831759532,adamw,False,
absolute,onehot,58,3,mish,0.1,True,0.0361573134765729,0.0511765405021815,0.0105519976370136,adamw,False,
absolute,onehot,57,3,mish,0.1,True,0.0313347282790822,0.0562746713699184,0.0173699476611673,adamw,False,
absolute,onehot,59,3,gelu,0.1,True,0.0058500724795709,0.0638514634652011,0.0227523863638056,adamw,False,
absolute,onehot,51,3,gelu,0.1,True,0.0270561859410104,0.053811353300198,0.0181779055084186,adamw,False,
absolute,onehot,62,3,mish,0.1,True,0.0410799606314599,0.0540675865324518,0.0138179797658435,adamw,False,
absolute,onehot,55,3,gelu,0.1,True,0.023810130529791,0.0586076429039461,0.0212652944495665,adamw,False,
absolute,onehot,61,3,gelu,0.1,True,0.0369835861748133,0.0532540558095507,0.0142541215792383,adamw,False,
absolute,onehot,60,3,gelu,0.1,True,0.0333959359695082,0.0560293830001598,0.0183589131450957,adamw,False,
absolute,onehot,54,3,mish,0.1,True,0.0446590506867113,0.0580406325832059,0.0232536734784028,adamw,False,
absolute,onehot,52,4,gelu,0.1,True,0.0369734870205358,0.0530412653701758,0.0144462140935405,adamw,False,
absolute,onehot,53,4,gelu,0.1,True,0.0394126244599351,0.0485922658086501,0.0060106894109786,adamw,False,
absolute,onehot,51,4,gelu,0.1,True,0.0419597370955907,0.0524752316010875,0.0070838498177556,adamw,False,
absolute,onehot,53,4,gelu,0.1,True,0.0392966809939796,0.049289264971436,0.0132122868660863,adamw,False,
absolute,onehot,53,4,gelu,0.1,True,0.0392698247953031,0.0490958175387216,0.0079140445166644,adamw,False,
absolute,onehot,53,4,gelu,0.1,True,0.0394674807131692,0.059875205091688,0.0227655385301649,adamw,False,
absolute,onehot,54,4,gelu,0.1,True,0.0467539236799427,0.0545164547500568,0.0077995560706125,adamw,False,
absolute,onehot,52,4,gelu,0.1,True,0.0425328440502787,0.047447195368698,0.0048426423284533,adamw,False,
absolute,onehot,48,4,gelu,0.1,True,0.039918074327954,0.0547317211815382,0.0124073410837462,adamw,False,
absolute,onehot,52,4,mish,0.1,True,0.0430746925416583,0.0518663660958052,0.0117343007112663,adamw,False,
absolute,onehot,53,4,gelu,0.1,True,0.0435785857526475,0.0561010033921294,0.0064870188519604,adamw,False,
absolute,onehot,53,4,gelu,0.1,True,0.049736609392644,0.0542911266120592,0.0091326207899407,adamw,False,
absolute,onehot,50,4,gelu,0.1,True,0.007331386427499,0.0579967416846631,0.0198911513320717,adamw,False,
absolute,onehot,52,4,gelu,0.1,True,0.0385083966608283,0.0579291150248815,0.0210726178111062,adamw,False,
absolute,onehot,54,4,gelu,0.1,True,0.0409190355520597,0.0562491689315255,0.014719406599186,adamw,False,
absolute,onehot,51,4,gelu,0.1,True,0.0349670585415388,0.0564394265309468,0.0167740077733324,adamw,False,
absolute,onehot,55,4,gelu,0.1,True,0.0447091624838042,0.0600392479874454,0.0087624590583885,adamw,False,
absolute,onehot,53,4,gelu,0.1,True,0.0386938640854914,0.0551736982426046,0.0110873184106623,adamw,False,
absolute,onehot,49,4,leakyrelu,0.1,True,0.0342019179355018,0.0572208050724714,0.0145529656320995,adamw,False,
absolute,onehot,51,4,mish,0.1,True,0.0032638923602147,0.0607820342069199,0.0214991353646942,adamw,False,
absolute,onehot,54,4,gelu,0.1,True,0.0374905146106,0.0579065152493602,0.0160724801401367,adamw,False,
absolute,onehot,52,4,gelu,0.1,True,0.0423746896789587,0.0509375874491322,0.007465559318881,adamw,False,
absolute,onehot,22,3,gelu,0.1,True,0.0370901531949083,0.0659290534576817,0.0289570038590634,adamw,False,
absolute,onehot,63,4,gelu,0.1,True,0.0313994867278317,0.0541386196632612,0.0174394829173083,adamw,False,
absolute,onehot,54,3,gelu,0.1,True,0.0406890619070511,0.0507219340444551,0.0113807877810047,adamw,False,
absolute,onehot,62,4,gelu,0.2,True,0.0468249871942919,0.0723282022497087,0.010946550433417,adamw,False,
absolute,onehot,55,3,mish,0.1,True,0.0351479057884642,0.0497535408634606,0.0094655037444798,adamw,False,
absolute,onehot,56,3,mish,0.1,True,0.0326176085307271,0.0511839917928696,0.0146522779320245,adamw,False,
absolute,onehot,55,4,mish,0.1,True,0.0345927667414004,0.0546551886587674,0.0130313492966951,adamw,False,
absolute,onehot,53,3,mish,0.1,True,0.040441839895764,0.0522940802582607,0.0156042998169106,adamw,False,
absolute,onehot,52,4,mish,0.1,True,0.0300473927724724,0.0564299984662937,0.0184605555121342,adamw,False,
absolute,onehot,50,3,mish,0.1,True,0.0432374775351501,0.0533515436616196,0.0135084899749954,adamw,False,
absolute,onehot,56,4,mish,0.1,True,0.0363910262127818,0.057022874671612,0.0106532201521984,adamw,False,
absolute,onehot,54,3,mish,0.1,True,0.0458097678114676,0.058901930629264,0.0223074339114863,adamw,False,
absolute,onehot,55,4,gelu,0.1,True,0.0023747975076328,0.0617835580807143,0.019111198986708,adamw,False,
absolute,onehot,57,3,mish,0.1,True,0.0390463324665078,0.0564458516275683,0.0142237564507462,adamw,False,
absolute,onehot,60,4,gelu,0.2,True,0.034345658108269,0.058093018602327,0.0103699424957921,adamw,False,
absolute,onehot,51,3,gelu,0.1,True,0.0499018615406923,0.0522311709601967,0.0112946137670694,adamw,False,
absolute,onehot,53,4,mish,0.1,True,0.0413547480394017,0.0565891567917964,0.0133305821323384,adamw,False,
absolute,onehot,53,3,gelu,0.1,True,0.0443944141710769,0.056485787693841,0.0169079227652486,adamw,False,
absolute,onehot,35,4,gelu,0.1,True,0.0293309306201971,0.0600190042906977,0.0197961452618671,adamw,False,
absolute,onehot,50,3,mish,0.1,True,0.0326857680329613,0.0550228242339009,0.0217613722391085,adamw,False,
absolute,onehot,61,4,gelu,0.1,True,0.0375806842634069,0.0562506873023877,0.0046146504313636,adamw,False,
absolute,onehot,59,3,gelu,0.1,True,0.0398160670369668,0.0535286859339271,0.0177357908825006,adamw,False,
absolute,onehot,55,4,mish,0.1,True,0.0348703171164193,0.0547275181047,0.0149340415963663,adamw,False,
absolute,onehot,52,3,gelu,0.1,True,0.0434264049380324,0.053983982389074,0.0095932010915999,adamw,False,
absolute,onehot,54,5,leakyrelu,0.1,True,0.0383626153524967,0.052761314201642,0.0085331716763863,adamw,False,
absolute,onehot,56,3,gelu,0.1,True,0.0463697799649633,0.0544025880912203,0.0092286692645051,adamw,False,
absolute,onehot,48,4,gelu,0.2,True,0.0317772546022345,0.0524346005932361,0.0088379670422468,adamw,False,
absolute,onehot,51,4,mish,0.1,True,0.0355528954337282,0.0543076947562931,0.0153683860623577,adamw,False,
absolute,onehot,59,3,gelu,0.1,True,0.0416857888525515,0.0617371314195869,0.0283279017757759,adamw,False,
absolute,onehot,60,5,gelu,0.1,True,0.0396780535926635,0.0714189889554778,0.0240759846375356,adamw,False,
absolute,onehot,57,4,mish,0.1,True,0.0297857204604749,0.0570641446062136,0.0210020041890374,adamw,False,
absolute,onehot,55,3,gelu,0.1,True,0.0372332205178956,0.0530814915151082,0.0111059069113522,adamw,False,
absolute,onehot,52,4,gelu,0.1,True,0.046502455397009,0.0569966398059199,0.010259603917228,adamw,False,
absolute,onehot,53,3,mish,0.1,True,0.0334771481091438,0.0515537195975547,0.0104339949426818,adamw,False,
absolute,onehot,61,4,gelu,0.1,True,0.0427426543224969,0.0595447562566771,0.0120067253097119,adamw,False,
absolute,onehot,58,3,gelu,0.1,True,0.0278076342730163,0.051557974299272,0.0133693983228819,adamw,False,
absolute,onehot,53,5,mish,0.1,True,0.0360317626820284,0.0543255937952997,0.0094612419461477,adamw,False,
absolute,onehot,49,4,gelu,0.1,True,0.0400097371347312,0.0510817142198397,0.0125753448638655,adamw,False,
absolute,onehot,54,3,gelu,0.2,True,0.0441108411377374,0.0577387817587217,0.0093995387502833,adamw,False,
absolute,onehot,59,4,mish,0.1,True,0.0316585060616314,0.0495062211578436,0.0093382134413023,adamw,False,
absolute,onehot,59,3,mish,0.1,True,0.031049104254729,0.055733744270505,0.0207497840683585,adamw,False,
absolute,onehot,60,4,mish,0.1,True,0.0328204144683018,0.0534908445075936,0.0142735458876678,adamw,False,
absolute,onehot,58,3,mish,0.1,True,0.0287786790988865,0.0498679154616263,0.017412132010395,adamw,False,
absolute,onehot,59,3,mish,0.1,True,0.0278474867847186,0.0582454763960762,0.0264086147427493,adamw,False,
absolute,onehot,58,3,mish,0.1,True,0.0259842052917004,0.0566350059501424,0.0266279748964642,adamw,False,
absolute,onehot,61,3,mish,0.1,True,0.0295631964208144,0.0522195491130635,0.0145230011961011,adamw,False,
absolute,onehot,62,3,mish,0.1,True,0.0356760677604387,0.0524132490409864,0.0107596274689424,adamw,False,
absolute,onehot,60,3,mish,0.1,True,0.0378991268568441,0.0560122821871769,0.0136054747079894,adamw,False,
absolute,onehot,57,3,mish,0.1,True,0.0343146306188937,0.0490609424288368,0.0084169679865131,adamw,False,
absolute,onehot,57,3,mish,0.1,True,0.0335834837346434,0.0522435891281604,0.0152978134202559,adamw,False,
absolute,onehot,58,3,mish,0.0,True,0.0383509545735788,0.0565670976569257,0.0231229784261441,adamw,False,
absolute,onehot,58,3,mish,0.1,True,0.0412239658998586,0.056920354348433,0.0145985636746528,adamw,False,
absolute,onehot,43,3,mish,0.2,True,0.0357302661668396,0.0548250474709833,0.0142791313734001,adamw,False,
absolute,onehot,59,3,mish,0.1,True,0.0040862663772485,0.0578648343124738,0.0162973556963846,adamw,False,
absolute,onehot,57,3,mish,0.1,True,0.033894596006457,0.0554328361190803,0.0192097796607882,adamw,False,
absolute,onehot,63,5,mish,0.1,True,0.0499487115722929,0.0805459654624442,0.0233023689448934,adamw,False,
absolute,onehot,60,3,mish,0.1,True,0.0410150597626302,0.0494312953168629,0.0101859034355641,adamw,False,
