loss_mode,hidden_size,n_hidden_layers,activation,dropout,standardize_cont,lr,mean_rmse,std_rmse,optimizer,use_scheduler,rel_eps,diluent_encoding
absolute,24,3,mish,0.1,True,0.031038104051330336,0.055839167445078566,0.015730435598311627,adam,True,,onehot
absolute,16,3,leakyrelu,0.1,True,0.0011650723760806125,0.08917293558618661,0.02109794451378424,adam,True,,onehot
absolute,19,3,relu,0.2,True,0.018668567958599187,0.07447090768322276,0.031720736867428136,adam,True,,onehot
absolute,21,3,relu,0.2,True,0.0012321437076471381,0.09187155945041416,0.02379365605800864,adam,True,,onehot
absolute,28,5,swish,0.2,True,0.009920633819928295,0.06392805920447524,0.0246948156780162,adam,True,,onehot
absolute,34,5,swish,0.0,True,0.0039153250012812285,0.06427289337365953,0.02583044772706209,adam,True,,onehot
absolute,21,5,leakyrelu,0.2,True,0.009433312897200143,0.07035950263326893,0.022488425401335898,adam,True,,onehot
absolute,16,3,mish,0.1,True,0.0017099740712959838,0.07740332504845385,0.021465007830006686,adam,True,,onehot
absolute,35,5,tanh,0.2,True,0.00823109881994921,0.06694937514132962,0.017095049459756328,adam,True,,onehot
absolute,27,3,tanh,0.2,True,0.01859247732917117,0.06946657366024249,0.01964619690038561,adam,True,,onehot
absolute,31,4,mish,0.1,True,0.04018933886059582,0.06460981806299737,0.017307313572015526,adam,True,,onehot
absolute,26,4,swish,0.0,True,0.04456018464289308,0.06118240420398334,0.023447275974844143,adam,True,,onehot
absolute,24,4,gelu,0.0,True,0.03749325361444593,0.06644617918010479,0.02583073218208092,adam,True,,onehot
absolute,24,4,mish,0.0,True,0.02232000163014109,0.061638512464973524,0.0334375405981365,adam,True,,onehot
absolute,30,4,swish,0.0,True,0.044231038776085405,0.062404440450018764,0.0193226710039814,adam,True,,onehot
absolute,24,4,gelu,0.1,True,0.024842158612926,0.06553965804708647,0.02793112288724941,adam,True,,onehot
absolute,26,3,mish,0.0,True,0.0043533016795900365,0.07062376775543712,0.02830926544550576,adam,True,,onehot
absolute,31,4,swish,0.1,True,0.013210819637741256,0.06415192523884745,0.02259065472456536,adam,True,,onehot
absolute,21,3,swish,0.1,True,0.028090824612799367,0.06348006373789379,0.02223728746847285,adam,True,,onehot
absolute,29,4,mish,0.0,True,0.049001923646146826,0.05563665307293615,0.01311816615063349,adam,True,,onehot
absolute,33,4,mish,0.1,True,0.005014605170476668,0.059730500013429486,0.013721289651926769,adam,True,,onehot
absolute,33,4,mish,0.1,True,0.004044738499472799,0.06976879062822884,0.030682750063421263,adam,True,,onehot
absolute,29,4,mish,0.1,True,0.005600456574605251,0.06914810364153909,0.028597078183780437,adam,True,,onehot
absolute,32,4,mish,0.1,True,0.00275325066725956,0.07578940726262957,0.030833184808497192,adam,True,,onehot
absolute,29,4,mish,0.1,True,0.015114718002608303,0.06370034711806535,0.023494888753787625,adam,True,,onehot
absolute,35,3,mish,0.0,True,0.030870728053006013,0.06290881495719727,0.02616331999376385,adam,True,,onehot
absolute,33,4,mish,0.1,True,0.002490804064917873,0.06974745545007717,0.021833514179430885,adam,True,,onehot
absolute,36,4,mish,0.0,True,0.012530002069672707,0.06627154417240473,0.033038866993250614,adam,True,,onehot
absolute,23,5,tanh,0.1,True,0.005341328904599246,0.06770884728897376,0.018145922685059147,adam,True,,onehot
absolute,27,3,leakyrelu,0.1,True,0.04900925150230128,0.06139546274560963,0.017373384487024704,adam,True,,onehot
absolute,30,3,relu,0.0,True,0.002789480462932705,0.0813817303782966,0.03401352816396225,adam,True,,onehot
absolute,27,4,gelu,0.0,True,0.03409281734828905,0.06368609341033428,0.0210773612923268,adam,True,,onehot
absolute,25,4,leakyrelu,0.0,True,0.020696824758777068,0.07406491947554145,0.03532525975333318,adam,True,,onehot
absolute,22,4,relu,0.0,True,0.04943520809576371,0.06702063427913972,0.0235840877405,adam,True,,onehot
absolute,19,4,swish,0.0,True,0.031270650489863716,0.06063341841794874,0.025063851689965524,adam,True,,onehot
absolute,16,3,mish,0.0,True,0.0067899365288918365,0.06609080966885049,0.02938017945185825,adam,True,,onehot
absolute,18,5,swish,0.2,True,0.015593898222910747,0.06414953604449355,0.01695781554269779,adam,True,,onehot
absolute,17,4,relu,0.1,True,0.0010333752854850254,0.08928906678060929,0.02633771855303059,adam,True,,onehot
absolute,20,3,mish,0.0,True,0.02727316424379993,0.06330979682470708,0.02097800918696249,adam,True,,onehot
absolute,19,5,leakyrelu,0.2,True,0.011011165231674528,0.07262534167687633,0.021670231922838432,adam,True,,onehot
absolute,22,4,tanh,0.1,True,0.03378927722051564,0.06964243458907855,0.014045046149203422,adam,True,,onehot
absolute,26,4,swish,0.0,True,0.03794159301752918,0.06143446143994885,0.02250396127061096,adam,True,,onehot
absolute,28,4,swish,0.0,True,0.018376707370872502,0.054589098499115384,0.02817858966422732,adam,True,,onehot
absolute,28,4,swish,0.0,True,0.01973101809053709,0.06251332201829557,0.027741922956498462,adam,True,,onehot
absolute,28,4,swish,0.0,True,0.008195416796737277,0.06457285262775736,0.02938118119559746,adam,True,,onehot
absolute,32,4,swish,0.2,True,0.02478701801740955,0.05992617158414119,0.02692249649149981,adam,True,,onehot
absolute,32,3,mish,0.2,True,0.024081186446159714,0.06275090763756533,0.027962798517012364,adam,True,,onehot
absolute,34,4,swish,0.2,True,0.017704090145640273,0.06606439930515305,0.029283303952828982,adam,True,,onehot
absolute,30,5,gelu,0.2,True,0.008837331926252323,0.06259762098750968,0.02504717039072209,adam,True,,onehot
absolute,31,4,mish,0.2,True,0.040427713208823934,0.05411970631074635,0.012970459102695241,adam,True,,onehot
absolute,29,3,mish,0.2,True,0.041632199961847915,0.06289535195292885,0.0205923250258554,adam,True,,onehot
absolute,31,4,mish,0.2,True,0.02578470908976762,0.06544827308497354,0.030683290960808005,adam,True,,onehot
absolute,33,4,mish,0.2,True,0.0383179652647972,0.05925986789144914,0.017294751582231174,adam,True,,onehot
absolute,34,4,mish,0.2,True,0.03686062816112929,0.05510446327594865,0.01775897447384079,adam,True,,onehot
absolute,34,4,mish,0.2,True,0.037152041844300265,0.053830965966254606,0.009417532278552541,adam,True,,onehot
absolute,36,4,mish,0.2,True,0.03089679454791184,0.06449972999580568,0.022662239810055787,adam,True,,onehot
absolute,34,4,mish,0.2,True,0.043649374010985016,0.05436572998753327,0.011838751868519824,adam,True,,onehot
absolute,35,4,mish,0.2,True,0.04418677424754472,0.05723696146559781,0.014221638728789971,adam,True,,onehot
absolute,34,4,mish,0.2,True,0.0363395365585582,0.05501988600864177,0.01951269003620387,adam,True,,onehot
absolute,34,4,mish,0.2,True,0.03724875184272911,0.060904969230990987,0.02522817855674964,adam,True,,onehot
absolute,35,4,tanh,0.2,True,0.028637648849296805,0.06803812476744595,0.012434225919921587,adam,True,,onehot
absolute,34,4,mish,0.2,True,0.048531881092868066,0.058023010833601424,0.01651567114511469,adam,True,,onehot
absolute,31,4,mish,0.2,True,0.034233017292437634,0.05737816721691093,0.012754391575655544,adam,True,,onehot
absolute,36,4,mish,0.2,True,0.04184226238190097,0.054036453582777734,0.018426511248590544,adam,True,,onehot
absolute,36,4,mish,0.2,True,0.022795247671581625,0.0570140407995219,0.02093762219048027,adam,True,,onehot
absolute,35,4,mish,0.2,True,0.040505200280484,0.0471766666470079,0.010473802019943357,adam,True,,onehot
absolute,35,4,mish,0.2,True,0.04288901049480494,0.05630782377805079,0.009264508494578098,adam,True,,onehot
absolute,36,4,gelu,0.2,True,0.02960499267375662,0.06775471699820887,0.024972116408490855,adam,True,,onehot
absolute,33,4,mish,0.2,True,0.04362529323547357,0.06325182187668241,0.02113647835475016,adam,True,,onehot
absolute,32,4,mish,0.2,True,0.03340984007373456,0.05899190273620456,0.017765926880956375,adam,True,,onehot
absolute,35,4,leakyrelu,0.2,True,0.01694853655648397,0.0679664769197831,0.01942150539564148,adam,True,,onehot
absolute,34,4,mish,0.2,True,0.037436988056127024,0.05764534383317884,0.01200817336311408,adam,True,,onehot
absolute,34,4,mish,0.2,True,0.040076656763550315,0.05861237666851216,0.012637289332437482,adam,True,,onehot
absolute,35,4,mish,0.2,True,0.02204452244768024,0.05881553747798704,0.019779224615351684,adam,True,,onehot
absolute,36,4,relu,0.2,True,0.035209361994953364,0.05793754199421777,0.007085040129514018,adam,True,,onehot
absolute,34,4,mish,0.2,True,0.04604003742253235,0.0597393058013593,0.014001906040588336,adam,True,,onehot
absolute,33,5,mish,0.2,True,0.0277315460917985,0.057032085333531185,0.017520703544879185,adam,True,,onehot
absolute,32,4,mish,0.2,True,0.040502050835533966,0.0549114239551576,0.009662687376743577,adam,True,,onehot
absolute,32,4,tanh,0.2,True,0.001524259117209967,0.08108956868132157,0.02053112243358921,adam,True,,onehot
absolute,30,4,mish,0.2,True,0.041672040472906416,0.05081327943785333,0.012575612017306021,adam,True,,onehot
absolute,30,4,mish,0.2,True,0.04993671102304742,0.0577654965116185,0.01336553085851858,adam,True,,onehot
absolute,33,4,mish,0.2,True,0.04067133319299622,0.05349012534031613,0.01153146548460756,adam,True,,onehot
absolute,31,4,mish,0.2,True,0.0430508113294112,0.05759607921890765,0.014167011329145753,adam,True,,onehot
absolute,32,4,mish,0.2,True,0.03135877792151858,0.060875583375435124,0.01644063027831425,adam,True,,onehot
absolute,29,4,mish,0.2,True,0.03988037266064602,0.0578864774021847,0.010413531645502787,adam,True,,onehot
absolute,33,4,gelu,0.2,True,0.04627441413845735,0.05884237456147925,0.010320314346675949,adam,True,,onehot
absolute,30,4,mish,0.2,True,0.0264083594817592,0.05721773545461624,0.02620656220579284,adam,True,,onehot
absolute,28,5,relu,0.2,True,0.04086416532992203,0.0672116056160896,0.013329402738215087,adam,True,,onehot
absolute,31,4,leakyrelu,0.2,True,0.032283641786234205,0.06502968897950631,0.012494408883137412,adam,True,,onehot
absolute,30,4,mish,0.2,True,0.029968059464132682,0.06252586935659549,0.02445983563978028,adam,True,,onehot
absolute,32,4,swish,0.2,True,0.0131771659415675,0.06381001127297489,0.022745307017328298,adam,True,,onehot
absolute,33,4,mish,0.2,True,0.03570496482656438,0.05264040806627486,0.013190065012063669,adam,True,,onehot
absolute,33,4,mish,0.2,True,0.03997368796237912,0.054779495057648564,0.009962305669826284,adam,True,,onehot
absolute,33,4,mish,0.2,True,0.033040555041827145,0.05394569071892584,0.014145934791501412,adam,True,,onehot
absolute,35,4,mish,0.2,True,0.03453438079218138,0.055878017165757764,0.009993997025143472,adam,True,,onehot
absolute,36,4,mish,0.2,True,0.044878083081007686,0.05565987108595264,0.009177059560177359,adam,True,,onehot
absolute,33,4,mish,0.0,True,0.02868138804370832,0.054904484571387885,0.02815593480703692,adam,True,,onehot
absolute,27,4,mish,0.2,True,0.02049899127593539,0.062043129983259476,0.025828180669503698,adam,True,,onehot
absolute,31,4,swish,0.2,True,0.02447353285092369,0.05510440212375611,0.015994860012467874,adam,True,,onehot
absolute,35,4,tanh,0.2,True,0.03282409891752234,0.06925401570300177,0.010386446472179641,adam,True,,onehot
absolute,34,5,mish,0.0,True,0.04610786292421788,0.062318210268314765,0.011586175405572177,adam,True,,onehot
absolute,33,4,mish,0.2,True,0.03745224092369173,0.06011788750559999,0.014172976629660682,adam,True,,onehot
absolute,33,4,mish,0.2,True,0.04108388120808338,0.057743571267980076,0.012292870568230965,adam,True,,onehot
absolute,33,4,mish,0.2,True,0.03641308129374224,0.06054152171352959,0.008757299759031131,adam,True,,onehot
absolute,34,4,mish,0.2,True,0.049291586140363816,0.05981411912757654,0.01053651895673482,adam,True,,onehot
absolute,35,4,mish,0.2,True,0.0312878959183349,0.05303990936567747,0.009525336831906327,adam,True,,onehot
absolute,35,3,mish,0.2,True,0.03156141452914643,0.05427561258258395,0.016313235511079563,adam,True,,onehot
absolute,35,3,mish,0.2,True,0.03215002266793129,0.05995237683271115,0.02090994138693544,adam,True,,onehot
absolute,36,3,mish,0.2,True,0.0033477858396709546,0.06468614678467405,0.01893251957421606,adam,True,,onehot
absolute,35,3,mish,0.2,True,0.026347681344048943,0.056060732343926216,0.024029682369888623,adam,True,,onehot
absolute,36,3,mish,0.2,True,0.03485108249113916,0.056827780769834337,0.01421858013771246,adam,True,,onehot
absolute,34,3,mish,0.2,True,0.02929680307819371,0.05942690140691041,0.026086154685670517,adam,True,,onehot
absolute,34,4,gelu,0.2,True,0.04335851778650917,0.059498885100821235,0.01498183043181307,adam,True,,onehot
absolute,35,4,mish,0.2,True,0.02272872411921313,0.054230467172599287,0.021205747685907016,adam,True,,onehot
absolute,35,4,mish,0.2,True,0.037032054602183236,0.0545955983034454,0.012504796329974005,adam,True,,onehot
absolute,36,4,mish,0.2,True,0.02345336186486244,0.057074887006217226,0.016103355628767572,adam,True,,onehot
absolute,35,4,mish,0.2,True,0.03292327124139005,0.052277697830095726,0.011194889858125444,adam,True,,onehot
absolute,35,4,mish,0.2,True,0.030994376957311394,0.05827214390741744,0.02497880782684711,adam,True,,onehot
absolute,36,3,leakyrelu,0.2,True,0.027156433775303367,0.06599057635994061,0.022405420327370758,adam,True,,onehot
absolute,35,4,mish,0.1,True,0.03478416918597177,0.04705575015257172,0.012037634033331369,adam,True,,onehot
absolute,34,4,mish,0.1,True,0.034061105608056925,0.05360383459066912,0.01717519929489003,adam,True,,onehot
absolute,34,4,mish,0.1,True,0.034676507924127284,0.05297167259081122,0.020061261042475246,adam,True,,onehot
absolute,34,4,mish,0.1,True,0.039143312075987854,0.060620735660095314,0.021457808307618214,adam,True,,onehot
absolute,34,4,relu,0.1,True,0.03548187568116653,0.05531453731114564,0.008999116216702966,adam,True,,onehot
absolute,33,4,mish,0.1,True,0.033432878116621795,0.05589578773757077,0.01645585026783421,adam,True,,onehot
absolute,36,4,mish,0.1,True,0.03909071459077523,0.05249019872399052,0.007736150348425855,adam,True,,onehot
absolute,36,4,mish,0.1,True,0.028708329832495338,0.05550027470630066,0.02495042930871867,adam,True,,onehot
absolute,35,4,mish,0.1,True,0.04653164772895781,0.05008630439889376,0.009180667189097085,adam,True,,onehot
absolute,35,4,mish,0.1,True,0.045784640102150616,0.05099670868025572,0.008126572677286305,adam,True,,onehot
absolute,35,4,mish,0.1,True,0.046636662214589994,0.04833083366778913,0.009023478270709623,adam,True,,onehot
absolute,35,4,mish,0.1,True,0.04678799586242268,0.05162475855149065,0.009037167803890635,adam,True,,onehot
absolute,35,4,mish,0.1,True,0.04625749155258623,0.04860244001563073,0.009482157827975077,adam,True,,onehot
absolute,35,4,mish,0.1,True,0.04700509296694472,0.05634770579527524,0.009224333535122227,adam,True,,onehot
absolute,36,4,mish,0.1,True,0.04930213564412339,0.05195261879791435,0.009815058181282657,adam,True,,onehot
absolute,36,4,mish,0.1,True,0.04586089511301687,0.05082235463463937,0.006244953222592998,adam,True,,onehot
absolute,36,4,mish,0.1,True,0.048957777247414284,0.060504515845873186,0.01793803169567495,adam,True,,onehot
absolute,36,4,mish,0.1,True,0.04590379190942394,0.04988360209752565,0.010813540179651979,adam,True,,onehot
absolute,36,4,mish,0.1,True,0.04566881383384983,0.056245351926151065,0.0105283794770609,adam,True,,onehot
absolute,36,4,mish,0.1,True,0.04460583806643734,0.05067686267187406,0.008718242844706464,adam,True,,onehot
absolute,36,5,mish,0.1,True,0.04973251476640684,0.05877753538811621,0.007242529772966947,adam,True,,onehot
absolute,36,4,tanh,0.1,True,0.04403368033538403,0.06585689606299079,0.0056565124524770435,adam,True,,onehot
absolute,35,4,mish,0.1,True,0.04622968496297385,0.05206853618470562,0.008004185654607587,adam,True,,onehot
absolute,35,4,mish,0.1,True,0.04612160758109359,0.05275146368333604,0.01267871641196236,adam,True,,onehot
absolute,36,4,mish,0.1,True,0.049887163764743066,0.0558799643802063,0.007845805226954496,adam,True,,onehot
absolute,35,4,mish,0.1,True,0.04262843075316637,0.05024974569003236,0.01664625989862606,adam,True,,onehot
absolute,35,4,mish,0.1,True,0.04244920476377412,0.05466393731972212,0.02029655315389455,adam,True,,onehot
absolute,35,4,gelu,0.1,True,0.0440442623300158,0.05199301914439945,0.008990914829119963,adam,True,,onehot
absolute,35,4,gelu,0.1,True,0.04595816703180098,0.05877581011674118,0.02730696923317553,adam,True,,onehot
absolute,36,4,gelu,0.1,True,0.04216590657255979,0.05854885227786631,0.023963643753853136,adam,True,,onehot
absolute,35,4,gelu,0.1,True,0.04502569263981527,0.052612735269255965,0.01504840738604979,adam,True,,onehot
absolute,36,4,gelu,0.1,True,0.049985957528732174,0.06621873843459049,0.022095753264653312,adam,True,,onehot
absolute,35,4,mish,0.1,True,0.03920534323845668,0.05039433951064224,0.01057461263345467,adam,True,,onehot
absolute,35,4,relu,0.1,True,0.03920987303978138,0.07017073903682333,0.0214882824068202,adam,True,,onehot
absolute,35,4,mish,0.1,True,0.043378720168694686,0.05665289545307047,0.01230916799996974,adam,True,,onehot
absolute,36,4,leakyrelu,0.1,True,0.040877671991663735,0.06260155873412654,0.01536131689701194,adam,True,,onehot
absolute,25,4,mish,0.1,True,0.04629383553853559,0.05586259561833841,0.021886582214905657,adam,True,,onehot
absolute,35,4,mish,0.1,True,0.0382775237180252,0.05513081453245007,0.021897808030785944,adam,True,,onehot
absolute,36,4,mish,0.1,True,0.006234411489473878,0.06678487299801053,0.022281266908452682,adam,True,,onehot
absolute,35,4,gelu,0.1,True,0.04318724824630383,0.04792303310120434,0.0057402674311031795,adam,True,,onehot
absolute,34,4,gelu,0.1,True,0.04172548328672489,0.05265543148440162,0.014372505927747229,adam,True,,onehot
absolute,35,4,gelu,0.1,True,0.043650791801163866,0.05084279339965638,0.007944894198095994,adam,True,,onehot
absolute,35,4,gelu,0.1,True,0.04378337647038075,0.051127093271599776,0.011591282714867509,adam,True,,onehot
absolute,36,4,gelu,0.1,True,0.04978403027228778,0.05528656998694585,0.010515148668997502,adam,True,,onehot
absolute,35,4,gelu,0.1,True,0.03945450436177733,0.054860563080095966,0.016059454770956532,adam,True,,onehot
absolute,35,4,gelu,0.1,True,0.04333168694293379,0.0522195871025064,0.01061695647513832,adam,True,,onehot
absolute,36,4,gelu,0.1,True,0.037421947095549,0.05045306771765682,0.0054626637043702535,adam,True,,onehot
absolute,34,4,gelu,0.1,True,0.002192138319904393,0.0704011090802441,0.02545396639833988,adam,True,,onehot
absolute,36,5,gelu,0.1,True,0.03756281301007107,0.0533274789971272,0.017057273350750413,adam,True,,onehot
absolute,34,4,gelu,0.1,True,0.04076808418071196,0.05336934301222625,0.01604238794463615,adam,True,,onehot
absolute,35,4,gelu,0.1,True,0.03789553455028445,0.0519202277717894,0.013520446470022112,adam,True,,onehot
absolute,35,4,gelu,0.1,True,0.04319182624667483,0.05777139781290357,0.014413561303296806,adam,True,,onehot
absolute,35,4,gelu,0.1,True,0.03740962268989674,0.049223822429727934,0.007650198931211905,adam,True,,onehot
absolute,36,4,gelu,0.1,True,0.04613541236132504,0.04970642440042454,0.011174413620795484,adam,True,,onehot
absolute,36,4,gelu,0.1,True,0.036518995933742006,0.05152780596027453,0.02265336922786781,adam,True,,onehot
absolute,36,4,gelu,0.1,True,0.04142279488603876,0.0487334220724878,0.006279228541219374,adam,True,,onehot
absolute,36,4,gelu,0.1,True,0.040002534803318834,0.050915066724857835,0.007978044292651592,adam,True,,onehot
absolute,36,4,gelu,0.1,True,0.039379472938072604,0.061329639433985075,0.01813966611863469,adam,True,,onehot
absolute,36,4,gelu,0.1,True,0.03593003027923219,0.053041749671207485,0.010566402601659818,adam,True,,onehot
absolute,36,4,gelu,0.1,True,0.040889632272345884,0.05004868655698647,0.016710065505974522,adam,True,,onehot
absolute,36,4,gelu,0.1,True,0.04177012258016095,0.05669582337014744,0.01783514715151615,adam,True,,onehot
absolute,36,4,gelu,0.1,True,0.03671347741038511,0.056670274547599965,0.015387135649326287,adam,True,,onehot
absolute,36,4,gelu,0.1,True,0.04070108777107597,0.04798266906408896,0.007562577077588783,adam,True,,onehot
absolute,36,4,gelu,0.1,True,0.041641887041968584,0.05660578792598205,0.010256543456742779,adam,True,,onehot
absolute,36,4,gelu,0.1,True,0.04616998585722508,0.055888289807753865,0.00777813208917378,adam,True,,onehot
absolute,35,4,gelu,0.1,True,0.03837073313265482,0.05306665416140697,0.011657594788498062,adam,True,,onehot
absolute,36,4,gelu,0.1,True,0.011807991928686857,0.0568629255917324,0.024007570584084058,adam,True,,onehot
absolute,35,4,gelu,0.1,True,0.04333347545424362,0.05793967558855979,0.015249375146099784,adam,True,,onehot
absolute,36,4,gelu,0.1,True,0.047091341703373986,0.04901607581775996,0.008754832332972091,adam,True,,onehot
absolute,36,4,gelu,0.1,True,0.04990548468653327,0.059153600844508526,0.013918763785160474,adam,True,,onehot
absolute,36,4,tanh,0.1,True,0.046971015045238436,0.06996243350610075,0.011969111047201001,adam,True,,onehot
absolute,23,4,gelu,0.1,True,0.03599055344183608,0.056013392717611375,0.017594938108783702,adam,True,,onehot
absolute,35,4,gelu,0.1,True,0.04129974155364278,0.0557333516251041,0.0184099596809797,adam,True,,onehot
absolute,36,4,gelu,0.1,True,0.04574970550494725,0.050856794475726094,0.012216422987889485,adam,True,,onehot
absolute,35,4,gelu,0.1,True,0.04331249775405718,0.047766756010748916,0.009059571625729743,adam,True,,onehot
absolute,36,4,gelu,0.1,True,0.0399048263041699,0.06521477405099854,0.02534725321709069,adam,True,,onehot
absolute,35,4,gelu,0.1,True,0.04626431172333522,0.04873498843678078,0.0108137127203426,adam,True,,onehot
absolute,34,4,gelu,0.1,True,0.03811974768652153,0.05640466052997752,0.015368902253492744,adam,True,,onehot
absolute,34,4,gelu,0.1,True,0.03502029083955285,0.05441841686548192,0.01306777254970451,adam,True,,onehot
absolute,35,4,gelu,0.1,True,0.04290436496870308,0.05742935484846803,0.013478289966501708,adam,True,,onehot
absolute,35,5,gelu,0.1,True,0.04733570540036424,0.06203192919563104,0.012849198364288498,adam,True,,onehot
absolute,35,4,gelu,0.1,True,0.03974355846373279,0.051728540841735116,0.013584818725768123,adam,True,,onehot
absolute,36,4,gelu,0.1,True,0.04620367027669015,0.04932188421101148,0.0058887169252924716,adam,True,,onehot
absolute,36,4,gelu,0.1,True,0.04350843660796589,0.05677831805118385,0.018219961443934958,adam,True,,onehot
absolute,36,4,gelu,0.1,True,0.04619549835729275,0.05460807812829575,0.018492714577264244,adam,True,,onehot
absolute,35,4,gelu,0.1,True,0.04152408731806576,0.0563843978350557,0.013250047744800823,adam,True,,onehot
absolute,35,4,gelu,0.1,True,0.04885617549695739,0.055784579159838456,0.015291185042720675,adam,True,,onehot
absolute,36,4,gelu,0.1,True,0.0383646583906578,0.051348230324891,0.011268525600161046,adam,True,,onehot
absolute,35,4,relu,0.1,True,0.04425284598848172,0.058641562825666085,0.011136668719963357,adam,True,,onehot
absolute,34,4,leakyrelu,0.1,True,0.049708253116576034,0.0607299387452843,0.006950528003969766,adam,True,,onehot
absolute,36,4,gelu,0.1,True,0.03451073070083376,0.05605153660006481,0.017281667165469396,adam,True,,onehot
absolute,35,4,gelu,0.1,True,0.0413583659105661,0.053946626588831946,0.010614560991396576,adam,True,,onehot
absolute,36,4,gelu,0.1,True,0.045797599619812605,0.0541207267500954,0.008438047897342508,adam,True,,onehot
absolute,36,4,swish,0.1,True,0.04497763492919518,0.0486927609419956,0.011343923978579638,adam,True,,onehot
absolute,36,4,swish,0.1,True,0.0418602339730312,0.05541176944954016,0.01711926916655861,adam,True,,onehot
absolute,35,4,swish,0.1,True,0.038742433188736825,0.05362281667318434,0.01496830473018942,adam,True,,onehot
absolute,36,4,gelu,0.1,True,0.007740878231580931,0.06474109959323322,0.0266812125160792,adam,True,,onehot
absolute,35,4,swish,0.1,True,0.0499159373677637,0.045032596135406035,0.00796360403607151,adam,True,,onehot
absolute,35,4,swish,0.1,True,0.046731815386007534,0.05430914530342626,0.012516965442998709,adam,True,,onehot
absolute,35,4,tanh,0.1,True,0.04987529390922799,0.06792472627812983,0.01833908808247264,adam,True,,onehot
absolute,36,4,swish,0.1,True,0.044780363446186786,0.05103347664550272,0.009698461536838213,adam,True,,onehot
absolute,34,4,swish,0.1,True,0.044008885400834793,0.05300298778615401,0.010814730949591532,adam,True,,onehot
absolute,36,4,swish,0.1,True,0.041024175010626884,0.054422470901858234,0.01680585882580014,adam,True,,onehot
absolute,35,4,swish,0.1,True,0.04539939645712576,0.05132145032779397,0.011392349012122414,adam,True,,onehot
absolute,36,4,swish,0.1,True,0.041985737642189866,0.0567608066907857,0.013759077967364594,adam,True,,onehot
absolute,35,4,gelu,0.1,True,0.049908708915585034,0.05450302641763853,0.016145049344307955,adam,True,,onehot
absolute,35,4,gelu,0.1,True,0.03797971561548828,0.047249244722020384,0.008467632062018145,adam,True,,onehot
absolute,35,4,gelu,0.1,True,0.0373786953843991,0.05487148788280044,0.015351553517080962,adam,True,,onehot
absolute,36,4,gelu,0.1,True,0.03847577354386537,0.058712814058630464,0.019620087864070632,adam,True,,onehot
absolute,35,4,gelu,0.1,True,0.046489110869955566,0.06354109217980128,0.02451619467632669,adam,True,,onehot
absolute,34,4,gelu,0.1,True,0.03523955095287197,0.04993204687719855,0.015468661275212847,adam,True,,onehot
absolute,34,4,gelu,0.1,True,0.03460647465682259,0.061804423126456925,0.020616844999120514,adam,True,,onehot
absolute,35,4,gelu,0.1,True,0.03968139204945106,0.0545023400150768,0.014083817174667841,adam,True,,onehot
absolute,36,4,gelu,0.1,True,0.04371281320556488,0.05201493565564127,0.00803991444772115,adam,True,,onehot
absolute,35,4,gelu,0.1,True,0.004832708653940896,0.06602426330703141,0.028112205611178703,adam,True,,onehot
absolute,36,4,gelu,0.1,True,0.0362254786385252,0.05048371794067568,0.008718048914996574,adam,True,,onehot
absolute,35,4,gelu,0.1,True,0.0323098396071543,0.05730821142388979,0.0186011175266349,adam,True,,onehot
absolute,34,4,gelu,0.1,True,0.036638726563613486,0.054574958081236094,0.011647475437676608,adam,True,,onehot
absolute,36,4,gelu,0.1,True,0.035638435908437384,0.052680356941466035,0.013240060134466979,adam,True,,onehot
absolute,36,5,gelu,0.1,True,0.040094575473826485,0.06320931825941414,0.016312927859860576,adam,True,,onehot
absolute,35,4,gelu,0.1,True,0.03711202323443453,0.055667110977529084,0.02040586110399641,adam,True,,onehot
absolute,36,4,gelu,0.1,True,0.03265131465201462,0.05765716502043791,0.018758848038992342,adam,True,,onehot
absolute,36,4,swish,0.1,True,0.04337675021642951,0.05656600960289534,0.015154864009395756,adam,True,,onehot
absolute,35,4,gelu,0.1,True,0.04750846418596597,0.054235610370485215,0.008784303472478345,adam,True,,onehot
absolute,36,4,gelu,0.1,True,0.04192748202257846,0.043983674142350285,0.0060977131469102394,adam,True,,onehot
absolute,36,4,gelu,0.1,True,0.04036901307733545,0.057677474080179,0.01997704226478589,adam,True,,onehot
absolute,35,4,gelu,0.1,True,0.015265559707887462,0.05713595542575815,0.03378671698703407,adam,True,,onehot
absolute,36,4,gelu,0.1,True,0.04332952785031628,0.05495258056083139,0.014782688668061046,adam,True,,onehot
absolute,36,4,gelu,0.0,True,0.03877830316582282,0.05379609918764503,0.013974795252120715,adam,True,,onehot
absolute,35,4,gelu,0.1,True,0.04726435277679762,0.04983686626102245,0.006060346019734,adam,True,,onehot
absolute,34,4,leakyrelu,0.1,True,0.046921826278081516,0.053869954430245434,0.011131407807378757,adam,True,,onehot
absolute,35,4,relu,0.1,True,0.049588441362389685,0.0563019263545564,0.008680523517521896,adam,True,,onehot
absolute,35,4,gelu,0.1,True,0.04211076491016492,0.05477750695642584,0.01212857192150508,adam,True,,onehot
absolute,34,4,gelu,0.1,True,0.04620306992576822,0.055791495818912164,0.013267734498237494,adam,True,,onehot
absolute,35,4,gelu,0.1,True,0.04356536305537655,0.056619292376201336,0.018922763806098496,adam,True,,onehot
absolute,35,4,gelu,0.1,True,0.04669999280658297,0.05433842763991013,0.010047181786790245,adam,True,,onehot
absolute,34,4,swish,0.1,True,0.040518050011793136,0.05238189204514263,0.011616796589683641,adam,True,,onehot
absolute,17,4,gelu,0.1,True,0.009457299103200421,0.06099864290551129,0.0228631267760528,adam,True,,onehot
absolute,35,4,gelu,0.1,True,0.049944540644295515,0.05365753350620879,0.011715105789174056,adam,True,,onehot
absolute,35,4,tanh,0.1,True,0.0429436401851791,0.08228265047063313,0.03016042715193408,adam,True,,onehot
absolute,20,4,gelu,0.1,True,0.0387638299279449,0.06507470683713004,0.025094226513350592,adam,True,,onehot
absolute,36,4,gelu,0.1,True,0.04593991252313175,0.052033707872175004,0.014887134553238496,adam,True,,onehot
absolute,35,3,gelu,0.1,True,0.041597434573947586,0.05292041497282757,0.015197659561882026,adam,True,,onehot
absolute,36,4,swish,0.1,True,0.04464108457970994,0.0535279866032485,0.009385510201901441,adam,True,,onehot
absolute,35,4,gelu,0.1,True,0.03508467668561588,0.052239851207880085,0.017126733896520353,adam,True,,onehot
absolute,36,4,mish,0.1,True,0.049818603129854026,0.04910046669805272,0.009108121564143038,adam,True,,onehot
absolute,36,4,mish,0.1,True,0.04957608871267757,0.05449320833435298,0.019128262586879767,adam,True,,onehot
absolute,35,5,mish,0.1,True,0.0454812882599009,0.05627957952377807,0.006289067114646439,adam,True,,onehot
absolute,34,4,mish,0.0,True,0.047127599291303064,0.05763016950642885,0.021752137607519328,adam,True,,onehot
absolute,36,4,mish,0.1,True,0.04190049048989288,0.05924624702841804,0.029782858450114236,adam,True,,onehot
absolute,35,4,mish,0.1,True,0.046634878722232716,0.05210148073683325,0.01122993607566335,adam,True,,onehot
absolute,34,4,mish,0.1,True,0.04949162774012418,0.051453647160603716,0.010893024427510032,adam,True,,onehot
absolute,35,4,mish,0.1,True,0.04272911358270507,0.0528038764952589,0.008881508905442197,adam,True,,onehot
absolute,36,4,leakyrelu,0.1,True,0.039405041509434316,0.056116210939632614,0.009829645913741162,adam,True,,onehot
absolute,36,4,relu,0.1,True,0.0445234573797962,0.06335149229929847,0.016316431546035876,adam,True,,onehot
absolute,35,4,swish,0.1,True,0.04988079972741866,0.054425054193678976,0.016400635804954683,adam,True,,onehot
absolute,35,4,mish,0.1,True,0.04035460587918383,0.05425567550306557,0.010876540220946264,adam,True,,onehot
absolute,34,4,mish,0.1,True,0.044082544598905184,0.05735613760935342,0.012900269673098395,adam,True,,onehot
absolute,26,4,gelu,0.1,True,0.03801864015141228,0.052816839913271685,0.00872018785374172,adam,True,,onehot
absolute,36,4,gelu,0.1,True,0.04669961644258076,0.05395423882430751,0.01577326405406795,adam,True,,onehot
absolute,36,4,mish,0.1,True,0.00164698892985504,0.06805299199282625,0.019619507922881845,adam,True,,onehot
absolute,35,4,gelu,0.1,True,0.04184978657157391,0.05197380650746579,0.012556323870124907,adam,True,,onehot
absolute,36,4,swish,0.1,True,0.0342474169134116,0.04815732449044588,0.004279835233224436,adam,True,,onehot
absolute,36,3,swish,0.1,True,0.0331094226813993,0.05972109220046664,0.021626708216813728,adam,True,,onehot
absolute,36,4,swish,0.1,True,0.03038266772619704,0.05812269280393665,0.027919833941263662,adam,True,,onehot
absolute,36,4,swish,0.1,True,0.035739714615540034,0.054689594343879454,0.015934041308017746,adam,True,,onehot
absolute,36,4,swish,0.1,True,0.0036750455435972883,0.06751623846057354,0.026615557873941414,adam,True,,onehot
absolute,35,4,swish,0.1,True,0.04626991657832877,0.056203191357689065,0.014425955004676897,adam,True,,onehot
absolute,36,4,gelu,0.1,True,0.0427987663661933,0.05444099698732266,0.01572207972401944,adam,True,,onehot
absolute,36,5,gelu,0.1,True,0.04980869718445161,0.05461304852513934,0.009410410735999424,adam,True,,onehot
absolute,35,4,tanh,0.1,True,0.041230793029082086,0.07114090133169668,0.02970832767266818,adam,True,,onehot
absolute,34,4,gelu,0.0,True,0.03774588500159564,0.06292338621256423,0.021677499544371072,adam,True,,onehot
absolute,35,4,swish,0.1,True,0.0012735379147870425,0.06925038777795657,0.020351831029541384,adam,True,,onehot
absolute,36,4,gelu,0.1,True,0.04613925215460892,0.05315956244505053,0.011328074004767845,adam,True,,onehot
absolute,35,4,gelu,0.1,True,0.043229203466520816,0.05057028396404503,0.007713879241876211,adam,True,,onehot
absolute,36,4,gelu,0.1,True,0.03337957436800943,0.05608027473217903,0.01500540362381167,adam,True,,onehot
absolute,36,4,gelu,0.1,True,0.04987358973118749,0.055823985995239724,0.014483031100987025,adam,True,,onehot
absolute,34,4,swish,0.1,True,0.03981218459780885,0.061223122695918474,0.021761510798267963,adam,True,,onehot
absolute,35,4,gelu,0.1,True,0.044121035788708816,0.05079577643018142,0.00815378580536843,adam,True,,onehot
absolute,36,4,gelu,0.1,True,0.035177883340487215,0.06105862616867301,0.019470832050427364,adam,True,,onehot
absolute,35,4,mish,0.1,True,0.0456263205450619,0.05296394938117368,0.01820848638228801,adam,True,,onehot
absolute,36,4,relu,0.1,True,0.04020692860472712,0.04822619188078932,0.01005818447240315,adam,True,,onehot
absolute,36,4,gelu,0.1,True,0.010683043554151216,0.06373636884819414,0.021850538593414487,adam,True,,onehot
absolute,36,4,relu,0.1,True,0.037165021060442435,0.05851266694215297,0.01727825238943129,adam,True,,onehot
absolute,36,4,relu,0.1,True,0.03989827265920778,0.06823386749339411,0.01813932363646813,adam,True,,onehot
absolute,25,4,relu,0.1,True,0.04649287501517517,0.054335678483320285,0.0067644622799317615,adam,True,,onehot
absolute,36,4,relu,0.1,True,0.04041226659829937,0.05740954089729643,0.011719357920847422,adam,True,,onehot
absolute,35,4,relu,0.1,True,0.033776573241246416,0.06562489319110963,0.01620913852236505,adam,True,,onehot
absolute,36,3,gelu,0.1,True,0.049984063477084416,0.0577771210631612,0.015958169311077148,adam,True,,onehot
absolute,35,4,swish,0.1,True,0.037433834483880685,0.04910035327292265,0.01289318863021649,adam,True,,onehot
absolute,36,4,swish,0.1,True,0.0306793542244329,0.052616914917757884,0.011420062071771491,adam,True,,onehot
absolute,35,4,swish,0.0,True,0.03599648651108926,0.04977027177004571,0.016460540019271986,adam,True,,onehot
absolute,34,5,swish,0.0,True,0.03420559286836403,0.05586400056931081,0.019677535040444248,adam,True,,onehot
absolute,35,4,swish,0.0,True,0.0318492122806802,0.0573506700933498,0.01833738978077996,adam,True,,onehot
absolute,35,4,swish,0.0,True,0.03688663961111397,0.06194332509395399,0.015132774619004946,adam,True,,onehot
absolute,35,4,swish,0.0,True,0.029490257339302644,0.05714469766265162,0.01830598156892851,adam,True,,onehot
absolute,34,4,swish,0.1,True,0.036064168681305374,0.05325242806304744,0.012750344712577171,adam,True,,onehot
absolute,35,4,swish,0.0,True,0.03735766042439047,0.05895623080202912,0.02176371675989033,adam,True,,onehot
absolute,35,4,swish,0.0,True,0.038998600999146864,0.05007301574120783,0.01849274687438856,adam,True,,onehot
absolute,36,4,swish,0.1,True,0.0023747975076328985,0.06717032160474609,0.024230500496681268,adam,True,,onehot
absolute,34,4,swish,0.1,True,0.04303552301037649,0.04981813032759224,0.00951261381070604,adam,True,,onehot
absolute,34,4,swish,0.1,True,0.0437381713231174,0.060988955580949536,0.020383699523634825,adam,True,,onehot
absolute,27,4,swish,0.1,True,0.04290323220502148,0.05774815936986226,0.018019688995803886,adam,True,,onehot
absolute,35,4,swish,0.1,True,0.0413503790552812,0.05498592575780077,0.014870994594299825,adam,True,,onehot
absolute,36,4,swish,0.0,True,0.04651397059859881,0.05810002644235127,0.016082781018601278,adam,True,,onehot
absolute,35,4,leakyrelu,0.1,True,0.03914502736593963,0.061488858525337135,0.022982548400724338,adam,True,,onehot
absolute,35,4,swish,0.1,True,0.044036007277865975,0.05034670125294962,0.01259468635953065,adam,True,,onehot
absolute,36,4,swish,0.1,True,0.04701590699131202,0.05606954631084147,0.016179669893829438,adam,True,,onehot
absolute,35,3,relu,0.1,True,0.04179436279014001,0.061123634206568564,0.014441196586122659,adam,True,,onehot
absolute,36,4,swish,0.1,True,0.0378636162673432,0.0556571257247083,0.01514614957389998,adam,True,,onehot
absolute,22,4,tanh,0.1,True,0.04707451351633513,0.06288323194047596,0.009754205228324184,adam,True,,onehot
absolute,36,4,swish,0.1,True,0.04379554561286344,0.05728092410715839,0.016812522797050918,adam,True,,onehot
absolute,34,4,swish,0.1,True,0.04986820594281111,0.04957044368851818,0.007510559024836803,adam,True,,onehot
absolute,34,4,swish,0.1,True,0.04905934341037612,0.05868500668402645,0.01267390186078037,adam,True,,onehot
absolute,33,4,swish,0.1,True,0.04045327217363224,0.055799325761365516,0.022650341297510625,adam,True,,onehot
absolute,34,5,swish,0.1,True,0.04982036124587096,0.06186000815601751,0.012420178580180002,adam,True,,onehot
absolute,34,4,swish,0.1,True,0.043694369841897146,0.05578180141713788,0.013113964903242828,adam,True,,onehot
absolute,35,4,swish,0.1,True,0.03407018740809345,0.055077557060039035,0.017486524850332197,adam,True,,onehot
absolute,34,4,swish,0.1,True,0.0030207949938389892,0.06621779795208484,0.026553912780108997,adam,True,,onehot
absolute,35,4,relu,0.0,True,0.03828591848418538,0.06288450391396072,0.019717534146649864,adam,True,,onehot
absolute,35,4,swish,0.1,True,0.04557611046603775,0.05383203836909058,0.012019172133939724,adam,True,,onehot
absolute,34,4,leakyrelu,0.1,True,0.04991517672036482,0.05395271437445883,0.007434092462039202,adam,True,,onehot
absolute,35,4,gelu,0.1,True,0.0413141706329113,0.05361899316674738,0.00883104100551386,adam,True,,onehot
absolute,36,4,swish,0.1,True,0.0448867356592199,0.05809658367014884,0.010682029833915849,adam,True,,onehot
absolute,35,4,gelu,0.1,True,0.03710569716271411,0.056945073779132015,0.022771405876915497,adam,True,,onehot
absolute,34,4,gelu,0.1,True,0.04093145813877086,0.054670381143987486,0.011281812155969887,adam,True,,onehot
absolute,36,4,swish,0.1,True,0.04618376796470429,0.05528906894967437,0.016826916178667155,adam,True,,onehot
absolute,35,4,gelu,0.1,True,0.042269471054120725,0.0540759804117029,0.012745271942607434,adam,True,,onehot
absolute,35,4,swish,0.1,True,0.0061941986489229715,0.06228693560377985,0.02114271715470675,adam,True,,onehot
absolute,36,4,gelu,0.1,True,0.035210962064285374,0.0501836041756651,0.014530618364123688,adam,True,,onehot
absolute,36,4,relu,0.1,True,0.04988440516782405,0.057868189301361686,0.0085856801220561,adam,True,,onehot
absolute,34,4,gelu,0.0,True,0.03946940062220732,0.04968021741625829,0.014551842811209,adam,True,,onehot
absolute,33,3,tanh,0.0,True,0.03281478703854947,0.07507047688827928,0.03506985622521398,adam,True,,onehot
absolute,34,4,gelu,0.0,True,0.03899704065958138,0.0626276250607588,0.02394136410152815,adam,True,,onehot
absolute,33,4,swish,0.0,True,0.03655103280621649,0.06201378947875182,0.023178068152159444,adam,True,,onehot
absolute,34,4,gelu,0.1,True,0.039792030472655435,0.05296967249303226,0.010044947514548498,adam,True,,onehot
absolute,36,4,swish,0.0,True,0.032874127496041475,0.05526023125318653,0.018769375540278244,adam,True,,onehot
absolute,33,5,gelu,0.0,True,0.03649728851535442,0.06556595110397911,0.020466852921299947,adam,True,,onehot
absolute,35,4,gelu,0.0,True,0.042917166285249976,0.06354921298727659,0.02182628281269321,adam,True,,onehot
absolute,36,4,swish,0.0,True,0.039489430912341764,0.05369316012837873,0.02448350844981328,adam,True,,onehot
absolute,34,4,gelu,0.1,True,0.013677618281944815,0.05621286282686962,0.02181425286995041,adam,True,,onehot
absolute,28,4,relu,0.0,True,0.016488704414132742,0.06781358702371693,0.029490779458493526,adam,True,,onehot
absolute,35,4,gelu,0.1,True,0.027813694824107137,0.05746760680970235,0.024570943485433903,adam,True,,onehot
absolute,36,4,leakyrelu,0.1,True,0.01898890631887877,0.05357667094949256,0.0217648816230179,adam,True,,onehot
absolute,35,4,swish,0.1,True,0.044462817236671434,0.05594872844588236,0.009313979169570892,adam,True,,onehot
absolute,36,4,gelu,0.1,True,0.04147175546120903,0.05089743623616004,0.01489740533828996,adam,True,,onehot
absolute,35,4,gelu,0.1,True,0.03496205858792052,0.05696066525067504,0.016780739849392125,adam,True,,onehot
absolute,34,4,swish,0.1,True,0.038260237921728786,0.05148700080605121,0.012212484366340929,adam,True,,onehot
absolute,36,4,gelu,0.1,True,0.030338303967387237,0.05357999790353237,0.016081003910548647,adam,True,,onehot
absolute,34,4,swish,0.1,True,0.04569447075393858,0.0601861144019706,0.018283898581064686,adam,True,,onehot
absolute,35,4,gelu,0.1,True,0.04179185724504498,0.05138747721384634,0.013067325747733937,adam,True,,onehot
absolute,36,4,gelu,0.0,True,0.04993226657415046,0.06289004079575378,0.016032836476570233,adam,True,,onehot
absolute,35,4,swish,0.1,True,0.04430132151412045,0.053836776839350106,0.01597900553701217,adam,True,,onehot
absolute,36,4,mish,0.1,True,0.03828289198285379,0.05426361364672898,0.005874202385150188,adam,True,,onehot
absolute,35,4,tanh,0.1,True,0.04617662546520692,0.07896280367458522,0.022851669260413404,adam,True,,onehot
absolute,36,3,gelu,0.1,True,0.04213432557387263,0.05401742898700518,0.016013689521003422,adam,True,,onehot
absolute,35,4,relu,0.1,True,0.03506178029973938,0.06374997920228913,0.011769322431393607,adam,True,,onehot
absolute,34,4,swish,0.1,True,0.004379105991049512,0.06641231730938195,0.02243933505177048,adam,True,,onehot
absolute,36,4,gelu,0.1,True,0.0396316696326304,0.05362816762512738,0.012002670489179272,adam,True,,onehot
absolute,35,4,mish,0.1,True,0.03130752383166506,0.05762685260571946,0.011371571291076944,adam,True,,onehot
absolute,36,5,gelu,0.0,True,0.04664645748046355,0.05342970438200989,0.017240116293193553,adam,True,,onehot
absolute,34,4,swish,0.1,True,0.04998530534968691,0.049678374163846725,0.010995182191505484,adam,True,,onehot
absolute,18,4,gelu,0.1,True,0.04641484961745778,0.0651056335748135,0.025499659743984056,adam,True,,onehot
absolute,35,4,mish,0.1,True,0.04978152304085229,0.060035793391134365,0.02198787207603544,adam,True,,onehot
absolute,36,4,swish,0.1,True,0.049769920651009776,0.0568232124301971,0.013167681306293913,adam,True,,onehot
absolute,35,4,gelu,0.1,True,0.04395684423871707,0.05536342093455037,0.01166064263605692,adam,True,,onehot
absolute,36,4,gelu,0.1,True,0.03754668580081589,0.057575026325357485,0.019354363735798318,adam,True,,onehot
absolute,35,4,swish,0.1,True,0.045448032729282974,0.05424466828872908,0.013771216518398582,adam,True,,onehot
absolute,34,4,mish,0.1,True,0.040907935247082,0.0504887034404633,0.011030592735079128,adam,True,,onehot
absolute,23,4,leakyrelu,0.0,True,0.0336869427478899,0.06615359510355448,0.01868753501585889,adam,True,,onehot
absolute,32,4,gelu,0.1,True,0.001906272889254495,0.07513475308323607,0.03049244457111744,adam,True,,onehot
absolute,36,4,relu,0.1,True,0.046703936418250436,0.056899537058268064,0.006761068663480169,adam,True,,onehot
absolute,35,4,gelu,0.1,True,0.04128079493890492,0.04750206270393697,0.006522106919967703,adam,True,,onehot
absolute,36,4,gelu,0.1,True,0.04186765951397956,0.05837013846110841,0.01656987177461117,adam,True,,onehot
absolute,34,4,gelu,0.1,True,0.04980870159482585,0.054192319985553794,0.013784148846677842,adam,True,,onehot
absolute,35,4,gelu,0.1,True,0.04321706975271872,0.049943549199623946,0.009902324072884449,adam,True,,onehot
absolute,35,3,gelu,0.1,True,0.04675743410280224,0.05127479435613521,0.014206277221888362,adam,True,,onehot
absolute,21,4,gelu,0.1,True,0.04032002889745028,0.05502899159217839,0.01475161730534253,adam,True,,onehot
absolute,36,4,gelu,0.1,True,0.04473164011336767,0.06108816310038464,0.014940811107675419,adam,True,,onehot
absolute,36,4,gelu,0.1,True,0.03888390473043205,0.05134143943560798,0.007031989234393953,adam,True,,onehot
absolute,35,4,mish,0.1,True,0.04981803727902648,0.04698240557232302,0.007594413669306177,adam,True,,onehot
absolute,34,4,mish,0.1,True,0.04985390052692471,0.055571381810724976,0.011773456612328849,adam,True,,onehot
absolute,35,4,mish,0.1,True,0.04368351990896762,0.050140978776358994,0.01018322124768906,adam,True,,onehot
absolute,33,5,mish,0.1,True,0.04589657070770839,0.05848195625171206,0.007220984447362339,adam,True,,onehot
absolute,24,4,mish,0.1,True,0.040412531896451054,0.05583269562070211,0.0226247453679228,adam,True,,onehot
absolute,29,4,mish,0.1,True,0.04297776753447045,0.0564944550603437,0.02013361335631212,adam,True,,onehot
absolute,35,4,mish,0.1,True,0.04990684309086954,0.057791412382845124,0.01667309475823013,adam,True,,onehot
absolute,34,4,mish,0.1,True,0.03776479240748512,0.056564219780004726,0.015122864209622906,adam,True,,onehot
absolute,35,4,mish,0.1,True,0.04674300794275108,0.05344679398801035,0.01255101205037247,adam,True,,onehot
absolute,34,4,tanh,0.1,True,0.04241523088964503,0.07107936036147798,0.0148242167319241,adam,True,,onehot
absolute,35,4,mish,0.1,True,0.03588665238357258,0.05500890015341101,0.021814168909936427,adam,True,,onehot
absolute,35,4,mish,0.1,True,0.049912899800442376,0.058234190491950215,0.015597258797132425,adam,True,,onehot
absolute,34,4,relu,0.1,True,0.03974799971397936,0.05944617735309815,0.010659203462109374,adam,True,,onehot
absolute,35,4,gelu,0.1,True,0.04610034955017045,0.05012322780903535,0.007865325308088773,adam,True,,onehot
absolute,35,4,mish,0.1,True,0.04328468772631817,0.05313343514570952,0.02134745563132744,adam,True,,onehot
absolute,36,4,gelu,0.1,True,0.040814034791787995,0.0507389489360174,0.010229762590709316,adam,True,,onehot
absolute,35,4,gelu,0.1,True,0.03727191845393599,0.05680068070166151,0.007414690776812369,adam,True,,onehot
absolute,36,4,mish,0.1,True,0.047158437656207385,0.04880466383289348,0.013861493007272515,adam,True,,onehot
absolute,36,4,mish,0.1,True,0.047332523876190837,0.05821088039637445,0.013984937675233629,adam,True,,onehot
absolute,36,3,mish,0.1,True,0.007485260253133872,0.06320750006679933,0.022127723913918748,adam,True,,onehot
absolute,36,4,mish,0.1,True,0.04993549429859023,0.05214493083481185,0.014164254460751747,adam,True,,onehot
absolute,36,4,mish,0.1,True,0.046076252628296316,0.04648361501975682,0.007660713303177058,adam,True,,onehot
absolute,36,4,mish,0.1,True,0.04412596986455215,0.05179867715542359,0.009752523020398514,adam,True,,onehot
absolute,36,4,mish,0.1,True,0.0010188810848835226,0.07858598734713665,0.027192205703852244,adam,True,,onehot
absolute,36,4,mish,0.1,True,0.04417365110137369,0.05165921264344793,0.011106150280870359,adam,True,,onehot
absolute,36,4,mish,0.1,True,0.04598808774573397,0.052633016286767316,0.00992914347026934,adam,True,,onehot
absolute,36,4,mish,0.1,True,0.04224436447870485,0.058743416009046624,0.019793216851954062,adam,True,,onehot
absolute,36,5,mish,0.1,True,0.04645824665925835,0.06033846980030029,0.01274426832031603,adam,True,,onehot
absolute,36,4,mish,0.1,True,0.04159915780967067,0.04859634888626575,0.012258739482340044,adam,True,,onehot
absolute,36,4,mish,0.1,True,0.03436425609380097,0.05337690780439595,0.014813430429612372,adam,True,,onehot
absolute,36,4,mish,0.1,True,0.03731642692583062,0.05625139140489259,0.016234109732400217,adam,True,,onehot
absolute,36,4,mish,0.2,True,0.03191417437713706,0.05468291223129542,0.014047294046467491,adam,True,,onehot
absolute,26,4,mish,0.1,True,0.04015041398661413,0.05388199566647635,0.012325779278266552,adam,True,,onehot
absolute,36,4,mish,0.1,True,0.04123315052177464,0.055210044359373635,0.010786097564770149,adam,True,,onehot
absolute,35,4,mish,0.1,True,0.03778939243129705,0.0494609106284385,0.012082386402754242,adam,True,,onehot
absolute,36,4,mish,0.1,True,0.042292311660885526,0.0496102677418318,0.011071522053901436,adam,True,,onehot
absolute,36,4,mish,0.1,True,0.03555342783454998,0.0554687139861055,0.015795176297605056,adam,True,,onehot
absolute,35,4,mish,0.1,True,0.04348778030798797,0.058207369795596826,0.012982465179687914,adam,True,,onehot
absolute,36,4,mish,0.1,True,0.04002602054229265,0.0572936366040152,0.011436967809686073,adam,True,,onehot
absolute,35,4,leakyrelu,0.1,True,0.0210948432210547,0.05861601100027064,0.01843837166455679,adam,True,,onehot
absolute,36,4,mish,0.1,True,0.04481333154998088,0.055089955424709916,0.014773214166888472,adam,True,,onehot
absolute,35,3,relu,0.1,True,0.038507300205354686,0.05348443194508347,0.013072388924754815,adam,True,,onehot
absolute,36,4,mish,0.2,True,0.03375846819147475,0.06250724262413128,0.020153784147907108,adam,True,,onehot
absolute,16,4,mish,0.1,True,0.04607975583353068,0.0544166524586696,0.01919844452539304,adam,True,,onehot
absolute,35,4,mish,0.1,True,0.04146008443910467,0.05298115397407962,0.009809845136176729,adam,True,,onehot
absolute,35,4,tanh,0.1,True,0.03689415627512126,0.06442585472064814,0.015289149579631,adam,True,,onehot
absolute,36,4,mish,0.1,True,0.04378830909514102,0.05935596739863388,0.015054947424703771,adam,True,,onehot
absolute,35,4,mish,0.1,True,0.03948367126835167,0.05396933889596743,0.018800064878061733,adam,True,,onehot
absolute,36,5,gelu,0.1,True,0.0466640198168709,0.056532323898767424,0.010073512447130877,adam,True,,onehot
absolute,36,4,relu,0.1,True,0.042226616068368236,0.052449594187374535,0.00754227705154243,adam,True,,onehot
absolute,35,4,gelu,0.1,True,0.035305859815429524,0.059455742934365924,0.02425052947539236,adam,True,,onehot
absolute,36,4,mish,0.1,True,0.046202418346514826,0.05392600627764714,0.01573562356315714,adam,True,,onehot
absolute,35,4,gelu,0.1,True,0.03988280533202057,0.05356733855797029,0.018506567688634228,adam,True,,onehot
absolute,36,4,mish,0.1,True,0.04428691102651673,0.05086908851199591,0.013621200540261223,adam,True,,onehot
absolute,35,4,gelu,0.2,True,0.03102727715432872,0.05443472722341843,0.00641378887926776,adam,True,,onehot
absolute,36,4,leakyrelu,0.1,True,0.037726114844968295,0.055563001898941464,0.010076733997949923,adam,True,,onehot
absolute,35,4,mish,0.1,True,0.04658660996743332,0.05221793542594357,0.00517786695440711,adam,True,,onehot
absolute,35,4,gelu,0.1,True,0.04116422736418699,0.05180178674878848,0.008766729943142851,adam,True,,onehot
absolute,36,4,gelu,0.1,True,0.04296314671573199,0.06092542404592233,0.019514339764573785,adam,True,,onehot
absolute,36,4,mish,0.1,True,0.0499879488141492,0.05143340438444917,0.01274497445162138,adam,True,,onehot
absolute,35,4,relu,0.1,True,0.03341943771235387,0.06376398075846235,0.012677932701628708,adam,True,,onehot
absolute,36,4,gelu,0.1,True,0.03674275304421221,0.054125544138541495,0.013420020205023545,adam,True,,onehot
absolute,35,4,mish,0.1,True,0.046701075840654915,0.055097709448842416,0.013183524999747773,adam,True,,onehot
absolute,36,3,gelu,0.1,True,0.02539938308885984,0.0557612069206813,0.01828834186278345,adam,True,,onehot
absolute,35,4,mish,0.1,True,0.04027988884696316,0.06158538645781385,0.022905225650006904,adam,True,,onehot
absolute,36,4,gelu,0.1,True,0.0011357220459667836,0.07198925873398662,0.021837159466454432,adam,True,,onehot
absolute,35,4,tanh,0.2,True,0.043862202240871034,0.07757174205065784,0.013565088484462348,adam,True,,onehot
absolute,36,4,mish,0.1,True,0.02874882033878852,0.05542139015353795,0.01577810267437438,adam,True,,onehot
absolute,35,4,gelu,0.1,True,0.038104886911092976,0.05433926014789388,0.01664087425415233,adam,True,,onehot
absolute,36,4,gelu,0.1,True,0.046994396293065135,0.050067188033453384,0.01155214521021963,adam,True,,onehot
absolute,35,5,mish,0.1,True,0.04265804642440088,0.0541117524086515,0.0043760993965698426,adam,True,,onehot
absolute,36,4,gelu,0.1,True,0.03472331754039598,0.060802582720642685,0.023477695179906447,adam,True,,onehot
absolute,36,4,mish,0.1,True,0.046826471674775313,0.05633777912488145,0.013549333423742527,adam,True,,onehot
absolute,35,4,relu,0.1,True,0.03998910271700575,0.06579403088857018,0.01646035854140457,adam,True,,onehot
absolute,36,4,gelu,0.1,True,0.04999641963306015,0.04906527785200004,0.012277120863579773,adam,True,,onehot
absolute,35,4,mish,0.1,True,0.04699811177624776,0.051941952481915764,0.011457386655865107,adam,True,,onehot
absolute,36,4,gelu,0.1,True,0.04975314834994149,0.04770210576378303,0.010505484886582695,adam,True,,onehot
absolute,36,4,gelu,0.1,True,0.048932747663682566,0.060439060498084216,0.01720623132202975,adam,True,,onehot
absolute,36,4,mish,0.2,True,0.04967283790707736,0.06499371944987763,0.010602187772284857,adam,True,,onehot
absolute,36,4,gelu,0.1,True,0.043103909218479584,0.048614785999256456,0.012689112197796832,adam,True,,onehot
absolute,36,4,gelu,0.1,True,0.04371180483021096,0.05833577816814791,0.012500161910083428,adam,True,,onehot
absolute,36,4,gelu,0.1,True,0.04348800747968132,0.05466369547232193,0.009121317465785915,adam,True,,onehot
absolute,36,4,gelu,0.1,True,0.04157259661665694,0.05928912908183991,0.01851619654409445,adam,True,,onehot
absolute,36,4,gelu,0.1,True,0.04428666437450742,0.05526733333683069,0.012217569722810672,adam,True,,onehot
absolute,35,4,gelu,0.1,True,0.005346459671409775,0.06487525061645001,0.02351412199817875,adam,True,,onehot
absolute,36,4,gelu,0.1,True,0.04657165382241901,0.061907882941142425,0.015184732725056976,adam,True,,onehot
absolute,36,4,gelu,0.1,True,0.039879210547637635,0.05709364590551234,0.010834624286554852,adam,True,,onehot
absolute,35,4,gelu,0.1,True,0.04975136000858525,0.05897323081113729,0.020667082024777145,adam,True,,onehot
absolute,35,3,gelu,0.1,True,0.04359999784812369,0.059998939095739036,0.015307257932298118,adam,True,,onehot
absolute,36,4,leakyrelu,0.1,True,0.041736779332652296,0.051357794652236624,0.003924830335192821,adam,True,,onehot
absolute,36,4,gelu,0.2,True,0.04622444998945975,0.05775617917394664,0.008450386271235493,adam,True,,onehot
absolute,35,4,gelu,0.1,True,0.03895719863257233,0.05001726359014612,0.011543034586334992,adam,True,,onehot
absolute,36,4,relu,0.1,True,0.0498665749095407,0.056399444637232524,0.009452126449849258,adam,True,,onehot
absolute,35,5,gelu,0.1,True,0.04409037710857301,0.05979158008741685,0.008510921309385482,adam,True,,onehot
absolute,36,4,gelu,0.1,True,0.03581019449416094,0.05484232041154676,0.009674947167720785,adam,True,,onehot
absolute,35,4,gelu,0.1,True,0.041036305464059536,0.0570150068270145,0.015747391604505473,adam,True,,onehot
absolute,36,4,gelu,0.1,True,0.00902848828527985,0.06244135792101312,0.02212314990936689,adam,True,,onehot
absolute,19,4,gelu,0.1,True,0.04592777914804461,0.050007687416937764,0.011500069832965051,adam,True,,onehot
absolute,35,4,tanh,0.1,True,0.03811503926565943,0.06243979594115814,0.014111557286982001,adam,True,,onehot
absolute,36,4,gelu,0.1,True,0.049915733648655584,0.05776140348799048,0.013882584803639988,adam,True,,onehot
absolute,36,4,relu,0.1,True,0.04111671631666245,0.056315083860666186,0.01115822983366261,adam,True,,onehot
absolute,35,4,gelu,0.1,True,0.04509524649500282,0.061641806840653075,0.015535021313570147,adam,True,,onehot
absolute,36,4,gelu,0.2,True,0.012003586257707104,0.05397056924956023,0.020970984100068903,adam,True,,onehot
absolute,35,4,gelu,0.1,True,0.032534327148365544,0.05484177048522163,0.016731651446419443,adam,True,,onehot
absolute,34,4,mish,0.1,True,0.03837316288125922,0.05709606108813892,0.016867217031036955,adam,True,,onehot
absolute,36,4,swish,0.1,True,0.04311527912542743,0.058298025710746784,0.01962488752123319,adam,True,,onehot
absolute,35,4,gelu,0.1,True,0.0470441169723025,0.05334004960923189,0.007570979892393483,adam,True,,onehot
absolute,30,4,leakyrelu,0.1,True,0.0361078250512628,0.06294226652284762,0.012125565440877051,adam,True,,onehot
absolute,20,4,mish,0.1,True,0.04188315709940725,0.05210090052601653,0.015943501102718558,adam,True,,onehot
absolute,22,4,gelu,0.1,True,0.04580693628127183,0.06345918943777355,0.022468115076739268,adam,True,,onehot
absolute,36,4,mish,0.1,True,0.038762861591100616,0.05212083979129517,0.013212557930047572,adam,True,,onehot
absolute,35,3,swish,0.1,True,0.04315043336560697,0.05674377891025322,0.015077657652722119,adam,True,,onehot
absolute,35,4,gelu,0.1,True,0.0403732314739473,0.05486811736816102,0.014373845354773181,adam,True,,onehot
absolute,36,4,relu,0.1,True,0.010576921481434623,0.06942816628722367,0.0297193124810526,adam,True,,onehot
absolute,36,4,gelu,0.2,True,0.04515911071395418,0.0592095781998653,0.010858572468224165,adam,True,,onehot
absolute,28,5,mish,0.1,True,0.04975514978391026,0.056573184412190995,0.01693514343165805,adam,True,,onehot
absolute,35,4,gelu,0.1,True,0.013692560814143537,0.059183361035331526,0.026174495182912927,adam,True,,onehot
absolute,34,4,swish,0.1,True,0.03578251836022442,0.05701488504698814,0.018104841292355952,adam,True,,onehot
absolute,36,4,tanh,0.1,True,0.04313719625219866,0.07243692952703416,0.024860997473972097,adam,True,,onehot
absolute,35,4,mish,0.1,True,0.04994052493624186,0.05318695538027055,0.01037890242263734,adam,True,,onehot
absolute,31,4,gelu,0.1,True,0.04649016232157874,0.05431280567245536,0.013129005968327973,adam,True,,onehot
absolute,36,4,mish,0.1,True,0.0387330353705037,0.05959600352284576,0.022216843945603533,adam,True,,onehot
absolute,35,4,gelu,0.1,True,0.04185644421688348,0.05688754039176468,0.020456720758430923,adam,True,,onehot
absolute,36,4,swish,0.1,True,0.04643782242183477,0.05144614798558713,0.009693607817187484,adam,True,,onehot
absolute,36,4,gelu,0.1,True,0.03439597890214047,0.05358756146417085,0.017543901271225442,adam,True,,onehot
absolute,35,4,mish,0.1,True,0.03800473560390753,0.055787010646786886,0.017784363270389934,adam,True,,onehot
absolute,29,4,gelu,0.1,True,0.04305893785511797,0.05258893925900261,0.011733336787334491,adam,True,,onehot
absolute,34,4,mish,0.2,True,0.03226117034117642,0.06259192632867293,0.017960309294912456,adam,True,,onehot
absolute,36,4,gelu,0.1,True,0.040465493890207455,0.05006817082903557,0.010079031566499523,adam,True,,onehot
absolute,35,4,relu,0.1,True,0.0465789088365231,0.055749488162518325,0.010354059172354114,adam,True,,onehot
absolute,34,4,swish,0.1,True,0.04417771524748188,0.05871354280314307,0.008083166610234428,adam,True,,onehot
absolute,36,3,gelu,0.1,True,0.04986371046926648,0.05241924368733538,0.011250492063222636,adam,True,,onehot
absolute,35,4,mish,0.1,True,0.03598436352937842,0.0565741264843565,0.014686710795995275,adam,True,,onehot
absolute,36,4,gelu,0.1,True,0.04035808122381265,0.05495365184735459,0.012427878065944165,adam,True,,onehot
absolute,35,4,mish,0.1,True,0.04673520531717613,0.06183486524355626,0.011038947672163887,adam,True,,onehot
absolute,36,4,swish,0.1,True,0.04352729520787578,0.05426219405055634,0.016236646164683878,adam,True,,onehot
absolute,36,4,leakyrelu,0.1,True,0.038994065227020085,0.052669724513075535,0.005712028587856728,adam,True,,onehot
absolute,35,4,gelu,0.1,True,0.002858561819584793,0.06371092135330722,0.02512116241731257,adam,True,,onehot
absolute,35,4,mish,0.2,True,0.04170892463453331,0.062425712873898434,0.016418040551931242,adam,True,,onehot
absolute,36,5,gelu,0.1,True,0.03686055026942111,0.047467723355011184,0.007255097743922361,adam,True,,onehot
absolute,36,5,gelu,0.1,True,0.04612222725272285,0.053568289148839585,0.007327247104979144,adam,True,,onehot
absolute,36,5,gelu,0.1,True,0.04988342705073106,0.059762441077029785,0.008315147862740955,adam,True,,onehot
absolute,36,5,gelu,0.1,True,0.029864672602259636,0.05368645000942567,0.013148332229906502,adam,True,,onehot
absolute,36,5,gelu,0.1,True,0.03693235385806292,0.05636929812503193,0.010863172537822848,adam,True,,onehot
absolute,36,5,gelu,0.1,True,0.0434454759743284,0.05836757332261696,0.012242117924197295,adam,True,,onehot
absolute,36,5,gelu,0.1,True,0.033144517965306465,0.05357425414960629,0.014549202571182475,adam,True,,onehot
absolute,17,5,gelu,0.1,True,0.04666755085413015,0.053610675356632005,0.010481453330715856,adam,True,,onehot
absolute,23,5,gelu,0.1,True,0.040104007330622235,0.0559187613551172,0.011249752386228737,adam,True,,onehot
absolute,36,5,gelu,0.1,True,0.04311375754776802,0.06329991992575842,0.012589917510291164,adam,True,,onehot
absolute,36,5,gelu,0.1,True,0.035585105174547146,0.0498042020606938,0.00849838526636853,adam,True,,onehot
absolute,36,5,mish,0.2,True,0.04690871709453386,0.07271988540014274,0.014244181003073557,adam,True,,onehot
absolute,35,4,gelu,0.1,True,0.04996290440623023,0.05494106575423942,0.011909214815239742,adam,True,,onehot
absolute,43,3,mish,0.1,True,0.01459376597215205,0.0654522341328819,0.026444966579342918,adam,True,,onehot
absolute,35,3,leakyrelu,0.1,True,0.015004977804383562,0.0619696221321612,0.0209399558556948,adam,True,,onehot
absolute,60,3,leakyrelu,0.0,True,0.0034359876405443,0.07592436549431916,0.02963078930902941,adam,True,,onehot
absolute,53,3,swish,0.2,True,0.0031538543346632656,0.06751852153261655,0.019965814505013,adam,True,,onehot
absolute,38,5,gelu,0.2,True,0.015447864946702776,0.06149712145058826,0.02271272026419853,adam,True,,onehot
absolute,31,4,gelu,0.0,True,0.0017122429972348044,0.0688439081241347,0.01672485172904055,adam,True,,onehot
absolute,33,3,swish,0.0,True,0.0039153250012812285,0.06258021561847026,0.01443593625610489,adam,True,,onehot
absolute,37,5,mish,0.1,True,0.0025275614890233325,0.06653832908660569,0.02660464302060496,adam,True,,onehot
absolute,61,5,gelu,0.0,True,0.037939008868394686,0.057676164209399326,0.004304421830610228,adam,True,,onehot
absolute,53,3,swish,0.1,True,0.0016260452863829356,0.06935551570078449,0.022337270006971537,adam,True,,onehot
absolute,64,5,gelu,0.0,True,0.04018933886059582,0.05753934397247081,0.008742544190341884,adam,True,,onehot
absolute,64,5,gelu,0.0,True,0.048720478143823576,0.0687339474923547,0.015430291451309185,adam,True,,onehot
absolute,56,5,gelu,0.0,True,0.037589436752458384,0.06343248583874812,0.012754285337870734,adam,True,,onehot
absolute,64,5,gelu,0.0,True,0.030423752186286488,0.07273982725483047,0.02107280776419995,adam,True,,onehot
absolute,48,4,gelu,0.0,True,0.007900868033457822,0.06023543218580114,0.01995866004676569,adam,True,,onehot
absolute,58,5,gelu,0.0,True,0.023793610881439727,0.05508692274288872,0.012441596409722488,adam,True,,onehot
absolute,58,5,gelu,0.2,True,0.021229864050778882,0.053767517806032096,0.00871398049134481,adam,True,,onehot
absolute,47,5,mish,0.2,True,0.02196922344060184,0.057792962786705274,0.015037959965894274,adam,True,,onehot
absolute,56,4,leakyrelu,0.2,True,0.0070735444328498594,0.06767650143297857,0.02465979252683977,adam,True,,onehot
absolute,51,5,gelu,0.2,True,0.010273182769961937,0.055805197533963936,0.017861880803159428,adam,True,,onehot
absolute,42,5,gelu,0.2,True,0.024275744215414563,0.055986796028448686,0.011295130947669152,adam,True,,onehot
absolute,51,5,gelu,0.2,True,0.010223948018272528,0.059411427568910075,0.02372185177669784,adam,True,,onehot
absolute,57,5,gelu,0.2,True,0.010662841441895495,0.05439855559459561,0.016237486565584026,adam,True,,onehot
absolute,59,5,gelu,0.2,True,0.020945787429325614,0.05668372351484454,0.017565029743625386,adam,True,,onehot
absolute,57,5,gelu,0.2,True,0.005209202291226243,0.060375312294139886,0.023947053542619442,adam,True,,onehot
absolute,58,4,gelu,0.2,True,0.010523057670847387,0.06221823319481681,0.021104473902357302,adam,True,,onehot
absolute,53,5,swish,0.2,True,0.018082758543297685,0.055670127255000944,0.02227712783093973,adam,True,,onehot
absolute,61,5,mish,0.2,True,0.029562542865273832,0.05704287413706055,0.015369106944438913,adam,True,,onehot
absolute,50,5,leakyrelu,0.1,True,0.012712905652208737,0.05776770774282099,0.02076845172617416,adam,True,,onehot
absolute,44,4,mish,0.2,True,0.005844854392503147,0.05811253762186901,0.02347557831599456,adam,True,,onehot
absolute,54,5,gelu,0.1,True,0.0010386968945436004,0.0701403879847463,0.028316424800179405,adam,True,,onehot
absolute,55,5,swish,0.2,True,0.018342635724053195,0.055631267380458066,0.025118713371373263,adam,True,,onehot
absolute,55,5,swish,0.2,True,0.013871533196385451,0.054197159607671866,0.023750595015035642,adam,True,,onehot
absolute,60,5,swish,0.2,True,0.013002366460848376,0.05845205644411504,0.024520191661742727,adam,True,,onehot
absolute,62,5,swish,0.2,True,0.02645195670027905,0.05728736981155889,0.010009992772698852,adam,True,,onehot
absolute,58,3,leakyrelu,0.2,True,0.01568410857530496,0.06537590154657083,0.024515279860131245,adam,True,,onehot
absolute,49,5,swish,0.2,True,0.009587686999692565,0.06375463388863525,0.0254822552535466,adam,True,,onehot
absolute,45,3,gelu,0.0,True,0.01367877957107898,0.06044365180996615,0.02094282225523587,adam,True,,onehot
absolute,40,5,leakyrelu,0.1,True,0.018311087024570256,0.06269473883286437,0.017607355937992047,adam,True,,onehot
absolute,62,5,swish,0.0,True,0.008633052737640697,0.05796101310603634,0.027807142296623292,adam,True,,onehot
absolute,29,4,gelu,0.2,True,0.006059324187830882,0.06966304567963973,0.023265904266508857,adam,True,,onehot
absolute,55,5,swish,0.2,True,0.017166687059908203,0.06086322955413893,0.015212087879597231,adam,True,,onehot
absolute,55,5,swish,0.2,True,0.022400864193994195,0.05502051599647298,0.012475848321257593,adam,True,,onehot
absolute,52,5,swish,0.2,True,0.029745319278328863,0.06065476367163121,0.012752414161421796,adam,True,,onehot
absolute,58,3,swish,0.2,True,0.022535193535314104,0.06233122912332365,0.025443647337729733,adam,True,,onehot
absolute,56,5,swish,0.0,True,0.03395185198229494,0.051938858708283575,0.004155278144543494,adam,True,,onehot
absolute,54,5,swish,0.1,True,0.049153417326881166,0.05315990522511002,0.0071066472913930544,adam,True,,onehot
absolute,53,5,swish,0.1,True,0.049375594275161534,0.06659433583541052,0.01924526589237477,adam,True,,onehot
absolute,56,5,swish,0.1,True,0.040038543803514966,0.06007289347182392,0.01387223000627774,adam,True,,onehot
absolute,61,3,swish,0.1,True,0.036759291618678254,0.06058865578149845,0.025413945852587928,adam,True,,onehot
absolute,47,5,mish,0.1,True,0.03201071369993344,0.0497938787307752,0.012410188182002405,adam,True,,onehot
absolute,47,5,mish,0.1,True,0.0332172911312289,0.05232557289081361,0.012175753708431342,adam,True,,onehot
absolute,46,5,mish,0.1,True,0.03351357098900416,0.05316476947014685,0.011883369272163768,adam,True,,onehot
absolute,46,5,mish,0.1,True,0.043504419772674184,0.07072249213681893,0.0190358469636864,adam,True,,onehot
absolute,43,5,mish,0.1,True,0.03473433888067892,0.048778882916175915,0.009568578679943677,adam,True,,onehot
absolute,41,5,mish,0.1,True,0.03344591092991252,0.0495705232596488,0.004314045351079443,adam,True,,onehot
absolute,36,5,mish,0.1,True,0.03314157663157963,0.05228614422685891,0.009074863735505931,adam,True,,onehot
absolute,37,5,mish,0.1,True,0.02799256812663621,0.06912319792883417,0.03286621462040398,adam,True,,onehot
absolute,34,4,mish,0.1,True,0.03340382991102861,0.055943460559255684,0.014556771909871338,adam,True,,onehot
absolute,41,5,mish,0.1,True,0.043633622364084745,0.05378963335260145,0.011606409096036151,adam,True,,onehot
absolute,43,5,mish,0.1,True,0.03415232184919128,0.05680962912830264,0.020941853534544426,adam,True,,onehot
absolute,39,5,mish,0.1,True,0.045112163488587376,0.054464528784121835,0.011071826523821262,adam,True,,onehot
absolute,36,5,mish,0.1,True,0.025691050028265185,0.06062167647685461,0.024806419726529663,adam,True,,onehot
absolute,42,5,mish,0.1,True,0.037660212689375694,0.04968018062784155,0.007695534017583666,adam,True,,onehot
absolute,42,5,mish,0.1,True,0.032550073505389784,0.05199827809958092,0.011014538309655842,adam,True,,onehot
absolute,43,5,mish,0.1,True,0.03864938161487917,0.05449376763992583,0.011691883573567114,adam,True,,onehot
absolute,32,5,mish,0.1,True,0.02995025502552037,0.05340709681292508,0.014370967834218778,adam,True,,onehot
absolute,41,5,mish,0.0,True,0.002453153931001123,0.06797513504853961,0.02576918787790429,adam,True,,onehot
absolute,44,5,mish,0.1,True,0.02658764338502109,0.053549874723875936,0.018637503954392558,adam,True,,onehot
absolute,37,4,mish,0.1,True,0.03633990036438264,0.05070650873668795,0.009599600691679092,adam,True,,onehot
absolute,39,4,mish,0.1,True,0.04149599450908538,0.04854841015806384,0.0098281291255778,adam,True,,onehot
absolute,39,4,mish,0.1,True,0.042793729736879935,0.059941557053358026,0.01997199475777524,adam,True,,onehot
absolute,38,4,mish,0.1,True,0.03787600988549391,0.061802132827798874,0.0221924815136282,adam,True,,onehot
absolute,41,4,mish,0.1,True,0.035930044199546776,0.0517223651241844,0.009564477271959698,adam,True,,onehot
absolute,40,4,mish,0.0,True,0.03638497775988864,0.05619819241082128,0.02005584865440312,adam,True,,onehot
absolute,38,4,mish,0.1,True,0.020404652287031127,0.05458761155850268,0.020564562451840872,adam,True,,onehot
absolute,42,4,mish,0.1,True,0.04119955175909304,0.05318440471887635,0.014108301954333541,adam,True,,onehot
absolute,40,4,mish,0.0,True,0.024492479317603347,0.05586492688356028,0.016930179845904426,adam,True,,onehot
absolute,44,4,mish,0.1,True,0.028572171576400237,0.06170888150373135,0.016969437925163724,adam,True,,onehot
absolute,41,4,mish,0.1,True,0.049907433875557794,0.045037104518286165,0.008788423068039605,adam,True,,onehot
absolute,41,4,mish,0.1,True,0.0498604398704691,0.05723090421192949,0.007936137589033757,adam,True,,onehot
absolute,39,4,mish,0.1,True,0.04459823201202218,0.04989008277962603,0.015725483920966444,adam,True,,onehot
absolute,39,4,mish,0.1,True,0.04633404866658883,0.050330560104740685,0.010574010934792448,adam,True,,onehot
absolute,35,4,mish,0.1,True,0.046306791955528434,0.05268781714458666,0.008603693089028744,adam,True,,onehot
absolute,39,4,mish,0.1,True,0.04031505825518368,0.04816437578160937,0.01278238544860208,adam,True,,onehot
absolute,39,4,leakyrelu,0.1,True,0.04488602706043514,0.05750654445704841,0.011090861125064584,adam,True,,onehot
absolute,45,4,mish,0.1,True,0.04059242889505073,0.055677946099118136,0.017731754016861563,adam,True,,onehot
absolute,42,4,mish,0.1,True,0.04001322008720177,0.057940594335476124,0.021469236950225592,adam,True,,onehot
absolute,48,4,mish,0.1,True,0.030713562829720664,0.05723944953774866,0.019017682264576008,adam,True,,onehot
absolute,38,4,mish,0.1,True,0.045807283857050525,0.04875370868942562,0.010456212754986037,adam,True,,onehot
absolute,37,4,mish,0.1,True,0.040136560362479284,0.05298626069449599,0.011786509735334766,adam,True,,onehot
absolute,39,4,mish,0.1,True,0.04652322142919458,0.05032504290230362,0.010992158139918143,adam,True,,onehot
absolute,40,4,mish,0.1,True,0.04933158778195011,0.04888512225948738,0.007963033550263955,adam,True,,onehot
absolute,38,4,mish,0.1,True,0.031096877586289963,0.06350547052324337,0.030809831515824417,adam,True,,onehot
absolute,40,4,mish,0.1,True,0.004426571185213617,0.06432774109242298,0.02365873975619664,adam,True,,onehot
absolute,43,3,mish,0.1,True,0.04998324164604483,0.05779541324064667,0.0208419872482957,adam,True,,onehot
absolute,45,4,leakyrelu,0.1,True,0.037056177432616536,0.053528458384764416,0.015475353254541519,adam,True,,onehot
absolute,36,4,mish,0.1,True,0.0424438352626279,0.047786420614766525,0.01255260766024609,adam,True,,onehot
absolute,35,4,mish,0.1,True,0.027777316963501785,0.06142008853796317,0.026865815881645532,adam,True,,onehot
absolute,42,4,mish,0.1,True,0.04123242416338355,0.053125151835521925,0.014145452275910122,adam,True,,onehot
absolute,36,3,mish,0.1,True,0.034875826834600776,0.05589045558961714,0.017977431361108596,adam,True,,onehot
absolute,38,4,mish,0.1,True,0.04375128689648318,0.05585978521661596,0.012995476288934741,adam,True,,onehot
absolute,34,4,mish,0.1,True,0.043567141354159435,0.05588553062546625,0.01993612583784441,adam,True,,onehot
absolute,40,4,mish,0.1,True,0.03810427410327867,0.0517695783697083,0.007601535279937488,adam,True,,onehot
absolute,41,4,mish,0.1,True,0.030955139363268887,0.05457290149782704,0.014833714079731119,adam,True,,onehot
absolute,44,4,mish,0.1,True,0.04676479225034458,0.05551856557515247,0.00794433272362852,adam,True,,onehot
absolute,37,4,mish,0.1,True,0.04106570733802346,0.04670345482403177,0.011248647445686124,adam,True,,onehot
absolute,37,4,mish,0.1,True,0.04119348265441762,0.04867287752500645,0.009275819304659169,adam,True,,onehot
absolute,33,4,mish,0.1,True,0.0010137053724877199,0.06893127234460524,0.02177704142972279,adam,True,,onehot
absolute,36,4,mish,0.1,True,0.038769827652177104,0.051100629666440335,0.010357077498614059,adam,True,,onehot
absolute,37,4,leakyrelu,0.1,True,0.0499954020591195,0.04906971846830692,0.011357368706298646,adam,True,,onehot
absolute,37,4,leakyrelu,0.1,True,0.04239480003030912,0.05400860491850392,0.007797041530819082,adam,True,,onehot
absolute,35,4,leakyrelu,0.1,True,0.04970084157281534,0.057580049561545936,0.006681096012506417,adam,True,,onehot
absolute,38,4,leakyrelu,0.1,True,0.035328248137798626,0.060093058648380174,0.011571427781946735,adam,True,,onehot
absolute,36,4,leakyrelu,0.1,True,0.04156502862310694,0.0559241696583659,0.013993379148382728,adam,True,,onehot
absolute,37,4,mish,0.1,True,0.04633119260904568,0.054422949757656235,0.009332269594087284,adam,True,,onehot
absolute,40,4,mish,0.1,True,0.0011938559194663127,0.07074733495091265,0.01846769485575215,adam,True,,onehot
absolute,34,4,mish,0.1,True,0.038636489113084496,0.05620501840268703,0.020914021904929903,adam,True,,onehot
absolute,42,4,leakyrelu,0.1,True,0.049950223158963566,0.055699868065788506,0.0069833212139490345,adam,True,,onehot
absolute,38,4,mish,0.1,True,0.035045996442285746,0.05072178943937163,0.009986918878409645,adam,True,,onehot
absolute,41,3,mish,0.1,True,0.04303272959151023,0.057698704703854416,0.022832487683755242,adam,True,,onehot
absolute,37,4,mish,0.1,True,0.032065600744343406,0.05885452717755575,0.022714303577260092,adam,True,,onehot
absolute,43,4,mish,0.1,True,0.039050951938030966,0.05131396161023905,0.012312300414891364,adam,True,,onehot
absolute,47,5,mish,0.1,True,0.02769334444625364,0.052491789762426924,0.01460396150201581,adam,True,,onehot
absolute,39,4,mish,0.1,True,0.0325731416860348,0.05484897024106102,0.01722272049006559,adam,True,,onehot
absolute,40,5,mish,0.1,True,0.0024577200325960405,0.06595080134550482,0.02263874577810164,adam,True,,onehot
absolute,46,4,mish,0.1,True,0.0027980604201782162,0.06754830173876766,0.02657945485452279,adam,True,,onehot
absolute,49,5,mish,0.1,True,0.04591298501394052,0.06364632545393585,0.006844020547667547,adam,True,,onehot
absolute,35,4,mish,0.1,True,0.025146520740471388,0.061900298663647664,0.0250649435438792,adam,True,,onehot
absolute,38,4,mish,0.1,True,0.03616109952067178,0.05037770989320056,0.01953961770130685,adam,True,,onehot
absolute,39,5,mish,0.1,True,0.04129629993171401,0.06370250514705357,0.005774597726683543,adam,True,,onehot
absolute,39,4,mish,0.1,True,0.04544597521695602,0.055704725802594085,0.013394652346462444,adam,True,,onehot
absolute,41,4,mish,0.1,True,0.0431126191621436,0.05143782646746927,0.01440819857523956,adam,True,,onehot
absolute,37,4,mish,0.1,True,0.04694352333545202,0.05310917183369755,0.01088685370555187,adam,True,,onehot
absolute,40,4,mish,0.1,True,0.037542386240495634,0.051559777179718234,0.01194866389520088,adam,True,,onehot
absolute,43,4,mish,0.1,True,0.04014120086299254,0.060007143460216524,0.018470018038585227,adam,True,,onehot
absolute,38,4,gelu,0.0,True,0.029200626405861317,0.060852604533734964,0.016761145953043472,adam,True,,onehot
absolute,36,5,mish,0.1,True,0.01149838393008018,0.05625587306339532,0.02453253528508442,adam,True,,onehot
absolute,41,4,leakyrelu,0.1,True,0.03453823796662979,0.051040771975755794,0.014119067601751332,adam,True,,onehot
absolute,42,3,mish,0.1,True,0.0436814658352133,0.05329181342559244,0.01864422129777984,adam,True,,onehot
absolute,39,4,mish,0.1,True,0.04896255136202347,0.04933660146834218,0.011108656439321851,adam,True,,onehot
absolute,39,4,mish,0.1,True,0.04838631700272469,0.05524898810472145,0.011126118873400459,adam,True,,onehot
absolute,40,4,mish,0.1,True,0.04118913454170072,0.04880922084824543,0.010677010753167729,adam,True,,onehot
absolute,40,4,mish,0.1,True,0.03967367881727298,0.05137521432304337,0.01353876722453237,adam,True,,onehot
absolute,37,4,mish,0.1,True,0.03628073061523352,0.052095470665492506,0.012640192531286898,adam,True,,onehot
absolute,38,4,mish,0.1,True,0.04975879940515899,0.053142390078911486,0.010346563989880554,adam,True,,onehot
absolute,36,5,mish,0.1,True,0.03291047359862783,0.059740628400893725,0.013259147352350512,adam,True,,onehot
absolute,40,4,mish,0.1,True,0.040861461479235126,0.05405469256628459,0.012769875924241971,adam,True,,onehot
absolute,41,4,mish,0.1,True,0.04554517384233333,0.054205551051028165,0.015864403437014656,adam,True,,onehot
absolute,42,5,mish,0.1,True,0.037656226445636466,0.0646719850156517,0.021734247393369013,adam,True,,onehot
absolute,44,4,leakyrelu,0.1,True,0.041781573040854635,0.05720161366754053,0.01023503102520883,adam,True,,onehot
absolute,39,4,mish,0.1,True,0.04440302734838901,0.05443448110779578,0.009930563772745751,adam,True,,onehot
absolute,38,4,mish,0.1,True,0.0496502300870023,0.05288994290488662,0.015273620233492506,adam,True,,onehot
absolute,37,4,mish,0.1,True,0.04492625627019618,0.04767612170180633,0.01040490768664952,adam,True,,onehot
absolute,36,4,mish,0.1,True,0.037615198427784,0.05122624313390256,0.013276864458049207,adam,True,,onehot
absolute,37,4,mish,0.1,True,0.030803584739537624,0.0570058196155757,0.023851806944407045,adam,True,,onehot
absolute,35,4,mish,0.1,True,0.04192381836419145,0.051256863693028634,0.010730686925115286,adam,True,,onehot
absolute,38,4,mish,0.1,True,0.034754998185143826,0.048646441447864106,0.012271187289727687,adam,True,,onehot
absolute,38,4,mish,0.1,True,0.04607608252763195,0.049688877907496334,0.007571567925365874,adam,True,,onehot
absolute,39,4,mish,0.0,True,0.035698731363963634,0.0575438389071977,0.017465058743076238,adam,True,,onehot
absolute,37,4,gelu,0.1,True,0.03871170480057768,0.050319979659362205,0.00967329308527824,adam,True,,onehot
absolute,40,4,mish,0.1,True,0.04590414270006634,0.053526684709038916,0.010343289933742823,adam,True,,onehot
absolute,38,4,mish,0.1,True,0.04677138374720894,0.05374227274224623,0.010153480595456428,adam,True,,onehot
absolute,38,4,mish,0.1,True,0.04208442455499432,0.05732362689786302,0.014060582910160404,adam,True,,onehot
absolute,40,4,mish,0.1,True,0.04354805373550917,0.05436662344653975,0.02380565630852583,adam,True,,onehot
absolute,37,4,mish,0.1,True,0.033776719169678206,0.05366204573890025,0.01798301681011965,adam,True,,onehot
absolute,34,4,mish,0.1,True,0.049228108401469836,0.05438106475045189,0.012220987161557787,adam,True,,onehot
absolute,41,4,mish,0.1,True,0.039540600085519635,0.050418352102187015,0.012534676076774479,adam,True,,onehot
absolute,36,4,mish,0.1,True,0.04592773009914479,0.058157623943659725,0.020733555087113442,adam,True,,onehot
absolute,39,4,leakyrelu,0.1,True,0.04277956872901773,0.06041634741852294,0.011490590061387326,adam,True,,onehot
absolute,38,4,mish,0.1,True,0.049768770244712726,0.05024278434779409,0.010513540234610387,adam,True,,onehot
absolute,37,5,mish,0.1,True,0.034622179827737486,0.053977994851942684,0.012526127374997954,adam,True,,onehot
absolute,39,5,mish,0.1,True,0.03768706403152771,0.052836952363786674,0.0063641804561690935,adam,True,,onehot
absolute,48,3,mish,0.1,True,0.03125764373858102,0.0524620167918665,0.02123762866585031,adam,True,,onehot
absolute,40,4,mish,0.1,True,0.040398897711799234,0.0566901393361021,0.015468189757069484,adam,True,,onehot
absolute,35,5,mish,0.1,True,0.04574554837401471,0.05883721456678041,0.009604089683581351,adam,True,,onehot
absolute,42,4,mish,0.1,True,0.0019381197768631414,0.06793804522486405,0.030086971477542475,adam,True,,onehot
absolute,39,4,mish,0.1,True,0.03662958313587135,0.050399409768979234,0.006357715211101656,adam,True,,onehot
absolute,41,4,mish,0.1,True,0.04172601063234544,0.048636042436267686,0.008088003424519865,adam,True,,onehot
absolute,41,4,mish,0.1,True,0.04299687827503335,0.0544572966866025,0.0153421061039402,adam,True,,onehot
absolute,43,4,mish,0.1,True,0.0499634487069896,0.05059245854323293,0.012016898854143905,adam,True,,onehot
absolute,38,4,mish,0.1,True,0.03979401840849872,0.05167809184437737,0.017584057333239686,adam,True,,onehot
absolute,42,4,mish,0.1,True,0.04415241211587986,0.0553093914574181,0.00895537421770585,adam,True,,onehot
absolute,40,4,mish,0.1,True,0.033564624185187776,0.05798499224077861,0.014755069702548659,adam,True,,onehot
absolute,37,5,mish,0.1,True,0.03999453464342705,0.05406287732333418,0.012942740869919823,adam,True,,onehot
absolute,41,4,mish,0.1,True,0.04644205703125842,0.05257462676892098,0.008074096097812178,adam,True,,onehot
absolute,39,4,mish,0.1,True,0.03581283530682218,0.05624588547134287,0.0215751088827716,adam,True,,onehot
absolute,45,4,leakyrelu,0.1,True,0.04189290068726911,0.06338676133423805,0.012292318472611157,adam,True,,onehot
absolute,38,5,mish,0.0,True,0.007299209171705333,0.06231207208148781,0.03008703139193474,adam,True,,onehot
absolute,29,4,mish,0.1,True,0.04585522682801984,0.05115439518647421,0.013690965671724023,adam,True,,onehot
absolute,36,4,mish,0.1,True,0.02924308555777402,0.05890395085183561,0.026548817580849992,adam,True,,onehot
absolute,39,4,mish,0.1,True,0.04343492890909146,0.054639374532573726,0.016874975110716915,adam,True,,onehot
absolute,40,4,mish,0.1,True,0.03849412337165293,0.052609639846889336,0.01659146872127121,adam,True,,onehot
absolute,37,4,mish,0.1,True,0.046482350988309606,0.0530910263617532,0.019021286671243424,adam,True,,onehot
absolute,38,4,mish,0.1,True,0.049853566944742606,0.05857391046852739,0.01385198449970421,adam,True,,onehot
absolute,41,4,mish,0.1,True,0.04077307889424064,0.05326270379446008,0.00777213233246972,adam,True,,onehot
absolute,40,4,gelu,0.1,True,0.036278530795489934,0.05647331369135801,0.01789520220477601,adam,True,,onehot
absolute,47,5,mish,0.1,True,0.043205332266745035,0.05359328994628313,0.008458565869026527,adam,True,,onehot
absolute,39,4,mish,0.1,True,0.004067322113330171,0.06182418483902874,0.02279471419917079,adam,True,,onehot
absolute,42,4,swish,0.2,True,0.032303239735336595,0.05307063815295175,0.012368740250907343,adam,True,,onehot
absolute,38,3,mish,0.1,True,0.038560696614651474,0.050366786700119966,0.02119920367219091,adam,True,,onehot
absolute,38,4,mish,0.1,True,0.04981561146393625,0.05192933083701175,0.008941454242133542,adam,True,,onehot
absolute,36,4,mish,0.1,True,0.0464925621835011,0.05640998742065776,0.01463907753468907,adam,True,,onehot
absolute,39,4,mish,0.1,True,0.043836420360280334,0.06236123666876293,0.03106476812076788,adam,True,,onehot
absolute,37,4,mish,0.1,True,0.04677778098535357,0.04902617377161127,0.011703855074862749,adam,True,,onehot
absolute,37,4,mish,0.1,True,0.041445762594788285,0.056807035982632974,0.013578952903836464,adam,True,,onehot
absolute,40,4,mish,0.1,True,0.04594358626604112,0.05430172961870768,0.011832892769131605,adam,True,,onehot
absolute,37,5,leakyrelu,0.1,True,0.03802400023912475,0.04911905554586174,0.0026822946130473,adam,True,,onehot
absolute,35,5,leakyrelu,0.1,True,0.03723692485901362,0.05476755092480834,0.010576546842047988,adam,True,,onehot
absolute,36,5,leakyrelu,0.1,True,0.03436569883308371,0.05501256265069797,0.003889412962335269,adam,True,,onehot
absolute,37,5,leakyrelu,0.1,True,0.039626425452409283,0.05289556335035346,0.00854440756142478,adam,True,,onehot
absolute,37,5,leakyrelu,0.1,True,0.04301952264442497,0.057320385359165435,0.006957281133026664,adam,True,,onehot
absolute,38,5,leakyrelu,0.1,True,0.04675597119078692,0.06680171093715978,0.01823647946613487,adam,True,,onehot
absolute,39,4,mish,0.1,True,0.040902571085795744,0.053648620970750405,0.014277733198611297,adam,True,,onehot
absolute,41,4,mish,0.1,True,0.03769516958489842,0.05120817895426054,0.00944028692263437,adam,True,,onehot
absolute,36,5,mish,0.1,True,0.04343913235401218,0.05570704343140776,0.010377004716269123,adam,True,,onehot
absolute,37,4,mish,0.1,True,0.015527924350272778,0.06257906455691138,0.027499683722314268,adam,True,,onehot
absolute,38,4,mish,0.1,True,0.04655886059558016,0.05244425658943226,0.00934505958157383,adam,True,,onehot
absolute,39,4,mish,0.1,True,0.03555120809343506,0.05811226960026236,0.019757895385218324,adam,True,,onehot
absolute,40,5,mish,0.1,True,0.039988544961806,0.05321075519594522,0.009380398266173021,adam,True,,onehot
absolute,41,4,leakyrelu,0.1,True,0.032329206776418866,0.053881976803083306,0.008824711794752471,adam,True,,onehot
absolute,38,4,mish,0.1,True,0.04828100010595443,0.05360718522489665,0.01633078233362052,adam,True,,onehot
absolute,38,4,mish,0.1,True,0.04844941388020458,0.05152809426671956,0.012488973673100177,adam,True,,onehot
absolute,37,4,mish,0.1,True,0.04352573673028143,0.049782529925721165,0.013709012035681771,adam,True,,onehot
absolute,36,4,mish,0.1,True,0.04357999230347862,0.055885153942128514,0.01597974956577366,adam,True,,onehot
absolute,46,4,mish,0.1,True,0.04431903505026352,0.058705778272563985,0.011805802163897313,adam,True,,onehot
absolute,37,4,mish,0.1,True,0.040452394188281775,0.06196524705517155,0.020559930663297886,adam,True,,onehot
absolute,49,4,mish,0.0,True,0.03689017509480698,0.05255337436527417,0.018233069465855758,adam,True,,onehot
absolute,43,4,mish,0.1,True,0.04210173252843469,0.0527836520685251,0.014624240469781048,adam,True,,onehot
absolute,37,5,mish,0.1,True,0.049634094129828006,0.05851456384482383,0.010889358172107658,adam,True,,onehot
absolute,35,4,mish,0.1,True,0.03879015005834618,0.05513471923772677,0.026910491048015826,adam,True,,onehot
absolute,39,4,mish,0.1,True,0.045819688416613887,0.05855511052614265,0.01237661634410402,adam,True,,onehot
absolute,38,4,mish,0.1,True,0.04977499717479504,0.05029031099143401,0.009182182709609335,adam,True,,onehot
absolute,37,4,mish,0.1,True,0.04477570290356235,0.05207574128884311,0.010072721548033226,adam,True,,onehot
absolute,38,4,mish,0.1,True,0.04197392167353259,0.05520960496608402,0.011696276103165568,adam,True,,onehot
absolute,36,4,mish,0.1,True,0.049965417697793744,0.05287493985530646,0.009457931467328793,adam,True,,onehot
absolute,40,4,mish,0.2,True,0.0454834109940069,0.061095210436309375,0.011083109548772958,adam,True,,onehot
absolute,39,4,mish,0.1,True,0.040118774561916176,0.053484753241250085,0.010233920724411429,adam,True,,onehot
absolute,38,5,mish,0.1,True,0.04557775731689742,0.05284520608614742,0.015285514512630397,adam,True,,onehot
absolute,37,4,gelu,0.1,True,0.033892208041891955,0.053873358025123885,0.018661092712910318,adam,True,,onehot
absolute,42,3,swish,0.1,True,0.03727523386133343,0.054865925721204085,0.013573204479141059,adam,True,,onehot
absolute,38,4,mish,0.1,True,0.04938537675035402,0.061742672104520474,0.006526616555470779,adam,True,,onehot
absolute,39,4,mish,0.1,True,0.04630801027947912,0.05536656558778254,0.012869169307720177,adam,True,,onehot
absolute,37,4,mish,0.1,True,0.04972410719517482,0.05436706142796612,0.012732430986422736,adam,True,,onehot
absolute,38,4,mish,0.1,True,0.04355292824080425,0.05750326926374553,0.013729553981782577,adam,True,,onehot
absolute,39,4,mish,0.1,True,0.041979107892067824,0.056397670311271526,0.013775284958572649,adam,True,,onehot
absolute,40,4,mish,0.1,True,0.0093224690123955,0.06271425952048951,0.030024021008034463,adam,True,,onehot
absolute,37,4,leakyrelu,0.1,True,0.04664678703672994,0.05284913340121193,0.008261885010416052,adam,True,,onehot
absolute,36,4,mish,0.1,True,0.039632169817661295,0.05239999981988398,0.0167274043785044,adam,True,,onehot
absolute,41,5,mish,0.1,True,0.04957186794747817,0.060883819743605065,0.007856718819885235,adam,True,,onehot
absolute,38,4,mish,0.1,True,0.04393233308073155,0.05020412411752826,0.013439620956167051,adam,True,,onehot
absolute,39,4,mish,0.1,True,0.04284121006160154,0.05646069586027465,0.013589580860217993,adam,True,,onehot
absolute,40,4,mish,0.1,True,0.035627470970885984,0.05491219320315166,0.014475656442448153,adam,True,,onehot
absolute,47,5,mish,0.1,True,0.03844730072271342,0.05535907260792992,0.010796187668318559,adam,True,,onehot
absolute,36,4,mish,0.1,True,0.041907275065150185,0.05204866251652455,0.015158442118770226,adam,True,,onehot
absolute,38,4,mish,0.1,True,0.04550963255866915,0.05175971461474853,0.011810965888878623,adam,True,,onehot
absolute,41,4,leakyrelu,0.1,True,0.039503607947127616,0.054694140235170434,0.014118434618156088,adam,True,,onehot
absolute,39,5,mish,0.1,True,0.03469201144090705,0.057054709021910836,0.013485627339111515,adam,True,,onehot
absolute,37,4,mish,0.1,True,0.04370368691679208,0.06382886589559912,0.023579135128704173,adam,True,,onehot
absolute,38,4,mish,0.0,True,0.030117510943954106,0.06194404440118308,0.02566687417621143,adam,True,,onehot
absolute,40,4,mish,0.1,True,0.041406159573749775,0.05434794366297778,0.017064534804677782,adam,True,,onehot
absolute,37,5,mish,0.1,True,0.037532394344523566,0.05644601604096959,0.01298035442766906,adam,True,,onehot
absolute,42,4,mish,0.1,True,0.04577738953750474,0.05070156020076114,0.007549032863715475,adam,True,,onehot
absolute,36,4,leakyrelu,0.2,True,0.04349279897254363,0.05261410752508289,0.005650421146374375,adam,True,,onehot
absolute,39,4,mish,0.1,True,0.03319147088582555,0.05364784084040871,0.01479972092906306,adam,True,,onehot
absolute,38,5,mish,0.1,True,0.03963185139901314,0.05705872487306465,0.016120495188848314,adam,True,,onehot
absolute,48,4,gelu,0.1,True,0.0054628969623329296,0.05965556005154584,0.02024350324466382,adam,True,,onehot
absolute,40,3,mish,0.1,True,0.04620337132136902,0.05501155245728321,0.01880762292085748,adam,True,,onehot
absolute,43,4,mish,0.1,True,0.03583011411651002,0.05531791556487405,0.019690334384087092,adam,True,,onehot
absolute,35,4,mish,0.1,True,0.003224299327720097,0.07215729660501788,0.023740519236648442,adam,True,,onehot
absolute,41,4,mish,0.1,True,0.04116341990237358,0.054343335250492834,0.008871024303992444,adam,True,,onehot
absolute,38,5,mish,0.1,True,0.04678225004099617,0.05689879401143692,0.008834342632643561,adam,True,,onehot
absolute,37,4,mish,0.1,True,0.038399392267655895,0.04928571483223075,0.00380041198693913,adam,True,,onehot
absolute,36,4,swish,0.1,True,0.038381746083102304,0.05832132633009366,0.017259050210814673,adam,True,,onehot
absolute,37,4,leakyrelu,0.1,True,0.032563285652477764,0.062172519285804174,0.018354764152102732,adam,True,,onehot
absolute,36,5,mish,0.1,True,0.04126364456813916,0.052388058847240966,0.008673818143159076,adam,True,,onehot
absolute,35,4,mish,0.1,True,0.036134462191114936,0.05279716565911907,0.010601179974313684,adam,True,,onehot
absolute,37,4,mish,0.1,True,0.03801741775675909,0.04662493562661093,0.013815397671608763,adam,True,,onehot
absolute,37,4,mish,0.1,True,0.031766007430975504,0.051517236491443706,0.013503094267097344,adam,True,,onehot
absolute,37,4,mish,0.1,True,0.035234683066260465,0.05532566474554946,0.015124960042592716,adam,True,,onehot
absolute,41,5,mish,0.0,True,0.037908611393369984,0.05535807038161995,0.012662898933962384,adam,True,,onehot
absolute,39,4,mish,0.1,True,0.03827738797730841,0.05096654522334498,0.014310423907150831,adam,True,,onehot
absolute,36,4,mish,0.1,True,0.028376573141916057,0.05732422144303406,0.022807258681891908,adam,True,,onehot
absolute,40,4,leakyrelu,0.1,True,0.03473902998902477,0.05371544806174483,0.013549469902899578,adam,True,,onehot
absolute,42,5,mish,0.1,True,0.041095255450479394,0.06141997510638825,0.010130392259002892,adam,True,,onehot
absolute,34,4,mish,0.1,True,0.03746225323340286,0.05348538606930172,0.012949251800603393,adam,True,,onehot
absolute,45,4,mish,0.2,True,0.04321202419331414,0.06191337354929394,0.0092595827895751,adam,True,,onehot
absolute,37,4,mish,0.1,True,0.03947951946311548,0.05722888013261044,0.02122972974414464,adam,True,,onehot
absolute,39,3,mish,0.1,True,0.032073556019237545,0.05371392628428863,0.019760089457476523,adam,True,,onehot
absolute,37,4,mish,0.1,True,0.04436847118767505,0.05380857959973575,0.013812169615120565,adam,True,,onehot
absolute,35,5,mish,0.1,True,0.04669725573103352,0.056723980281209015,0.005831176018177531,adam,True,,onehot
absolute,41,4,gelu,0.1,True,0.03486166820782854,0.06133326193777309,0.013825268326019937,adam,True,,onehot
absolute,40,4,leakyrelu,0.1,True,0.04118178744366575,0.05280539939525507,0.011708046482616656,adam,True,,onehot
absolute,36,4,mish,0.1,True,0.04999263177539733,0.05721855783367327,0.016667194326563585,adam,True,,onehot
absolute,38,5,swish,0.1,True,0.03742839387394882,0.05002275149388888,0.01012709830857212,adam,True,,onehot
absolute,38,4,mish,0.1,True,0.043772278286277375,0.05681715909756518,0.017523200306380497,adam,True,,onehot
absolute,42,4,mish,0.1,True,0.01695877399247208,0.05500227778178007,0.01656466391890606,adam,True,,onehot
absolute,39,4,mish,0.1,True,0.030352029160784805,0.04932656239138829,0.017942348860420843,adam,True,,onehot
absolute,44,4,mish,0.1,True,0.029662327613578093,0.05888662057376106,0.0222033590799019,adam,True,,onehot
absolute,37,5,mish,0.1,True,0.03255342004442924,0.05158521889643825,0.010303137936860171,adam,True,,onehot
absolute,36,4,mish,0.1,True,0.027972625209278592,0.057368366386454386,0.02096508143335909,adamw,True,,onehot
absolute,39,4,mish,0.1,True,0.02650735045511983,0.05373097837717117,0.01826995319139785,adamw,True,,onehot
absolute,46,4,mish,0.1,True,0.02043084300277453,0.058896673568406235,0.023988734989684967,adamw,True,,onehot
absolute,40,4,leakyrelu,0.0,True,0.031042960960701887,0.06988352030893545,0.02713335659776937,adamw,True,,onehot
absolute,37,5,mish,0.1,True,0.035536686571705334,0.05258446288600847,0.009874127596782757,adamw,True,,onehot
absolute,63,4,mish,0.1,True,0.012134157766294021,0.05741985210168861,0.02331967335910931,adamw,True,,onehot
absolute,39,4,mish,0.1,True,0.03340984007373456,0.051800136519632944,0.01091430535832851,adamw,True,,onehot
absolute,43,4,mish,0.1,True,0.0013694217357864346,0.07081616657456072,0.020858204226713,adamw,True,,onehot
absolute,38,5,mish,0.2,True,0.03969486730225637,0.0678373874727597,0.012091187821903448,adamw,True,,onehot
absolute,41,4,mish,0.1,True,0.0368391401856238,0.057701790110789776,0.02227216085932724,adamw,True,,onehot
absolute,38,4,mish,0.1,True,0.0411072467479328,0.048286633097479464,0.007408645870043818,adamw,True,,onehot
absolute,39,4,mish,0.1,True,0.041465808129681515,0.055888369037293134,0.012711472460704159,adamw,True,,onehot
absolute,38,4,leakyrelu,0.1,True,0.04662903291793554,0.06006813645106435,0.009471589369258184,adamw,True,,onehot
absolute,38,4,mish,0.1,True,0.04177103805639795,0.06002315574426233,0.020391715024312373,adamw,True,,onehot
absolute,37,4,mish,0.1,True,0.04620207643033927,0.049973732000721006,0.010025719803111696,adamw,True,,onehot
absolute,40,4,mish,0.1,True,0.039656278640325116,0.05801208709365072,0.01888632437259337,adamw,True,,onehot
absolute,36,4,gelu,0.1,True,0.03838905012318144,0.05191530346676726,0.010426107007085595,adamw,True,,onehot
absolute,37,4,mish,0.1,True,0.04987362685582212,0.05090960049646572,0.006994680333439185,adamw,True,,onehot
absolute,39,3,mish,0.1,True,0.04387180124672917,0.054945218057802746,0.01851822797448904,adamw,True,,onehot
absolute,38,4,swish,0.1,True,0.04241109443924613,0.0658455280168975,0.02718859064003254,adamw,True,,onehot
absolute,35,4,mish,0.1,True,0.03529412962779052,0.051796117624512604,0.013617540478890702,adamw,True,,onehot
absolute,40,4,mish,0.1,True,0.045884532790527725,0.052155092547987884,0.014082995003185257,adamw,True,,onehot
absolute,37,4,leakyrelu,0.1,True,0.03860211733222469,0.06061571602956205,0.014548682762127485,adamw,True,,onehot
absolute,36,4,mish,0.1,True,0.042890503355672335,0.05721816630340755,0.01846640288802044,adamw,True,,onehot
absolute,41,4,mish,0.1,True,0.04064275460552071,0.05758578167951218,0.01909116106385957,adamw,True,,onehot
absolute,42,4,mish,0.1,True,0.046324677464412926,0.0514841680736267,0.007696332940869384,adamw,True,,onehot
absolute,38,4,mish,0.0,True,0.049874262524990574,0.055068056730862125,0.010527928853231758,adamw,True,,onehot
absolute,39,4,mish,0.1,True,0.036408459456149816,0.05378618734856724,0.013398295662828113,adamw,True,,onehot
absolute,37,4,mish,0.1,True,0.0066259408310968045,0.0610187284751121,0.025728305728524463,adamw,True,,onehot
absolute,40,4,mish,0.1,True,0.04367865014717432,0.05449847417151482,0.01616744448256044,adamw,True,,onehot
absolute,31,4,mish,0.1,True,0.03885278197445237,0.05690074261762895,0.014451090858710762,adamw,True,,onehot
absolute,38,4,leakyrelu,0.1,True,0.033608957221509604,0.05146734625657592,0.017054193386755963,adamw,True,,onehot
absolute,36,4,mish,0.2,True,0.04606318832670429,0.05867383838107016,0.00880958481598231,adamw,True,,onehot
absolute,39,4,mish,0.1,True,0.0020381555484038,0.06552594296503378,0.019705287093182262,adamw,True,,onehot
absolute,35,4,mish,0.1,True,0.04118836724207371,0.0513323095574344,0.013450278507160922,adamw,True,,onehot
absolute,41,4,mish,0.1,True,0.023158655735221183,0.05265554440213347,0.018140318941180445,adamw,True,,onehot
absolute,37,3,mish,0.1,True,0.037014311089033435,0.05845081479230368,0.02710753379824657,adamw,True,,onehot
absolute,38,4,mish,0.1,True,0.0498579890913988,0.05552266798957667,0.005518093615504851,adamw,True,,onehot
absolute,40,4,mish,0.1,True,0.043773680322808935,0.05522847649812028,0.015562884030124537,adamw,True,,onehot
absolute,42,4,mish,0.1,True,0.034316683558122014,0.053924752464740745,0.013514384781117696,adamw,True,,onehot
absolute,39,4,leakyrelu,0.1,True,0.03992930982549507,0.05205139647691165,0.0066916138340576145,adamw,True,,onehot
absolute,36,4,gelu,0.1,True,0.04616124251409498,0.049626082871080716,0.002581734995992541,adamw,True,,onehot
absolute,36,5,gelu,0.1,True,0.04624954049455103,0.05365212846149652,0.01404704575101804,adamw,True,,onehot
absolute,37,4,gelu,0.1,True,0.04767553272915538,0.05376282045859308,0.012275971255245141,adamw,True,,onehot
absolute,41,4,gelu,0.1,True,0.030805922386124857,0.0583227880338229,0.019401000177036658,adamw,True,,onehot
absolute,33,4,gelu,0.1,True,0.04059633766809773,0.053580020682760576,0.0123808400992797,adamw,True,,onehot
absolute,43,4,gelu,0.1,True,0.04998074977450062,0.05223079904499599,0.006314076902271971,adamw,True,,onehot
absolute,36,5,gelu,0.1,True,0.0366708255188003,0.056964591488705314,0.015460998622774832,adamw,True,,onehot
absolute,35,4,swish,0.1,True,0.04320208524419378,0.04565244078555185,0.009319350371578956,adamw,True,,onehot
absolute,34,4,swish,0.0,True,0.03815029153000656,0.06170317271087372,0.017700472122005845,adamw,True,,onehot
absolute,35,4,swish,0.1,True,0.04279551606687487,0.04791822240478244,0.008403823786205071,adamw,True,,onehot
absolute,34,4,swish,0.1,True,0.04321246729711513,0.0544167608514536,0.012687225126921229,adamw,True,,onehot
absolute,35,4,swish,0.1,True,0.04340825425877457,0.06226756798425857,0.022713797966961827,adamw,True,,onehot
absolute,34,4,swish,0.1,True,0.04659705900361994,0.05688116566843762,0.015105945053833125,adamw,True,,onehot
absolute,35,4,swish,0.2,True,0.04071582373337264,0.0601458899378332,0.012732794246830426,adamw,True,,onehot
absolute,33,4,swish,0.1,True,0.04310624367573215,0.0549756024776625,0.018695121279343467,adamw,True,,onehot
absolute,36,4,swish,0.1,True,0.046933991328020425,0.05491056686762337,0.010261895975697514,adamw,True,,onehot
absolute,35,4,swish,0.1,True,0.03918553895069878,0.0537317869058639,0.016818917952706142,adamw,True,,onehot
absolute,36,4,swish,0.1,True,0.014228290246786441,0.05997447424103765,0.02413790056042719,adamw,True,,onehot
absolute,34,4,swish,0.1,True,0.034301185410276866,0.06076827181982501,0.02068821072344081,adamw,True,,onehot
absolute,35,4,swish,0.1,True,0.042276549131142406,0.04790969167633728,0.005355931992783532,adamw,True,,onehot
absolute,35,4,swish,0.1,True,0.03602559231715021,0.04946774885691187,0.01581368672307847,adamw,True,,onehot
absolute,35,4,swish,0.1,True,0.037083304245058235,0.0593418085038724,0.02316024114157893,adamw,True,,onehot
absolute,34,4,swish,0.1,True,0.039758703516100224,0.0538066669756832,0.0075091428092528036,adamw,True,,onehot
absolute,35,4,swish,0.1,True,0.04137453811041462,0.05702852410411088,0.015941510119634326,adamw,True,,onehot
absolute,32,4,swish,0.1,True,0.03592284899278063,0.05586458910777788,0.02089494306460962,adamw,True,,onehot
absolute,33,4,swish,0.1,True,0.04323188684351981,0.052834144203795806,0.009954880550726762,adamw,True,,onehot
absolute,34,4,swish,0.1,True,0.03829398244731843,0.05227551380555588,0.015801616569323888,adamw,True,,onehot
absolute,35,4,swish,0.1,True,0.04215775271376685,0.048532814861586206,0.0112644114793818,adamw,True,,onehot
absolute,35,4,swish,0.1,True,0.04994704480689623,0.058503403634097326,0.008833627688755645,adamw,True,,onehot
absolute,36,4,swish,0.1,True,0.04211540705278756,0.05449959635884248,0.015366277514705932,adamw,True,,onehot
absolute,37,4,swish,0.1,True,0.04458582805193701,0.05993175515477257,0.019662545263321025,adamw,True,,onehot
absolute,35,3,swish,0.1,True,0.041197687901677764,0.0588867994301975,0.01985186153174738,adamw,True,,onehot
absolute,38,4,swish,0.0,True,0.008198873190428956,0.05844272986621458,0.02074313504243008,adamw,True,,onehot
absolute,36,4,swish,0.1,True,0.004422685306165785,0.06553627166746268,0.0276731306505248,adamw,True,,onehot
absolute,37,4,leakyrelu,0.1,True,0.0459422403298883,0.05492874912711273,0.007071079039159581,adamw,True,,onehot
absolute,38,4,swish,0.1,True,0.04409518453706804,0.05153578899390414,0.014879907603288462,adamw,True,,onehot
absolute,39,4,swish,0.2,True,0.03955213825716385,0.06060247189075405,0.01782807499852757,adamw,True,,onehot
absolute,34,4,leakyrelu,0.1,True,0.04668563907095403,0.053797842788943465,0.00911792414686841,adamw,True,,onehot
absolute,37,4,swish,0.1,True,0.0412728150501844,0.046689221893762005,0.007607888193411025,adamw,True,,onehot
absolute,36,4,swish,0.1,True,0.03835118843911902,0.05410877724294797,0.015462306068524237,adamw,True,,onehot
absolute,37,4,swish,0.1,True,0.040634673968169686,0.049516281749112635,0.01612374238565911,adamw,True,,onehot
absolute,37,4,swish,0.1,True,0.033231803589873515,0.05970847496478264,0.028584036603053226,adamw,True,,onehot
absolute,35,4,swish,0.1,True,0.036697995282737,0.050207620981248834,0.015081961772309785,adamw,True,,onehot
absolute,37,4,swish,0.1,True,0.042169100336122665,0.055747474783928185,0.01992826278844706,adamw,True,,onehot
absolute,36,4,swish,0.1,True,0.04031370358798738,0.05011667926910642,0.00747106568821783,adamw,True,,onehot
absolute,59,4,swish,0.1,True,0.0436519418739885,0.05331353813720308,0.012743622372147509,adamw,True,,onehot
absolute,38,4,leakyrelu,0.1,True,0.03713692634613238,0.054473518885146135,0.004389626678101792,adamw,True,,onehot
absolute,36,4,swish,0.1,True,0.043878260676799966,0.05618456948186203,0.011925085056440634,adamw,True,,onehot
absolute,33,4,leakyrelu,0.1,True,0.03470594837447672,0.051040856975655455,0.01139680031388453,adamw,True,,onehot
absolute,37,4,swish,0.1,True,0.03933785979781603,0.056921405921551226,0.01724511910251762,adamw,True,,onehot
absolute,38,3,swish,0.1,True,0.04680146574276736,0.05489523752290761,0.017791449800382546,adamw,True,,onehot
absolute,36,4,mish,0.1,True,0.04128322523517156,0.05580733217140702,0.01685383793757721,adamw,True,,onehot
absolute,35,4,mish,0.1,True,0.0378985353364479,0.05081017379196695,0.008626320507549735,adamw,True,,onehot
absolute,39,4,leakyrelu,0.1,True,0.04409818878182471,0.056120883019326016,0.006093574446054886,adamw,True,,onehot
absolute,37,4,mish,0.1,True,0.032416801029599734,0.04888120443291037,0.012368123208633536,adamw,True,,onehot
absolute,37,4,mish,0.0,True,0.034166605399258726,0.04533504294326253,0.00787500172144323,adamw,True,,onehot
absolute,36,4,swish,0.0,True,0.032511463361718264,0.05789589653753027,0.0274001113586213,adamw,True,,onehot
absolute,37,4,mish,0.0,True,0.03443313924783925,0.05099535285603786,0.01671339198709369,adamw,True,,onehot
absolute,35,4,mish,0.0,True,0.04973720908732918,0.05483404767900149,0.016156675033127985,adamw,True,,onehot
absolute,37,4,mish,0.0,True,0.04636626056009358,0.04372388655614118,0.004561277869318702,adamw,True,,onehot
absolute,38,4,mish,0.0,True,0.04467385243537563,0.05341086256983209,0.013046761798532392,adamw,True,,onehot
absolute,34,4,mish,0.0,True,0.04637782402409872,0.06827622573385346,0.021409020592560026,adamw,True,,onehot
absolute,36,4,mish,0.0,True,0.046734603242813234,0.055489243501679095,0.01515340670117071,adamw,True,,onehot
absolute,37,4,mish,0.2,True,0.04235998987468261,0.05640705594922964,0.011193747152198518,adamw,True,,onehot
absolute,38,4,mish,0.0,True,0.04787678428411539,0.055413228344280405,0.01256129948947569,adamw,True,,onehot
absolute,36,4,mish,0.0,True,0.04986516519474173,0.051464917110446914,0.007674830512502542,adamw,True,,onehot
absolute,37,4,mish,0.0,True,0.04193134753773429,0.0589185495880317,0.01495632539983004,adamw,True,,onehot
absolute,35,4,mish,0.0,True,0.04352221199020704,0.05954505534204015,0.023675606071064104,adamw,True,,onehot
absolute,36,4,mish,0.0,True,0.04048567338105417,0.053679526819809656,0.01695092823136655,adamw,True,,onehot
absolute,38,4,swish,0.0,True,0.04624297890810079,0.059991227325756666,0.018334735614042003,adamw,True,,onehot
absolute,37,4,mish,0.0,True,0.03623580671600938,0.05837585758685785,0.02117172023959611,adamw,True,,onehot
absolute,38,4,mish,0.0,True,0.040563581145053096,0.06351225691585358,0.022051016703303363,adamw,True,,onehot
absolute,36,4,mish,0.0,True,0.04993458598265105,0.053090718862130994,0.012613201290424527,adamw,True,,onehot
absolute,35,4,mish,0.0,True,0.04403517249468139,0.05191606109106547,0.013437272997075587,adamw,True,,onehot
absolute,37,4,swish,0.1,True,0.03180804937398996,0.05991318716275186,0.02671272535425584,adamw,True,,onehot
absolute,40,4,mish,0.1,True,0.03880083254133915,0.05622292694397653,0.012800491812428582,adamw,True,,onehot
absolute,39,4,mish,0.1,True,0.04564645970917343,0.05335516583704625,0.01765498024055816,adamw,True,,onehot
absolute,38,4,mish,0.1,True,0.0412209894406796,0.04869509219273336,0.012296680707434832,adamw,True,,onehot
absolute,32,3,mish,0.1,True,0.03479498101267678,0.05654891248270277,0.02012507819319741,adamw,True,,onehot
absolute,39,4,mish,0.1,True,0.036563882314923565,0.05338923082416277,0.01445390657501571,adamw,True,,onehot
absolute,38,4,mish,0.1,True,0.029719471284882493,0.05779146475050869,0.020673399690327048,adamw,True,,onehot
absolute,28,4,mish,0.1,True,0.0026671944735157864,0.07343010925904354,0.03387336879082794,adamw,True,,onehot
absolute,38,4,mish,0.2,True,0.04043408262367426,0.05296728547565978,0.009536513956407595,adamw,True,,onehot
absolute,39,4,mish,0.1,True,0.038082017276339225,0.05414798352474789,0.010702305940834432,adamw,True,,onehot
absolute,34,4,mish,0.0,True,0.041903181313227116,0.05113972902005487,0.014708704236497902,adamw,True,,onehot
absolute,40,4,swish,0.1,True,0.034364907724079484,0.05197080477088188,0.01451590488127114,adamw,True,,onehot
absolute,38,4,mish,0.1,True,0.041361282073018056,0.05287114181797551,0.011947837446790288,adamw,True,,onehot
absolute,37,4,mish,0.1,True,0.03829020176100826,0.05804491205460805,0.023056915768730604,adamw,True,,onehot
absolute,36,4,mish,0.1,True,0.044538625253149784,0.053408201957977054,0.010156913328309718,adamw,True,,onehot
absolute,35,4,mish,0.1,True,0.03591369567402514,0.050452558367327205,0.011787201998124108,adamw,True,,onehot
absolute,38,4,swish,0.1,True,0.04232793139489757,0.053631724795372517,0.013890563381296885,adamw,True,,onehot
absolute,40,4,mish,0.1,True,0.033317976613160605,0.054449436884129024,0.014575682851774775,adamw,True,,onehot
absolute,37,4,mish,0.1,True,0.0391128065168212,0.057939067034298526,0.009359996649193186,adamw,True,,onehot
absolute,51,4,mish,0.1,True,0.04432215239249851,0.05387911746970515,0.016144534889902626,adamw,True,,onehot
absolute,39,4,swish,0.0,True,0.040319169219696624,0.05993137716839879,0.02409562805327352,adamw,True,,onehot
absolute,36,4,mish,0.1,True,0.0466012586491067,0.0568141328167243,0.019132907752865105,adamw,True,,onehot
absolute,34,4,mish,0.1,True,0.036442387582134736,0.05563763527049383,0.017503181387752174,adamw,True,,onehot
absolute,37,4,mish,0.1,True,0.042288330705256866,0.051566221591412366,0.011112848107900824,adamw,True,,onehot
absolute,39,4,swish,0.1,True,0.03185540032401839,0.05021018001189957,0.012531112866369749,adamw,True,,onehot
absolute,35,4,mish,0.1,True,0.03874064615162002,0.05132960751322535,0.007961591468812116,adamw,True,,onehot
absolute,38,3,mish,0.1,True,0.045860268374546834,0.05872203787782496,0.01746193718577889,adamw,True,,onehot
absolute,37,4,mish,0.1,True,0.042146529298767166,0.05325031830880643,0.009964453293747151,adamw,True,,onehot
absolute,36,4,mish,0.1,True,0.02643000525096015,0.05158212125017676,0.013763591085657991,adamw,True,,onehot
absolute,41,4,swish,0.0,True,0.035166146901216284,0.05211855292907649,0.02511182292135401,adamw,True,,onehot
absolute,37,4,mish,0.1,True,0.0465248728542332,0.053975587884397234,0.010446174779384157,adamw,True,,onehot
absolute,38,4,mish,0.1,True,0.03826184448299523,0.05091879189927977,0.01459155698296218,adamw,True,,onehot
absolute,40,4,mish,0.2,True,0.003694532196913782,0.05520355482763982,0.017922729110361104,adamw,True,,onehot
absolute,36,4,swish,0.1,True,0.044217497052832455,0.05478991523995104,0.016873146323830246,adamw,True,,onehot
absolute,35,4,mish,0.1,True,0.04119943436485481,0.05111988923140757,0.014677627965492034,adamw,True,,onehot
absolute,44,4,mish,0.1,True,0.010751141123997004,0.05337604617336317,0.01712095783637391,adamw,True,,onehot
absolute,39,4,mish,0.1,True,0.04982349707675365,0.054377173549655385,0.006700427299251949,adamw,True,,onehot
absolute,37,4,swish,0.1,True,0.03661464094356343,0.05550790020958644,0.00820187423484979,adamw,True,,onehot
absolute,38,4,mish,0.0,True,0.04384513709248685,0.052747983792709306,0.01440935820177093,adamw,True,,onehot
absolute,33,4,mish,0.1,True,0.03936785899775358,0.049774277345120715,0.015791041811542568,adamw,True,,onehot
absolute,40,4,mish,0.1,True,0.03369655568373432,0.05866971483253342,0.018167157500198386,adamw,True,,onehot
absolute,36,4,mish,0.1,True,0.028362079913685032,0.05853823348395325,0.022114392784413364,adamw,True,,onehot
absolute,38,4,swish,0.1,True,0.04663552486562071,0.05252670437280423,0.010446862605502429,adamw,True,,onehot
absolute,39,4,mish,0.1,True,0.04141832366080536,0.0464601066928813,0.006587808391297692,adamw,True,,onehot
absolute,39,4,mish,0.1,True,0.0189507498067454,0.05597857789619497,0.0235702785239568,adamw,True,,onehot
absolute,40,3,mish,0.1,True,0.03715429034313435,0.05448669790000682,0.01750732051344319,adamw,True,,onehot
absolute,39,4,mish,0.1,True,0.0318298218832361,0.05004062037589767,0.014311780196248238,adamw,True,,onehot
absolute,41,4,swish,0.0,True,0.03995426053551989,0.05780720651692368,0.008762322176476359,adamw,True,,onehot
absolute,40,4,mish,0.1,True,0.035304826055052516,0.060395128741905925,0.015492422788889671,adamw,True,,onehot
absolute,39,4,mish,0.1,True,0.03972099765585988,0.04648701464439214,0.0058315180123117115,adamw,True,,onehot
absolute,39,4,mish,0.1,True,0.03803306116681144,0.05004905477010883,0.012627919500518676,adamw,True,,onehot
absolute,38,4,mish,0.1,True,0.033862613573810665,0.058775436360659086,0.020888578691833318,adamw,True,,onehot
absolute,34,4,swish,0.1,True,0.030511132466646374,0.06185818624997382,0.022004487554834747,adamw,True,,onehot
absolute,38,4,mish,0.2,True,0.0406025769059488,0.05772588924823657,0.01746670257401061,adamw,True,,onehot
absolute,39,4,mish,0.1,True,0.03768520396926995,0.054014590357031864,0.017594652396683612,adamw,True,,onehot
absolute,38,4,mish,0.1,True,0.04157588185668018,0.045965890717550535,0.005759212494264209,adamw,True,,onehot
absolute,38,4,swish,0.1,True,0.04203857178103252,0.05274308733326934,0.013700133746726522,adamw,True,,onehot
absolute,39,4,mish,0.0,True,0.04191646479543408,0.04845703118362295,0.006839768597802514,adamw,True,,onehot
absolute,39,4,mish,0.0,True,0.0015288848036755845,0.06862466041128608,0.018974416025028928,adamw,True,,onehot
absolute,38,4,mish,0.0,True,0.042551449062413836,0.05716934341067551,0.015862557793334425,adamw,True,,onehot
absolute,39,4,mish,0.0,True,0.03983898318374768,0.057502523608240826,0.01136147295503666,adamw,True,,onehot
absolute,37,4,swish,0.0,True,0.04317711477480266,0.056303129691790674,0.01807002982707989,adamw,True,,onehot
absolute,44,4,mish,0.0,True,0.03964853751592432,0.06060078457746724,0.015058037181526991,adamw,True,,onehot
absolute,38,4,mish,0.0,True,0.013034802349478243,0.060354181662792834,0.030763275387279267,adamw,True,,onehot
absolute,37,4,mish,0.0,True,0.03590855093175816,0.05086787751454395,0.02454887419115585,adamw,True,,onehot
absolute,35,4,mish,0.0,True,0.001139055983702445,0.06189353107468652,0.016435942368440454,adamw,True,,onehot
absolute,38,4,swish,0.0,True,0.043637257380823136,0.055122133357292366,0.013308292662915305,adamw,True,,onehot
absolute,39,4,mish,0.0,True,0.04046143699766902,0.0509352349989446,0.01049421800864568,adamw,True,,onehot
absolute,35,4,mish,0.1,True,0.036950918879558384,0.05515316368058428,0.018424924555343863,adamw,True,,onehot
absolute,36,3,mish,0.1,True,0.04422857323244403,0.05495536335144946,0.013882161288327506,adamw,True,,onehot
absolute,38,4,swish,0.1,True,0.03963392568751504,0.061934114634305024,0.021897760229269533,adamw,True,,onehot
absolute,37,4,mish,0.0,True,0.0437850247607332,0.042647131014175735,0.004278167940058082,adamw,True,,onehot
absolute,37,4,mish,0.0,True,0.04368393169188897,0.05387856602959847,0.011464482884897424,adamw,True,,onehot
absolute,36,4,mish,0.0,True,0.04680921391544853,0.055882542850961135,0.01487735340638808,adamw,True,,onehot
absolute,33,4,mish,0.0,True,0.04662393554636012,0.057280955231556026,0.014979530289984468,adamw,True,,onehot
absolute,37,4,swish,0.0,True,0.041821585364997485,0.055184738530796966,0.009776747940147448,adamw,True,,onehot
absolute,34,4,mish,0.0,True,0.043803331384950524,0.05411242956430347,0.015014325371270053,adamw,True,,onehot
absolute,36,4,mish,0.0,True,0.04151494180959001,0.05328820274416906,0.012958673054164684,adamw,True,,onehot
absolute,37,4,mish,0.0,True,0.04744240901957879,0.056098332630270864,0.015029297254188528,adamw,True,,onehot
absolute,38,4,mish,0.0,True,0.038747848939687884,0.056377725626547276,0.016427458727406714,adamw,True,,onehot
absolute,37,4,swish,0.0,True,0.044348298462721966,0.0530064861023129,0.013459660698278924,adamw,True,,onehot
absolute,35,4,mish,0.0,True,0.041299749718663084,0.06062561049268826,0.014435274959709128,adamw,True,,onehot
absolute,36,4,mish,0.2,True,0.03824250237592093,0.05617285889911215,0.016265049485918733,adamw,True,,onehot
absolute,38,4,mish,0.0,True,0.04712879586944575,0.06417768209238378,0.017646791068106384,adamw,True,,onehot
absolute,37,4,swish,0.1,True,0.04257458060451018,0.06021040570816975,0.028463987575152217,adamw,True,,onehot
absolute,39,4,mish,0.1,True,0.036767817990816944,0.05555584955777819,0.0193713045386653,adamw,True,,onehot
absolute,36,4,mish,0.1,True,0.049710133159760674,0.05145131177746324,0.007794057294461166,adamw,True,,onehot
absolute,38,4,mish,0.1,True,0.04467582898834682,0.05381825634676078,0.00874214226812232,adamw,True,,onehot
absolute,35,4,swish,0.1,True,0.006479633323679093,0.06781747887416734,0.02641620356610353,adamw,True,,onehot
absolute,38,4,mish,0.0,True,0.039274497023706265,0.0545697758259178,0.01560303070528724,adamw,True,,onehot
absolute,39,4,mish,0.1,True,0.04101444297132043,0.05374945427578337,0.013730991646163824,adamw,True,,onehot
absolute,37,4,gelu,0.1,True,0.04509754670320882,0.05424422893144718,0.012762348990800408,adamw,True,,onehot
absolute,36,4,mish,0.1,True,0.03567916953020432,0.05207432863713442,0.02185114055552536,adamw,True,,onehot
absolute,37,4,mish,0.1,True,0.009160940468935782,0.06380903276306114,0.0221687668208002,adamw,True,,onehot
absolute,39,4,swish,0.1,True,0.04210328998742,0.05819694916939312,0.0166917313991447,adamw,True,,onehot
absolute,34,4,mish,0.0,True,0.046506617967769635,0.0601474446381397,0.02068934995268841,adamw,True,,onehot
absolute,53,4,mish,0.1,True,0.04033522476794325,0.053212880592524936,0.008798349438838003,adamw,True,,onehot
absolute,38,3,mish,0.1,True,0.0372954794701126,0.060995365237774025,0.025715333334699525,adamw,True,,onehot
absolute,36,4,swish,0.1,True,0.04414555907038452,0.04870987578161992,0.011225108205764743,adamw,True,,onehot
absolute,35,4,swish,0.1,True,0.03800090572113366,0.05536860958217109,0.01909908254726848,adamw,True,,onehot
absolute,50,4,swish,0.2,True,0.0429924118321416,0.05500635562843285,0.014145790442429163,adamw,True,,onehot
absolute,35,4,swish,0.1,True,0.03446898880910769,0.05439463188116757,0.01428371942761915,adamw,True,,onehot
absolute,36,4,swish,0.0,True,0.03979328543717122,0.060759525462271535,0.0234170459668273,adamw,True,,onehot
absolute,34,4,swish,0.1,True,0.04487351842049345,0.053480381873985364,0.00680746565867062,adamw,True,,onehot
absolute,36,4,swish,0.1,True,0.0497131646774805,0.06075706207634875,0.01834060728719893,adamw,True,,onehot
absolute,57,4,swish,0.1,True,0.04209978755407257,0.054342902545978775,0.008539023581179476,adamw,True,,onehot
absolute,35,4,swish,0.1,True,0.03621214647386725,0.059583290820798475,0.01904086508997405,adamw,True,,onehot
absolute,36,4,swish,0.0,True,0.038842684477018836,0.05931488491417205,0.015974794696533692,adamw,True,,onehot
absolute,37,4,swish,0.1,True,0.04542778023096036,0.05454229379534181,0.01218720914093866,adamw,True,,onehot
absolute,37,4,swish,0.1,True,0.04174994935370789,0.049218924808463606,0.013292471899873898,adamw,True,,onehot
absolute,36,4,swish,0.1,True,0.04989634096026134,0.057759220085729875,0.01686478914394571,adamw,True,,onehot
absolute,34,4,gelu,0.1,True,0.0020159782992123284,0.06621479009055649,0.02558762492962742,adamw,True,,onehot
absolute,36,4,mish,0.0,True,0.005060917470454297,0.06272229655918657,0.026589475630726063,adamw,True,,onehot
absolute,37,4,mish,0.1,True,0.034694763624325865,0.05406361378388888,0.01177779061727418,adamw,True,,onehot
absolute,38,4,swish,0.1,True,0.03892780660933017,0.05923020796974422,0.02255964774374185,adamw,True,,onehot
absolute,33,4,mish,0.1,True,0.045416417126422366,0.05003567772109827,0.011939759466296142,adamw,True,,onehot
absolute,40,4,mish,0.1,True,0.04254347393571811,0.055552492778469055,0.011201201006663272,adamw,True,,onehot
absolute,37,4,mish,0.1,True,0.03753286418401553,0.051993075563556215,0.012899738063889344,adamw,True,,onehot
absolute,35,4,mish,0.0,True,0.04681439416336767,0.06111481084331179,0.016831191369202494,adamw,True,,onehot
absolute,39,3,swish,0.1,True,0.040993344433253184,0.056260064421227884,0.01840784318881973,adamw,True,,onehot
absolute,36,4,mish,0.1,True,0.04281466862997579,0.057878844598237486,0.021039726641110423,adamw,True,,onehot
absolute,38,4,mish,0.1,True,0.007562360280692645,0.06969555874623443,0.033623628050452985,adamw,True,,onehot
absolute,37,4,mish,0.2,True,0.0354464489450954,0.05302957553850992,0.014043380348919679,adamw,True,,onehot
absolute,35,4,swish,0.1,True,0.03940845108420013,0.05538901491343279,0.01916051701416124,adamw,True,,onehot
absolute,39,4,mish,0.0,True,0.04401907164599949,0.05370126859741945,0.010093524108584826,adamw,True,,onehot
absolute,38,4,mish,0.1,True,0.04716543694825413,0.052117025612727054,0.009354819579380759,adamw,True,,onehot
absolute,37,4,mish,0.1,True,0.03786196959191858,0.058107025562201535,0.023741589191738768,adamw,True,,onehot
absolute,35,4,swish,0.1,True,0.04032554952806637,0.056469392493562164,0.01682086580854214,adamw,True,,onehot
absolute,36,4,mish,0.1,True,0.034234120789805804,0.05236259460733493,0.011834448456001406,adamw,True,,onehot
absolute,40,4,mish,0.0,True,0.04488513383383868,0.05584351090560483,0.012687080458859678,adamw,True,,onehot
absolute,38,4,mish,0.1,True,0.04983568058070832,0.05398539563103175,0.012361006228596176,adamw,True,,onehot
absolute,39,4,swish,0.1,True,0.042238730629386864,0.05723344124871248,0.01277119433418982,adamw,True,,onehot
absolute,34,4,mish,0.1,True,0.03693809151810978,0.04955188586159652,0.012118301935868228,adamw,True,,onehot
absolute,36,4,mish,0.1,True,0.04582617738102749,0.05874446037932427,0.014079695586343956,adamw,True,,onehot
absolute,38,4,swish,0.0,True,0.016753338293907263,0.06043999614797505,0.02807055294473594,adamw,True,,onehot
absolute,37,4,mish,0.1,True,0.04001562422154155,0.056364591867506475,0.0148146893008523,adamw,True,,onehot
absolute,39,4,mish,0.1,True,0.04266639812267221,0.06006851802297172,0.02192812955929287,adamw,True,,onehot
absolute,37,4,gelu,0.1,True,0.032801930577964336,0.050452214797069184,0.016891753344407973,adamw,True,,onehot
absolute,35,4,mish,0.1,True,0.037204121586813715,0.053985689174022834,0.01259168642267207,adamw,True,,onehot
absolute,36,4,swish,0.0,True,0.04697961332567552,0.0543522833890312,0.017256849908917613,adamw,True,,onehot
absolute,38,4,mish,0.1,True,0.04079472022361636,0.05277457483601624,0.01061957459421713,adamw,True,,onehot
absolute,40,3,mish,0.1,True,0.0023217213198705624,0.07158909344455511,0.02413783320090521,adamw,True,,onehot
absolute,37,4,mish,0.1,True,0.04512484785221857,0.04685509432492994,0.006965374159294639,adamw,True,,onehot
absolute,38,4,mish,0.1,True,0.04986523598947585,0.056240308663328666,0.004785070113550614,adamw,True,,onehot
absolute,39,4,mish,0.2,True,0.03905390059805704,0.053567957792454726,0.012842728016232005,adamw,True,,onehot
absolute,37,4,mish,0.1,True,0.003025651053147052,0.06229373252597916,0.020497398124507217,adamw,True,,onehot
absolute,38,4,mish,0.0,True,0.04422213479461516,0.05409201215016875,0.015932726146298072,adamw,True,,onehot
absolute,37,4,mish,0.1,True,0.035214643270222265,0.05719994532520192,0.017363423493114642,adamw,True,,onehot
absolute,40,4,mish,0.1,True,0.046814811818656085,0.05249951409816226,0.008962594857573208,adamw,True,,onehot
absolute,39,4,mish,0.1,True,0.04142008367740682,0.05388092559658375,0.017766535611434906,adamw,True,,onehot
absolute,37,4,mish,0.1,True,0.03815071848345149,0.05435128563521095,0.01533909117395084,adamw,True,,onehot
absolute,38,4,mish,0.0,True,0.043509597827577774,0.05785196175691418,0.01585994332675068,adamw,True,,onehot
absolute,39,4,mish,0.1,True,0.033491120542995134,0.05170686657502085,0.01000085052847375,adamw,True,,onehot
absolute,38,4,mish,0.1,True,0.040405339988043014,0.0539738952715416,0.011132485618923105,adamw,True,,onehot
absolute,37,4,mish,0.1,True,0.04701552524887854,0.05493320051569142,0.007833783602125317,adamw,True,,onehot
absolute,31,4,mish,0.1,True,0.03579476106112372,0.05626765264508208,0.01721874970342408,adamw,True,,onehot
absolute,36,4,mish,0.0,True,0.04304374410463227,0.06437426720203909,0.017691370487829133,adamw,True,,onehot
absolute,38,4,mish,0.1,True,0.03872295812705977,0.049297169259174815,0.010452880332683328,adamw,True,,onehot
absolute,37,4,mish,0.1,True,0.045792450146217314,0.061854332555697215,0.01801551418199129,adamw,True,,onehot
absolute,35,4,mish,0.1,True,0.041093520793627485,0.05093448429032238,0.010565368209729569,adamw,True,,onehot
absolute,40,4,mish,0.1,True,0.0368048488596411,0.05155054651248773,0.017192756787636185,adamw,True,,onehot
absolute,34,4,mish,0.0,True,0.04735467762180096,0.055038096952639545,0.012370323065814584,adamw,True,,onehot
absolute,39,4,mish,0.1,True,0.03136123901416283,0.052373237055561496,0.015919832401389042,adamw,True,,onehot
absolute,36,3,mish,0.1,True,0.049763091443142095,0.05530287846490968,0.020596918780703462,adamw,True,,onehot
absolute,37,4,mish,0.1,True,0.043436283968932926,0.05657579654825427,0.01507987518077841,adamw,True,,onehot
absolute,54,4,mish,0.1,True,0.040146432759234005,0.05536575468142002,0.009541704071875065,adamw,True,,onehot
absolute,38,4,gelu,0.2,True,0.03761787612001314,0.05909597168618104,0.011258816287645605,adamw,True,,onehot
absolute,36,4,mish,0.1,True,0.044138123277417306,0.058321755623374126,0.01743092039995297,adamw,True,,onehot
absolute,61,4,mish,0.0,True,0.034270125977896325,0.05051817525560112,0.012892473129958408,adamw,True,,onehot
absolute,39,4,mish,0.1,True,0.049998495380906664,0.051718389262083456,0.01011768434112587,adamw,True,,onehot
absolute,35,4,mish,0.1,True,0.041007885302041684,0.05633721631159231,0.016971050215090273,adamw,True,,onehot
absolute,38,4,mish,0.1,True,0.04441857024919858,0.05350513486227002,0.011609035742523931,adamw,True,,onehot
absolute,37,4,mish,0.1,True,0.03902102418201135,0.051918765210884316,0.011678939066139864,adamw,True,,onehot
absolute,40,4,mish,0.0,True,0.035503891020778375,0.061684069056784925,0.025170751888416984,adamw,True,,onehot
absolute,37,4,mish,0.1,True,0.0423551616816153,0.0528835121298721,0.0202129744149906,adamw,True,,onehot
absolute,32,4,mish,0.1,True,0.046360054433732534,0.05198672626784643,0.01034056394237709,adamw,True,,onehot
absolute,41,4,mish,0.1,True,0.03803090553932741,0.05740099316054501,0.0239114576583284,adamw,True,,onehot
absolute,39,4,mish,0.1,True,0.04212812844718053,0.04781600989820891,0.008296723300476991,adamw,True,,onehot
absolute,39,4,mish,0.0,True,0.04660584051463551,0.0619284665386731,0.024911044393613656,adamw,True,,onehot
absolute,40,4,mish,0.1,True,0.04393486670259219,0.05061760508964356,0.013889254075801171,adamw,True,,onehot
absolute,34,4,mish,0.1,True,0.03983255987206291,0.0539616915553431,0.013499645938350029,adamw,True,,onehot
absolute,39,4,mish,0.1,True,0.03323072076113021,0.05153161323226674,0.015117232994547846,adamw,True,,onehot
absolute,40,4,gelu,0.1,True,0.049990144654403657,0.0566304866458245,0.006688360441076928,adamw,True,,onehot
absolute,36,3,mish,0.1,True,0.04273968124217613,0.057160544665212434,0.019828885851581643,adamw,True,,onehot
absolute,38,4,mish,0.0,True,0.03645495497930912,0.048168459849884514,0.01337541580655642,adamw,True,,onehot
absolute,39,4,mish,0.0,True,0.02989033325911888,0.0565735031903668,0.020241707477743585,adamw,True,,onehot
absolute,40,4,mish,0.0,True,0.031834554516543316,0.05697337984472561,0.014396580816337037,adamw,True,,onehot
absolute,38,4,mish,0.0,True,0.03528763676322907,0.04967916239831024,0.02186705362498864,adamw,True,,onehot
absolute,33,4,swish,0.0,True,0.03689840974563255,0.0542897048589381,0.01746718943631482,adamw,True,,onehot
absolute,39,4,mish,0.0,True,0.03711486154553691,0.056942635817818575,0.014047860246152493,adamw,True,,onehot
absolute,38,4,mish,0.0,True,0.03929107128076879,0.052798454814220006,0.01180518330123782,adamw,True,,onehot
absolute,41,4,mish,0.0,True,0.03335017763927503,0.051038520927597336,0.02323033019310093,adamw,True,,onehot
absolute,39,4,swish,0.0,True,0.04622757189828716,0.058518456378766,0.01875673504814094,adamw,True,,onehot
absolute,35,4,mish,0.0,True,0.04128571558498618,0.05591747295125669,0.01658258630654833,adamw,True,,onehot
absolute,37,4,mish,0.0,True,0.035749271813921436,0.06258012320392561,0.015718863840009322,adamw,True,,onehot
absolute,38,4,mish,0.0,True,0.04372993003262119,0.057857520797100034,0.02135104704865964,adamw,True,,onehot
absolute,40,4,mish,0.0,True,0.039046939215456114,0.0531297601875818,0.003927800823105839,adamw,True,,onehot
absolute,41,4,swish,0.0,True,0.045204113955280206,0.05124635548073479,0.010695431305537269,adamw,True,,onehot
absolute,38,4,mish,0.2,True,0.02536559956169977,0.05739250175252735,0.02092665632459751,adamw,True,,onehot
absolute,36,4,mish,0.0,True,0.040941227602266365,0.06020937360953536,0.020221731386983043,adamw,True,,onehot
absolute,39,4,mish,0.1,True,0.03677010928528363,0.05649156920424912,0.014991418304767159,adamw,True,,onehot
absolute,37,4,swish,0.1,True,0.04682048233170032,0.052871774114430184,0.014450778025524228,adamw,True,,onehot
absolute,42,4,mish,0.0,True,0.02902218540894947,0.052594315049508136,0.01650328596665166,adamw,True,,onehot
absolute,39,4,mish,0.1,True,0.04236076151348928,0.05098547859320727,0.011196085846325452,adamw,True,,onehot
absolute,37,3,mish,0.1,True,0.03346363298787842,0.062122355279581765,0.026170915064996032,adamw,True,,onehot
absolute,35,4,swish,0.1,True,0.039430498918769166,0.0568511704796193,0.012107842104903113,adamw,True,,onehot
absolute,38,4,mish,0.1,True,0.04427780807465513,0.05302551786114044,0.016467494172612243,adamw,True,,onehot
absolute,40,4,gelu,0.0,True,0.02122318738439656,0.05460809412229395,0.016967500140578854,adamw,True,,onehot
absolute,36,4,mish,0.1,True,0.03800407304803255,0.05599678962366876,0.014602291546494957,adamw,True,,onehot
absolute,37,4,mish,0.1,True,0.04725734049462648,0.0523196533163681,0.01583348502316581,adamw,True,,onehot
absolute,34,4,mish,0.1,True,0.04180442546671005,0.06829570259460413,0.02062486172000098,adamw,True,,onehot
absolute,38,4,swish,0.2,True,0.035045199421971165,0.05516868729821232,0.019741303622562708,adamw,True,,onehot
absolute,36,4,mish,0.1,True,0.039137890881901886,0.05353945779862105,0.010281939686263916,adamw,True,,onehot
absolute,38,4,mish,0.0,True,0.04686829112296505,0.05626773243651696,0.01788939207827114,adamw,True,,onehot
absolute,39,4,mish,0.1,True,0.041761350996967095,0.049251701231912234,0.009714311345400321,adamw,True,,onehot
absolute,36,4,swish,0.1,True,0.031414071795274036,0.06341957232999433,0.0280581030908977,adamw,True,,onehot
absolute,35,4,mish,0.1,True,0.036399726870976166,0.05304139251776911,0.011929239436776328,adamw,True,,onehot
absolute,64,4,mish,0.0,True,0.04985469384574224,0.12375208466554002,0.1332971381774961,adamw,True,,onehot
absolute,39,4,mish,0.1,True,0.044025352062633284,0.04928437916047496,0.005169206427627427,adamw,True,,onehot
absolute,40,4,swish,0.1,True,0.039787053440932765,0.052626339107541456,0.011614125771462373,adamw,True,,onehot
absolute,37,4,mish,0.1,True,0.04393960323475631,0.05436311657813577,0.011624075899055874,adamw,True,,onehot
absolute,38,4,mish,0.1,True,0.03390959701427728,0.05765691262413699,0.020500743424626787,adamw,True,,onehot
absolute,38,4,mish,0.0,True,0.0370314363137899,0.05402173523932476,0.014654187276904894,adamw,True,,onehot
absolute,37,4,mish,0.1,True,0.0415824454263818,0.05142888311031879,0.007267067920556864,adamw,True,,onehot
absolute,34,4,swish,0.1,True,0.04693433985688393,0.052534336221977916,0.012418819251386735,adamw,True,,onehot
absolute,43,3,mish,0.1,True,0.04990109343827994,0.053489378666304564,0.01962381240241653,adamw,True,,onehot
absolute,41,4,mish,0.0,True,0.043763978141413584,0.05684186999519121,0.013405610328375412,adamw,True,,onehot
absolute,36,4,mish,0.1,True,0.039507511294211185,0.05543764283887452,0.016160389279106714,adamw,True,,onehot
absolute,35,4,gelu,0.1,True,0.03761056544682753,0.05625547703222717,0.014754099262018747,adamw,True,,onehot
absolute,39,4,swish,0.1,True,0.005851077274300564,0.06543956553162986,0.02943504075439605,adamw,True,,onehot
absolute,37,4,mish,0.1,True,0.042448190855486026,0.05438100135464298,0.010652686990679514,adamw,True,,onehot
absolute,33,4,mish,0.0,True,0.04621474082360631,0.05479353097002824,0.01971832015029001,adamw,True,,onehot
absolute,40,4,mish,0.1,True,0.0350947179686525,0.0534365893040117,0.012050852936439779,adamw,True,,onehot
absolute,39,4,mish,0.2,True,0.03187769965080454,0.061895893125895524,0.013929943740759914,adamw,True,,onehot
absolute,37,4,swish,0.1,True,0.040528590757682594,0.049769050726484784,0.013098366525026713,adamw,True,,onehot
absolute,36,4,mish,0.1,True,0.001816219563630799,0.06563174482515788,0.02023669702320777,adamw,True,,onehot
absolute,38,4,mish,0.0,True,0.044443979407803216,0.05116788416404279,0.012148462818901305,adamw,True,,onehot
absolute,52,4,mish,0.1,True,0.03818703229278537,0.056119624280605976,0.015734149670066987,adamw,True,,onehot
absolute,35,4,swish,0.1,True,0.04073884614337152,0.060499936112703434,0.018510138373623416,adamw,True,,onehot
absolute,38,4,mish,0.1,True,0.04682447798682248,0.06002614182589067,0.015618793269401313,adamw,True,,onehot
absolute,37,4,mish,0.0,True,0.03558568764150416,0.054428395911931424,0.016495161977479182,adamw,True,,onehot
absolute,42,4,mish,0.1,True,0.009933266237097902,0.062145043957624414,0.02577775773579492,adamw,True,,onehot
absolute,39,4,swish,0.1,True,0.043410715988641,0.05746611125831681,0.011176016636631472,adamw,True,,onehot
absolute,36,4,mish,0.1,True,0.039508182578756317,0.054917503062888486,0.014754108845342529,adamw,True,,onehot
absolute,38,4,mish,0.1,True,0.011902055909524534,0.059954170659095626,0.02225774149367089,adamw,True,,onehot
absolute,37,4,mish,0.0,True,0.046677877187822465,0.05205917605102491,0.01330740505976392,adamw,True,,onehot
absolute,36,3,leakyrelu,0.1,True,0.03742740118934424,0.04862888563382941,0.0147968271138887,adamw,True,,onehot
absolute,35,3,leakyrelu,0.1,True,0.04211854080496387,0.05645496040606043,0.014519142199269287,adamw,True,,onehot
absolute,34,3,leakyrelu,0.1,True,0.037630721501803306,0.05854916847813131,0.012773442812818859,adamw,True,,onehot
absolute,35,4,swish,0.1,True,0.043130162196553135,0.05281464264056086,0.013294243614835643,adamw,True,,onehot
absolute,36,3,leakyrelu,0.0,True,0.01868579821113721,0.07076557071839902,0.03292617919773256,adamw,True,,onehot
absolute,45,3,leakyrelu,0.1,True,0.039318963949955744,0.0591360325966576,0.01731522285297175,adamw,True,,onehot
absolute,36,3,leakyrelu,0.1,True,0.047610373614633536,0.05468416284891101,0.011520050006762927,adamw,True,,onehot
absolute,34,3,swish,0.1,True,0.04397746317069009,0.05421895069088839,0.012226146930783421,adamw,True,,onehot
absolute,36,3,leakyrelu,0.0,True,0.049959152770756285,0.07113129961973268,0.031365407217690565,adamw,True,,onehot
absolute,35,3,leakyrelu,0.1,True,0.0411627205892436,0.06348793824984937,0.023181982386757446,adamw,True,,onehot
absolute,30,3,leakyrelu,0.1,True,0.03704854574634939,0.05469191898006104,0.017938103557068097,adamw,True,,onehot
absolute,37,3,gelu,0.2,True,0.0447578153414276,0.054545166648118516,0.00718188914160575,adamw,True,,onehot
absolute,36,3,swish,0.1,True,0.039941756046850255,0.055711902854050775,0.018729997400273632,adamw,True,,onehot
absolute,35,3,leakyrelu,0.1,True,0.03567350349180301,0.052353695835793454,0.014749512499427644,adamw,True,,onehot
absolute,37,3,leakyrelu,0.0,True,0.04184395414616848,0.07491902328237064,0.031820583078726844,adamw,True,,onehot
absolute,36,4,leakyrelu,0.1,True,0.04610561369877863,0.06157472145534005,0.02021613416013934,adamw,True,,onehot
absolute,41,4,swish,0.1,True,0.049969071167497096,0.05043999917011159,0.008950648139901375,adamw,True,,onehot
absolute,35,4,leakyrelu,0.1,True,0.037937065344608126,0.05498568234853622,0.009796283024125408,adamw,True,,onehot
absolute,37,4,leakyrelu,0.0,True,0.04395380022942787,0.06180559705868209,0.01722416508097489,adamw,True,,onehot
absolute,40,4,mish,0.1,True,0.04077498867498591,0.0616758003735604,0.031455808484070084,adamw,True,,onehot
absolute,39,4,mish,0.1,True,0.03318894769026732,0.05356060591964307,0.01878269857223285,adamw,True,,onehot
absolute,34,4,mish,0.1,True,0.037854480497797584,0.05517769891697821,0.017285409988289487,adamw,True,,onehot
absolute,36,4,swish,0.0,True,0.0458506243818986,0.058235458773408036,0.013943485907996595,adamw,True,,onehot
absolute,38,4,mish,0.1,True,0.04192021599378548,0.05471224057289822,0.00804754683745955,adamw,True,,onehot
absolute,37,4,mish,0.1,True,0.034562097379236996,0.0519488699441852,0.012210996427059787,adamw,True,,onehot
absolute,38,3,mish,0.1,True,0.038865382527690784,0.057939495249451765,0.01915982596271596,adamw,True,,onehot
absolute,36,4,swish,0.1,True,0.044388002981586516,0.0509433363126595,0.007795672167873227,adamw,True,,onehot
absolute,39,4,mish,0.0,True,0.04664950442770181,0.05921393788816425,0.02180162043525043,adamw,True,,onehot
absolute,37,4,mish,0.1,True,0.04098289139208108,0.056057646578251866,0.010840349889982831,adamw,True,,onehot
absolute,33,4,mish,0.1,True,0.03598289663323856,0.05403218709415565,0.020135523226951856,adamw,True,,onehot
absolute,35,4,gelu,0.1,True,0.04313600789699363,0.055862041294634006,0.016897659612813212,adamw,True,,onehot
absolute,40,4,swish,0.0,True,0.038825476145468316,0.05412569742311039,0.01497799524176967,adamw,True,,onehot
absolute,38,4,mish,0.2,True,0.0467913050733248,0.06892444095074657,0.01827035337765534,adamw,True,,onehot
absolute,37,4,mish,0.1,True,0.015692801100302096,0.05410150616630055,0.025592121765122385,adamw,True,,onehot
absolute,36,4,leakyrelu,0.1,True,0.04978711721294697,0.05443289575928816,0.00798545823164212,adamw,True,,onehot
absolute,39,4,mish,0.1,True,0.03261790398871988,0.05404618182312748,0.01800570213015704,adamw,True,,onehot
absolute,34,4,mish,0.0,True,0.04104572685065664,0.0564056573098759,0.020821959862262512,adamw,True,,onehot
absolute,38,4,swish,0.1,True,0.008432576219227083,0.05883929478517608,0.02276307922566115,adamw,True,,onehot
absolute,40,4,mish,0.1,True,0.03665885202492239,0.05538787478651615,0.010902635422323068,adamw,True,,onehot
absolute,37,3,mish,0.1,True,0.04359422359229498,0.0497985084951056,0.011132819770861434,adamw,True,,onehot
absolute,36,4,mish,0.1,True,0.004382116894452611,0.059927933476500425,0.023036765743547443,adamw,True,,onehot
absolute,38,4,swish,0.0,True,0.03991634220011398,0.05364907256160645,0.017721099987970487,adamw,True,,onehot
absolute,41,4,mish,0.1,True,0.04443951703257022,0.05371713989079726,0.013872219889771878,adamw,True,,onehot
absolute,35,4,mish,0.1,True,0.03029803836311244,0.054915313900188216,0.01994863010995127,adamw,True,,onehot
absolute,39,4,mish,0.1,True,0.035368094244042976,0.0530459128255372,0.01003540491009172,adamw,True,,onehot
absolute,37,4,swish,0.0,True,0.038451873627023236,0.05733518848445414,0.014500157592796934,adamw,True,,onehot
absolute,35,4,mish,0.1,True,0.049885034481729616,0.048399958319856766,0.008161840338623976,adamw,True,,onehot
absolute,33,4,mish,0.1,True,0.04991469488212232,0.04951788291583478,0.006988689998626939,adamw,True,,onehot
absolute,35,4,leakyrelu,0.1,True,0.04693230309645712,0.060999801569414876,0.013098199198215213,adamw,True,,onehot
absolute,34,4,mish,0.1,True,0.005346459671409775,0.06448150081698427,0.02291206314974301,adamw,True,,onehot
absolute,35,4,mish,0.0,True,0.048053911779226965,0.0519390563823519,0.008839320280771215,adamw,True,,onehot
absolute,34,4,swish,0.1,True,0.04692163555822722,0.05369188977804562,0.013376947954142578,adamw,True,,onehot
absolute,35,4,mish,0.1,True,0.04987812192490812,0.053487165864412135,0.008861753678212271,adamw,True,,onehot
absolute,36,3,mish,0.1,True,0.044512149346846906,0.05644195757751711,0.020076153843342742,adamw,True,,onehot
absolute,36,4,mish,0.1,True,0.04985196689470627,0.05292087609782892,0.006588598200953664,adamw,True,,onehot
absolute,34,4,swish,0.0,True,0.04314841763938288,0.06251477290043883,0.021537693341849577,adamw,True,,onehot
absolute,35,4,mish,0.2,True,0.04580336410611581,0.06063675843208478,0.010346059328226121,adamw,True,,onehot
absolute,36,4,gelu,0.1,True,0.04266216986822857,0.049388195761420964,0.009531678051057185,adamw,True,,onehot
absolute,37,4,mish,0.1,True,0.04093036270333888,0.05793341075031942,0.009010927289601978,adamw,True,,onehot
absolute,36,4,mish,0.1,True,0.04987873964390268,0.0485160706039816,0.0061033611425462715,adamw,True,,onehot
absolute,37,4,mish,0.0,True,0.04746440982653661,0.059288979104186575,0.017216361513042153,adamw,True,,onehot
absolute,60,4,mish,0.1,True,0.04914098951269125,0.054901057910501226,0.005686183279074288,adamw,True,,onehot
absolute,35,4,mish,0.1,True,0.04966132547061464,0.05312137641878991,0.009815866718501378,adamw,True,,onehot
absolute,38,4,mish,0.1,True,0.04604155437398665,0.04821318833704287,0.010489240692162328,adamw,True,,onehot
absolute,38,4,mish,0.1,True,0.04990002361990475,0.05748167923480759,0.016515513545332226,adamw,True,,onehot
absolute,36,4,mish,0.0,True,0.04629225239427597,0.05862458438640958,0.011343990192637552,adamw,True,,onehot
absolute,37,4,mish,0.1,True,0.04657319779847378,0.05326415071434959,0.011255487576315492,adamw,True,,onehot
absolute,48,4,mish,0.1,True,0.0447622757699225,0.04949622374564877,0.00818582917686139,adamw,True,,onehot
absolute,37,4,mish,0.1,True,0.04611933591211798,0.05546653541967,0.01405060509410244,adamw,True,,onehot
absolute,34,4,mish,0.0,True,0.0465277667093408,0.05614325943742893,0.013529063322335971,adamw,True,,onehot
absolute,38,4,mish,0.1,True,0.04943754046985133,0.05068627626800815,0.011844132441693337,adamw,True,,onehot
absolute,36,4,mish,0.1,True,0.04322784561306543,0.04980142796158008,0.01679768558243323,adamw,True,,onehot
absolute,35,4,mish,0.1,True,0.044707509071105836,0.05540552039242192,0.012131310280345841,adamw,True,,onehot
absolute,37,5,mish,0.1,True,0.04367843305241928,0.06490818498540481,0.012116615695419816,adamw,True,,onehot
absolute,33,4,swish,0.0,True,0.04955456767783222,0.06139559675491332,0.02650794001802509,adamw,True,,onehot
absolute,32,4,mish,0.1,True,0.04616304852560425,0.0561154595901228,0.010316543914029534,adamw,True,,onehot
absolute,38,4,mish,0.1,True,0.0426200404129443,0.053530689014712265,0.012573860540610271,adamw,True,,onehot
absolute,37,4,mish,0.1,True,0.04155769768655705,0.0543872923914039,0.0153816667021578,adamw,True,,onehot
absolute,38,4,mish,0.0,True,0.04653711477109684,0.050835758379367976,0.01260831261454146,adamw,True,,onehot
absolute,36,4,swish,0.2,True,0.04173258775925937,0.05584873686639831,0.018606128007810186,adamw,True,,onehot
absolute,36,4,mish,0.1,True,0.04982247403824888,0.04747810961033115,0.0050018596978216295,adamw,True,,onehot
absolute,36,4,mish,0.1,True,0.04974978827783251,0.06097001138503205,0.011409583353642313,adamw,True,,onehot
absolute,37,4,mish,0.1,True,0.04991856385071329,0.058130382882328926,0.013176750336815006,adamw,True,,onehot
absolute,38,4,mish,0.1,True,0.046216259181710434,0.0575293211431523,0.005784359417713953,adamw,True,,onehot
absolute,37,4,mish,0.0,True,0.049884839697582034,0.05286251497224746,0.014374129003090238,adamw,True,,onehot
absolute,36,4,mish,0.1,True,0.04557083119186053,0.05733767494160452,0.012058775513016751,adamw,True,,onehot
absolute,39,4,mish,0.1,True,0.003694532196913782,0.06696581762335216,0.025557683215759668,adamw,True,,onehot
absolute,38,4,mish,0.1,True,0.0447520528217858,0.05367890927407955,0.009591124976731506,adamw,True,,onehot
absolute,37,4,mish,0.1,True,0.04753036483355665,0.057712095236327324,0.011148809872085821,adamw,True,,onehot
absolute,36,4,mish,0.0,True,0.04959790683276343,0.06343827057860521,0.018093293633810514,adamw,True,,onehot
absolute,38,4,mish,0.1,True,0.02331090200906593,0.053258891112195166,0.020349696249024458,adamw,True,,onehot
absolute,38,4,mish,0.1,True,0.04427776965095023,0.05057404588927261,0.017626595866225597,adamw,True,,onehot
absolute,37,4,mish,0.1,True,0.0414658850622662,0.05507157486028175,0.013718375079759652,adamw,True,,onehot
absolute,37,4,mish,0.0,True,0.04582726944762805,0.053092014067585666,0.018432627636116108,adamw,True,,onehot
absolute,39,4,mish,0.1,True,0.011157208980511594,0.06264222006323174,0.030555392193819014,adamw,True,,onehot
absolute,36,5,mish,0.1,True,0.041010089308724,0.06007819838214831,0.015544874771796391,adamw,True,,onehot
absolute,35,4,mish,0.1,True,0.04970986059612168,0.05413487368011759,0.010889462673950651,adamw,True,,onehot
absolute,38,4,mish,0.0,True,0.043548455055882805,0.05176813386302924,0.011204193780191905,adamw,True,,onehot
absolute,39,4,mish,0.1,True,0.039438783403047364,0.049222674753701824,0.015476137457663509,adamw,True,,onehot
absolute,46,4,mish,0.1,True,0.004832708653940896,0.06492428713395174,0.02995407435710573,adamw,True,,onehot
absolute,36,4,mish,0.2,True,0.044750666973020575,0.05745693806260349,0.013946588949052822,adamw,True,,onehot
absolute,37,4,mish,0.1,True,0.049959687777769886,0.05482025972579961,0.011294881582981543,adamw,True,,onehot
absolute,36,4,mish,0.1,True,0.03917526929462972,0.05401311852238986,0.011302831085659548,adamw,True,,onehot
absolute,50,4,gelu,0.0,True,0.04631734857397488,0.05258595496559474,0.013775218413684849,adamw,True,,onehot
absolute,37,4,mish,0.1,True,0.04235913509145128,0.04925483106307256,0.012214969351480854,adamw,True,,onehot
absolute,35,4,mish,0.1,True,0.046160311194769925,0.046477986053707884,0.007023882156717281,adamw,True,,onehot
absolute,34,4,mish,0.1,True,0.0395846196279812,0.05820983153781754,0.016372569644549147,adamw,True,,onehot
absolute,62,4,mish,0.0,True,0.042967281792484935,0.06464431119283863,0.025836162845880303,adamw,True,,onehot
absolute,34,4,mish,0.1,True,0.0014881649624592186,0.07201336480202954,0.02367805771642796,adamw,True,,onehot
absolute,35,4,mish,0.1,True,0.0385929794477971,0.06047873900498979,0.0279848276711446,adamw,True,,onehot
absolute,35,4,mish,0.1,True,0.041840272574964685,0.056802125116367876,0.017048057590484337,adamw,True,,onehot
absolute,33,4,mish,0.1,True,0.044931448091414763,0.04771990639811451,0.006677855208263794,adamw,True,,onehot
absolute,33,4,mish,0.1,True,0.04638592859832542,0.05323776343897777,0.0162015080582642,adamw,True,,onehot
absolute,32,4,mish,0.1,True,0.04571451294966465,0.05773379149486627,0.013099792994111244,adamw,True,,onehot
absolute,32,4,mish,0.1,True,0.04424862402233324,0.05706362316576799,0.014266645838601984,adamw,True,,onehot
absolute,32,5,mish,0.1,True,0.04046635329795712,0.05201173204118411,0.008836443943092768,adamw,True,,onehot
absolute,33,4,mish,0.1,True,0.04595900684292043,0.05924723756626828,0.01998855917058974,adamw,True,,onehot
absolute,34,4,mish,0.1,True,0.03742629326272358,0.050256959144256264,0.017896078421449847,adamw,True,,onehot
absolute,29,4,mish,0.1,True,0.04337261554964735,0.05535849795331902,0.02409677833087364,adamw,True,,onehot
absolute,33,4,mish,0.1,True,0.046607121809336766,0.05605242771013797,0.013877488893791198,adamw,True,,onehot
absolute,35,4,mish,0.1,True,0.002294944615263251,0.06891263275716145,0.02376720274243448,adamw,True,,onehot
absolute,31,4,mish,0.1,True,0.04064248609599508,0.05483606724557758,0.018203973886072828,adamw,True,,onehot
absolute,31,4,mish,0.1,True,0.036369821238901694,0.05158682364095861,0.013013180718863504,adamw,True,,onehot
absolute,34,4,gelu,0.1,True,0.043940516825548614,0.046905053650827325,0.004162801630338012,adamw,True,,onehot
absolute,32,4,gelu,0.1,True,0.03795093883093578,0.05201134503947998,0.00942800207230623,adamw,True,,onehot
absolute,33,4,gelu,0.1,True,0.034692530521846766,0.05548261159127883,0.01841378457161694,adamw,True,,onehot
absolute,33,4,mish,0.1,True,0.0404263483268908,0.05756515943069316,0.014814544828100615,adamw,True,,onehot
absolute,35,4,gelu,0.1,True,0.03947938909938935,0.05292101818071556,0.008715088768734383,adamw,True,,onehot
absolute,34,4,gelu,0.1,True,0.04350385941984043,0.056764913637544524,0.014410047078820641,adamw,True,,onehot
absolute,32,4,gelu,0.1,True,0.03699544113609928,0.05499784070700744,0.013008518488777222,adamw,True,,onehot
absolute,34,4,gelu,0.1,True,0.0428694410693672,0.047641289957853036,0.014139671357541716,adamw,True,,onehot
absolute,34,4,gelu,0.1,True,0.04326250639184991,0.055900626743474666,0.014203981961645013,adamw,True,,onehot
absolute,33,4,gelu,0.1,True,0.041889149421092925,0.05616664531192582,0.015125718806345124,adamw,True,,onehot
absolute,33,4,swish,0.1,True,0.006633394481293388,0.06628276330909356,0.025588082219835783,adamw,True,,onehot
absolute,33,4,gelu,0.2,True,0.04456251999403126,0.05710649025391289,0.005331637667972232,adamw,True,,onehot
absolute,34,4,gelu,0.1,True,0.03999641733980867,0.047219438921910085,0.012561384461919713,adamw,True,,onehot
absolute,34,5,gelu,0.1,True,0.033187882114666487,0.05319772907441125,0.010410547849613738,adamw,True,,onehot
absolute,34,4,gelu,0.1,True,0.034889771481024984,0.06637090233263927,0.015288972755393253,adamw,True,,onehot
absolute,34,4,gelu,0.1,True,0.03866839310037585,0.05537179636083487,0.01846590704992964,adamw,True,,onehot
absolute,33,4,gelu,0.1,True,0.037093293150066535,0.0504460967431342,0.01240649840806833,adamw,True,,onehot
absolute,34,4,gelu,0.1,True,0.039018281099299335,0.05094381653926418,0.010993270378609228,adamw,True,,onehot
absolute,33,4,swish,0.1,True,0.02765969545407574,0.05819762137859605,0.019719555387992152,adamw,True,,onehot
absolute,34,4,gelu,0.1,True,0.03459618360859544,0.05554675120400005,0.01373159015210164,adamw,True,,onehot
absolute,33,4,gelu,0.1,True,0.04059665793900378,0.05219390405019447,0.009700751939897449,adamw,True,,onehot
absolute,34,4,gelu,0.1,True,0.03650309160894225,0.054566719262131205,0.015098161956326909,adamw,True,,onehot
absolute,32,4,gelu,0.1,True,0.040854373521832715,0.05626484067830554,0.019931568707725368,adamw,True,,onehot
absolute,34,4,gelu,0.1,True,0.031111514156186744,0.058053747926102996,0.02271574696570704,adamw,True,,onehot
absolute,56,4,gelu,0.1,True,0.04219876779453995,0.05519035057985585,0.01872923458527805,adamw,True,,onehot
absolute,32,4,gelu,0.1,True,0.03871707116140861,0.05580794466194298,0.008954967292572532,adamw,True,,onehot
absolute,35,4,gelu,0.1,True,0.04315495451281302,0.054475429974072766,0.013806485199821058,adamw,True,,onehot
absolute,33,4,gelu,0.1,True,0.03381585643466364,0.05655810756990839,0.019776788144944792,adamw,True,,onehot
absolute,34,4,gelu,0.1,True,0.03830231281888037,0.05594432405843601,0.019742854645982185,adamw,True,,onehot
absolute,35,4,gelu,0.2,True,0.04386359221808074,0.052224609654306815,0.005844997164396388,adamw,True,,onehot
absolute,34,4,gelu,0.1,True,0.039852296926186685,0.056462177900083274,0.01849200152330451,adamw,True,,onehot
absolute,31,4,gelu,0.1,True,0.04592561569617525,0.05042012483652207,0.011491389387929344,adamw,True,,onehot
absolute,35,4,gelu,0.1,True,0.035580205052631465,0.04986998267686083,0.01871280849916377,adamw,True,,onehot
absolute,34,4,gelu,0.1,True,0.04203974152747692,0.05471983050313178,0.013731251829278986,adamw,True,,onehot
absolute,35,5,gelu,0.1,True,0.046007605190457296,0.0639727328796185,0.012265128572108205,adamw,True,,onehot
absolute,33,4,gelu,0.1,True,0.040070884622614884,0.0506958499005372,0.01626377457746954,adamw,True,,onehot
absolute,35,4,gelu,0.1,True,0.03696848321398096,0.04811713503594455,0.013369220451925469,adamw,True,,onehot
absolute,35,4,gelu,0.1,True,0.043001352354214865,0.05216475847726716,0.01823371609222789,adamw,True,,onehot
absolute,34,4,gelu,0.1,True,0.04614655643533523,0.05410080483523507,0.014858568882683231,adamw,True,,onehot
absolute,35,4,gelu,0.1,True,0.03755895301421217,0.056646363692314385,0.014831589808119475,adamw,True,,onehot
absolute,35,4,gelu,0.1,True,0.04148376951539248,0.05885105412241521,0.017651030659394475,adamw,True,,onehot
absolute,33,4,gelu,0.1,True,0.013076544011713856,0.0559827448476496,0.0194585597458556,adamw,True,,onehot
absolute,35,4,gelu,0.1,True,0.04649741982005148,0.05331436771897985,0.01722394658635783,adamw,True,,onehot
absolute,34,4,gelu,0.1,True,0.04369315836332862,0.050621117316932564,0.012113539369596256,adamw,True,,onehot
absolute,34,4,gelu,0.1,True,0.039487650902464505,0.05822232831051725,0.019971536639883408,adamw,True,,onehot
absolute,35,4,gelu,0.1,True,0.014456230420297303,0.06131194583890851,0.025008663709776537,adamw,True,,onehot
absolute,33,4,gelu,0.1,True,0.0032638923602147448,0.0647049340371949,0.020016733337800643,adamw,True,,onehot
absolute,35,4,gelu,0.1,True,0.04672565836154288,0.05215073827414018,0.007868700141128315,adamw,True,,onehot
absolute,36,4,gelu,0.1,True,0.0322163473492308,0.048729323771292,0.007353556224806789,adamw,True,,onehot
absolute,34,4,gelu,0.1,True,0.03617941540367012,0.061201526287643436,0.02166995747411544,adamw,True,,onehot
absolute,35,4,gelu,0.1,True,0.04998020045581157,0.050544770352951886,0.010657442806674959,adamw,True,,onehot
absolute,36,4,gelu,0.1,True,0.04218638365287692,0.0524522459431717,0.010679471557233656,adamw,True,,onehot
absolute,32,4,gelu,0.1,True,0.0010083441662682646,0.07305971820241293,0.017550759308774956,adamw,True,,onehot
absolute,34,4,gelu,0.1,True,0.03910482301629873,0.058557308474672165,0.010112520474666093,adamw,True,,onehot
absolute,36,4,gelu,0.1,True,0.04386955235775996,0.05373616585318662,0.008697903598373687,adamw,True,,onehot
absolute,36,4,gelu,0.1,True,0.04116600153948342,0.05500078518822359,0.0159065921738507,adamw,True,,onehot
absolute,35,5,gelu,0.1,True,0.03690439512547288,0.05372182915394543,0.0089766367099605,adamw,True,,onehot
absolute,33,4,gelu,0.1,True,0.0012807366442753655,0.07313439017437619,0.022834505602854417,adamw,True,,onehot
absolute,34,4,gelu,0.1,True,0.04702099290206405,0.05287747399848427,0.0053859029270465295,adamw,True,,onehot
absolute,35,4,gelu,0.1,True,0.03384209276576935,0.0569138568198319,0.015257190803167262,adamw,True,,onehot
absolute,36,4,gelu,0.1,True,0.04368493315883958,0.055459940952509834,0.01704658379146844,adamw,True,,onehot
absolute,35,4,gelu,0.1,True,0.03870655983534429,0.05458902956344932,0.015817419963357796,adamw,True,,onehot
absolute,36,4,swish,0.2,True,0.04689222035693719,0.06219046029633464,0.009334017416184049,adamw,True,,onehot
absolute,34,4,gelu,0.1,True,0.04131426782630239,0.05028321728508536,0.010707874561241485,adamw,True,,onehot
absolute,32,4,swish,0.1,True,0.04998020133436167,0.05851486307289053,0.017193311209158773,adamw,True,,onehot
absolute,33,4,gelu,0.1,True,0.043633833194459085,0.050002488049939016,0.008699033402562497,adamw,True,,onehot
absolute,36,4,swish,0.1,True,0.03886119572457622,0.05257324055139222,0.01152685628548741,adamw,True,,onehot
absolute,30,4,gelu,0.1,True,0.035635989540008885,0.060771716040505123,0.03148764185763546,adamw,True,,onehot
absolute,35,4,swish,0.1,True,0.04444106834442293,0.05295878993201388,0.011809193556950507,adamw,True,,onehot
absolute,36,4,gelu,0.1,True,0.04008782385670459,0.0529861001860192,0.006595205285440271,adamw,True,,onehot
absolute,34,4,swish,0.1,True,0.0463151490836563,0.057568963053843424,0.023245911862396603,adamw,True,,onehot
absolute,35,4,gelu,0.1,True,0.04197246874468102,0.05566673559213982,0.018957829376644586,adamw,True,,onehot
absolute,59,4,swish,0.1,True,0.03685542665337861,0.0535939499195766,0.010337482014968577,adamw,True,,onehot
absolute,34,4,gelu,0.1,True,0.033515357564289,0.055699088700976576,0.017132557298109603,adamw,True,,onehot
absolute,36,4,swish,0.1,True,0.04992256419097453,0.05377448747249342,0.011016732720285584,adamw,True,,onehot
absolute,36,4,gelu,0.1,True,0.04283068578633071,0.06278175424042906,0.02666016801902101,adamw,True,,onehot
absolute,35,5,swish,0.1,True,0.039866314492224136,0.051962986299099734,0.01629868938615284,adamw,True,,onehot
absolute,33,4,mish,0.1,True,0.046926244787367316,0.057841618285094334,0.010845289459503192,adamw,True,,onehot
absolute,37,4,mish,0.1,True,0.04382819419522024,0.0539759273515889,0.011202512028075215,adamw,True,,onehot
absolute,36,4,gelu,0.1,True,0.0028870160381808244,0.06875932773887887,0.02759214266015336,adamw,True,,onehot
absolute,34,4,mish,0.1,True,0.03807936985141613,0.05761186315242892,0.017754381227097448,adamw,True,,onehot
absolute,35,4,swish,0.2,True,0.04035387688215763,0.058886358339042766,0.01624732173404358,adamw,True,,onehot
absolute,37,4,mish,0.1,True,0.04633825686522849,0.05264716752693888,0.00816765706330863,adamw,True,,onehot
absolute,33,4,mish,0.1,True,0.035363333790493286,0.056961358401694,0.01955196525083385,adamw,True,,onehot
absolute,37,4,mish,0.1,True,0.04219648925341113,0.05433648872413214,0.01752648081685524,adamw,True,,onehot
absolute,36,4,gelu,0.1,True,0.04652308903596589,0.04730553487563263,0.008735680702378611,adamw,True,,onehot
absolute,36,4,gelu,0.1,True,0.046990477792571234,0.05145081187905555,0.006600617068442607,adamw,True,,onehot
absolute,35,4,gelu,0.1,True,0.04684674422085097,0.047991708639119716,0.00827073103067532,adamw,True,,onehot
absolute,36,4,gelu,0.1,True,0.04776015829345102,0.06246862496298474,0.0190428637417476,adamw,True,,onehot
absolute,35,4,gelu,0.1,True,0.0498663102436141,0.05460959411106929,0.01045940281763586,adamw,True,,onehot
absolute,36,4,gelu,0.1,True,0.046102057788390084,0.06212514446799978,0.014625914489258552,adamw,True,,onehot
absolute,36,4,gelu,0.1,True,0.04674876427325477,0.057819494569944535,0.015302974452581547,adamw,True,,onehot
absolute,35,4,gelu,0.1,True,0.04981428170150806,0.058833919346566926,0.00939216342757928,adamw,True,,onehot
absolute,47,4,gelu,0.1,True,0.04417688196152405,0.05872801602192744,0.014201003109491562,adamw,True,,onehot
absolute,34,4,gelu,0.1,True,0.04985312603312027,0.049952567060026834,0.00483724453592944,adamw,True,,onehot
absolute,37,4,gelu,0.1,True,0.04477574352905723,0.05586692916047682,0.011572413729512171,adamw,True,,onehot
absolute,34,4,gelu,0.1,True,0.04604550237001049,0.0577983334779672,0.021116588036026014,adamw,True,,onehot
absolute,36,4,gelu,0.1,True,0.04380357023186562,0.05450461818339332,0.007219249157721487,adamw,True,,onehot
absolute,35,4,gelu,0.1,True,0.046330057350460564,0.05855577516233584,0.02149366142330308,adamw,True,,onehot
absolute,37,5,gelu,0.1,True,0.04998815236646097,0.06636517702446385,0.014084067864145388,adamw,True,,onehot
absolute,36,4,gelu,0.1,True,0.04999774599744871,0.049046867016920966,0.008121128893110736,adamw,True,,onehot
absolute,37,4,swish,0.2,True,0.04356853168917207,0.052477192217651056,0.007713503802278692,adamw,True,,onehot
absolute,35,4,gelu,0.1,True,0.0431189329653662,0.04710469873558658,0.007644192017427373,adamw,True,,onehot
absolute,34,4,swish,0.1,True,0.04231278850253977,0.05117659963426295,0.01147309765953414,adamw,True,,onehot
absolute,33,4,gelu,0.1,True,0.0413561851530356,0.05181814599871815,0.009441433411685886,adamw,True,,onehot
absolute,36,4,swish,0.1,True,0.040965961076981146,0.049376154451497116,0.012154009487566238,adamw,True,,onehot
absolute,35,4,gelu,0.1,True,0.04377493341218473,0.05352800609670018,0.013587496821824445,adamw,True,,onehot
absolute,32,4,gelu,0.1,True,0.0406720339354778,0.055952202540705695,0.0109784342757239,adamw,True,,onehot
absolute,49,4,swish,0.1,True,0.04437404963345791,0.052367741765287225,0.007657873164273551,adamw,True,,onehot
absolute,37,4,gelu,0.1,True,0.03962943977938095,0.05331806703304204,0.009574813726724007,adamw,True,,onehot
absolute,36,4,swish,0.1,True,0.043522690188329716,0.05428490762036646,0.016444562915518268,adamw,True,,onehot
absolute,34,4,mish,0.1,True,0.04682507690348145,0.04702523635289322,0.009167386498079765,adamw,True,,onehot
absolute,33,4,mish,0.1,True,0.04721717976547643,0.058327716959011136,0.011286573138014322,adamw,True,,onehot
absolute,63,4,mish,0.1,True,0.049983749102105256,0.06546311578449016,0.012411088008055623,adamw,True,,onehot
absolute,33,4,mish,0.1,True,0.046453049665094594,0.05712495275138575,0.015926134579315385,adamw,True,,onehot
absolute,34,4,mish,0.1,True,0.04587131065433312,0.05848911139699646,0.015133221805459581,adamw,True,,onehot
absolute,32,4,mish,0.1,True,0.043751182093553706,0.05562445957706439,0.016045245750902652,adamw,False,,onehot
absolute,34,3,mish,0.1,True,0.01459376597215205,0.06184396562891465,0.021919384991454214,adamw,False,,onehot
absolute,22,3,leakyrelu,0.1,True,0.015004977804383562,0.06443729580447874,0.020244210932033217,adamw,False,,onehot
absolute,58,3,leakyrelu,0.0,True,0.0034359876405443,0.08080483870358514,0.03413636611175781,adamw,False,,onehot
absolute,48,3,swish,0.2,True,0.0031538543346632656,0.0695599985298383,0.030172660803723755,adamw,False,,onehot
absolute,27,5,gelu,0.2,True,0.015447864946702776,0.060634374557950114,0.019308362917057363,adamw,False,,onehot
absolute,17,4,gelu,0.0,True,0.0017122429972348044,0.07322031899281725,0.012834658806602344,adamw,False,,onehot
absolute,19,3,swish,0.0,True,0.0039153250012812285,0.06484852296159514,0.02151132231561249,adamw,False,,onehot
absolute,26,5,mish,0.1,True,0.0025275614890233325,0.06763509675435565,0.020484103963632275,adamw,False,,onehot
absolute,59,5,gelu,0.0,True,0.037939008868394686,0.05032061672931566,0.00866273467720565,adamw,False,,onehot
absolute,48,3,swish,0.1,True,0.0016260452863829356,0.06277517936484442,0.019140869946188518,adamw,False,,onehot
absolute,54,5,gelu,0.0,True,0.037589436752458384,0.060350068371452,0.02005589608736084,adamw,False,,onehot
absolute,42,4,gelu,0.0,True,0.007900868033457822,0.06127777154625756,0.027183272996003385,adamw,False,,onehot
absolute,55,5,gelu,0.0,True,0.023793610881439727,0.061793819452224126,0.016457406497263585,adamw,False,,onehot
absolute,38,5,gelu,0.2,True,0.02204608011476283,0.05677564341008045,0.023049556919633885,adamw,False,,onehot
absolute,36,5,mish,0.2,True,0.008815006140083993,0.06277733126610889,0.021300134021474203,adamw,False,,onehot
absolute,43,4,leakyrelu,0.2,True,0.02033345720837778,0.0666176376866902,0.02319337846302093,adamw,False,,onehot
absolute,31,5,gelu,0.2,True,0.0053643020217794025,0.0606941194189452,0.022115990195032718,adamw,False,,onehot
absolute,42,5,gelu,0.2,True,0.0107159879251501,0.057212193871650524,0.012260326462968329,adamw,False,,onehot
absolute,40,5,gelu,0.2,True,0.010545904687545016,0.06505585147997618,0.023545695483797008,adamw,False,,onehot
absolute,12,5,gelu,0.2,True,0.03068467906501272,0.0637570171248742,0.017452456121022406,adamw,False,,onehot
absolute,47,5,gelu,0.2,True,0.02148820011084391,0.04964755337299125,0.009188543011478829,adamw,False,,onehot
absolute,49,5,gelu,0.2,True,0.022955711900739063,0.05464860719504687,0.00968473741111625,adamw,False,,onehot
absolute,49,4,gelu,0.2,True,0.02736704528741624,0.05378229252059962,0.012062958188307051,adamw,False,,onehot
absolute,58,4,mish,0.2,True,0.03093867640224348,0.056025750915602426,0.011537706183259869,adamw,False,,onehot
absolute,52,4,leakyrelu,0.2,True,0.04909371890467982,0.06272348149907983,0.007521277424058678,adamw,False,,onehot
absolute,59,4,swish,0.1,True,0.017582176955718683,0.05989801142933673,0.022174772621176047,adamw,False,,onehot
absolute,46,4,mish,0.2,True,0.012390153476097449,0.052067034573452006,0.017439064716481118,adamw,False,,onehot
absolute,46,4,mish,0.1,True,0.0010386968945436004,0.07133120237462025,0.02114993089099636,adamw,False,,onehot
absolute,51,4,mish,0.2,True,0.011659780797952846,0.05552345516174334,0.01635688401359051,adamw,False,,onehot
absolute,45,4,mish,0.2,True,0.012334682373397876,0.05745695962002286,0.025519570259373844,adamw,False,,onehot
absolute,56,4,mish,0.2,True,0.028000394333269608,0.05837727707653125,0.015337451550178013,adamw,False,,onehot
absolute,60,4,leakyrelu,0.2,True,0.006210834723140131,0.0706892988342446,0.027430166780824862,adamw,False,,onehot
absolute,33,3,gelu,0.2,True,0.01568410857530496,0.0591585375382628,0.023567309725367,adamw,False,,onehot
absolute,51,4,mish,0.2,True,0.017578466924498774,0.05369000114403283,0.015488229107844491,adamw,False,,onehot
absolute,53,3,mish,0.0,True,0.018020708912891988,0.06471166938522674,0.030111376746943006,adamw,False,,onehot
absolute,45,4,mish,0.1,True,0.0137678746597541,0.06108148018419441,0.02066472460232282,adamw,False,,onehot
absolute,60,4,mish,0.0,True,0.036382944461296085,0.05886714561640016,0.022279933658982096,adamw,False,,onehot
absolute,50,5,swish,0.2,True,0.01819354282656229,0.0609806628426284,0.015490451312944725,adamw,False,,onehot
absolute,48,4,mish,0.2,True,0.02573234299893585,0.05606293524334551,0.0179053078708284,adamw,False,,onehot
absolute,56,4,gelu,0.2,True,0.013832210892373341,0.0507226190095252,0.012415496744814557,adamw,False,,onehot
absolute,57,4,leakyrelu,0.2,True,0.00918077163229461,0.067243673053583,0.027898623240508826,adamw,False,,onehot
absolute,53,3,gelu,0.2,True,0.014010815694085356,0.061699615021906025,0.02847574049106273,adamw,False,,onehot
absolute,46,4,swish,0.0,True,0.00674471164499232,0.06097353260464555,0.02541714998832286,adamw,False,,onehot
absolute,61,4,mish,0.1,True,0.04110864901094586,0.04837414587593227,0.006519520095961874,adamw,False,,onehot
absolute,61,5,gelu,0.1,True,0.03938176598920404,0.06314337082941476,0.015256557579955962,adamw,False,,onehot
absolute,63,3,gelu,0.1,True,0.03615729339489278,0.053976510301269855,0.01727784635086121,adamw,False,,onehot
absolute,62,5,mish,0.1,True,0.02054817832796946,0.0569581571699647,0.020368107828647737,adamw,False,,onehot
absolute,55,4,gelu,0.1,True,0.04151446152194761,0.05292227128056789,0.010864554164805482,adamw,False,,onehot
absolute,56,4,gelu,0.1,True,0.04344549395993533,0.05054851911443396,0.007797429672760578,adamw,False,,onehot
absolute,57,4,gelu,0.1,True,0.049702373472549126,0.05487898995148004,0.006647577394497118,adamw,False,,onehot
absolute,55,4,gelu,0.1,True,0.033185341912860884,0.0541579169587937,0.018010432769724312,adamw,False,,onehot
absolute,59,4,gelu,0.1,True,0.0414701402731233,0.04703464232733001,0.012016032680509223,adamw,False,,onehot
absolute,62,5,gelu,0.1,True,0.04178067820505866,0.05730453120715275,0.008421408607339179,adamw,False,,onehot
absolute,59,5,gelu,0.1,True,0.04381049970114676,0.05856647175121112,0.0063883380691374045,adamw,False,,onehot
absolute,64,4,gelu,0.1,True,0.03417902200884402,0.052014076358514905,0.013656828350894398,adamw,False,,onehot
absolute,57,5,gelu,0.0,True,0.02543518025107036,0.05522485135812125,0.015390805435094516,adamw,False,,onehot
absolute,54,4,gelu,0.1,True,0.028799369743187607,0.04814959902209235,0.01253146103198862,adamw,False,,onehot
absolute,54,4,gelu,0.1,True,0.0454799867863542,0.055989669046738216,0.012022791749053229,adamw,False,,onehot
absolute,59,4,gelu,0.1,True,0.02974419499922855,0.05782845778068694,0.023400834695060668,adamw,False,,onehot
absolute,61,4,gelu,0.1,True,0.022995427910822302,0.05255661372257814,0.014190016432482097,adamw,False,,onehot
absolute,56,4,gelu,0.1,True,0.032970550475638925,0.05211565047434223,0.008059362064437414,adamw,False,,onehot
absolute,53,4,gelu,0.1,True,0.038169963521697436,0.04537013744029605,0.00468861156506349,adamw,False,,onehot
absolute,52,5,gelu,0.1,True,0.03925747531379621,0.05001950003147245,0.0061202097718951924,adamw,False,,onehot
absolute,53,5,gelu,0.1,True,0.036658757635999205,0.052260566292483816,0.01363318293436616,adamw,False,,onehot
absolute,51,5,leakyrelu,0.1,True,0.0027396134164645713,0.06572249197730694,0.021634500726055,adamw,False,,onehot
absolute,58,5,swish,0.1,True,0.029006433335630438,0.05763006725496811,0.01599253798203944,adamw,False,,onehot
absolute,49,5,gelu,0.0,True,0.03904853238345492,0.06110443541143917,0.014644743348041804,adamw,False,,onehot
absolute,27,5,gelu,0.1,True,0.0039036290286237453,0.06981898435488255,0.028268359697038718,adamw,False,,onehot
absolute,54,4,gelu,0.1,True,0.044339392958948606,0.05008713815025101,0.007585865754513471,adamw,False,,onehot
absolute,54,4,gelu,0.1,True,0.04760168553008664,0.05189751864409277,0.011679371104260565,adamw,False,,onehot
absolute,51,5,gelu,0.1,True,0.03119321611814503,0.053641940332349536,0.012068114258716,adamw,False,,onehot
absolute,48,3,gelu,0.1,True,0.02631706149472364,0.05879813748823263,0.013023143738778229,adamw,False,,onehot
absolute,23,4,gelu,0.1,True,0.03834579923168161,0.05743775221106541,0.017281290043415883,adamw,False,,onehot
absolute,52,4,gelu,0.0,True,0.033915843094891214,0.06058110238467612,0.018540537472900253,adamw,False,,onehot
absolute,39,5,gelu,0.1,True,0.04507855905078311,0.05604088082646368,0.010224890803699484,adamw,False,,onehot
absolute,58,4,leakyrelu,0.1,True,0.02157147032305884,0.05487782194414411,0.015043374255129981,adamw,False,,onehot
absolute,60,5,swish,0.0,True,0.049950550442116895,0.06773989040478379,0.021867237288626273,adamw,False,,onehot
absolute,54,4,gelu,0.1,True,0.027699060793330826,0.05561237789368737,0.01719550486725337,adamw,False,,onehot
absolute,56,4,gelu,0.1,True,0.04319042598245329,0.05160622213892863,0.007733229095147374,adamw,False,,onehot
absolute,52,4,gelu,0.1,True,0.04055633522589188,0.05158236845327654,0.004475073466212581,adamw,False,,onehot
absolute,61,4,gelu,0.1,True,0.0318885867302116,0.055178643092695184,0.010749548128676482,adamw,False,,onehot
absolute,58,4,gelu,0.1,True,0.03595630013364787,0.05598774185375864,0.020632759414077245,adamw,False,,onehot
absolute,55,4,gelu,0.1,True,0.02424672424844108,0.05473715434430745,0.010502204583820441,adamw,False,,onehot
absolute,63,4,gelu,0.1,True,0.044506961391734184,0.05184697753489842,0.006951453932421917,adamw,False,,onehot
absolute,50,3,gelu,0.0,True,0.0017983207053678667,0.06541110509516215,0.02210567006906812,adamw,False,,onehot
absolute,47,4,gelu,0.1,True,0.03883807301389985,0.0544015049048262,0.01203518371499725,adamw,False,,onehot
absolute,57,5,mish,0.1,True,0.02939338152406648,0.053211597003770525,0.010428747748450179,adamw,False,,onehot
absolute,53,4,gelu,0.1,True,0.036275102332475384,0.052071407565728665,0.01094564993671394,adamw,False,,onehot
absolute,56,4,gelu,0.2,True,0.01902912844952165,0.053927167074947234,0.018353140720433044,adamw,False,,onehot
absolute,59,4,gelu,0.2,True,0.043193822455261086,0.06385930294437439,0.012209929954740576,adamw,False,,onehot
absolute,60,4,gelu,0.0,True,0.03275795271550639,0.060401122201590524,0.020416536171146155,adamw,False,,onehot
absolute,55,4,gelu,0.2,True,0.015167764748106194,0.05856337892540684,0.011787541910458596,adamw,False,,onehot
absolute,62,4,gelu,0.1,True,0.04667950158596877,0.05495306116213457,0.010328648170897386,adamw,False,,onehot
absolute,50,5,leakyrelu,0.1,True,0.025307223212340024,0.0524638448224806,0.0070462431140776455,adamw,False,,onehot
absolute,52,4,mish,0.2,True,0.04149188984785573,0.05793834085188593,0.010075392491165276,adamw,False,,onehot
absolute,57,4,swish,0.1,True,0.0286352935233892,0.05222202686257965,0.009625442030985473,adamw,False,,onehot
absolute,54,5,gelu,0.0,True,0.0348319783455939,0.06238135353346745,0.028877080943096805,adamw,False,,onehot
absolute,42,4,gelu,0.1,True,0.0388938333641599,0.05206142218794132,0.0124212128439721,adamw,False,,onehot
absolute,52,4,gelu,0.1,True,0.04111535897858839,0.05511918000911116,0.010408728625918346,adamw,False,,onehot
absolute,56,4,gelu,0.1,True,0.03122597970626424,0.05005896896651083,0.009382394465886757,adamw,False,,onehot
absolute,56,4,gelu,0.1,True,0.031013733387070943,0.05768399962247257,0.02025163094456747,adamw,False,,onehot
absolute,59,4,gelu,0.1,True,0.02699039804583511,0.058235844197249226,0.023063051431155498,adamw,False,,onehot
absolute,63,3,gelu,0.1,True,0.02039786586082601,0.05377388360528301,0.019765261677038414,adamw,False,,onehot
absolute,54,4,gelu,0.2,True,0.02333328211818748,0.05409175941014248,0.01247383235320752,adamw,False,,onehot
absolute,60,5,gelu,0.1,True,0.034509894319672836,0.06517729139465414,0.02579185362784349,adamw,False,,onehot
absolute,44,4,mish,0.1,True,0.04734793588685998,0.0531642309131344,0.005107574362070359,adamw,False,,onehot
absolute,58,4,gelu,0.1,True,0.03732308922362685,0.05396334884226822,0.010821020255089462,adamw,False,,onehot
absolute,37,5,gelu,0.2,True,0.008697113567896033,0.06517152885724284,0.020786208902723164,adamw,False,,onehot
absolute,53,4,gelu,0.1,True,0.041248234601319086,0.0598911300044915,0.019908457990902927,adamw,False,,onehot
absolute,49,4,gelu,0.1,True,0.045550382438461864,0.0546703854683732,0.00873916391709544,adamw,False,,onehot
absolute,55,4,gelu,0.1,True,0.03168121199919099,0.06178546915649054,0.026318070566564447,adamw,False,,onehot
absolute,52,4,gelu,0.1,True,0.039173222683040736,0.051526656092829824,0.007590861359465254,adamw,False,,onehot
absolute,57,4,gelu,0.1,True,0.004653318526685168,0.060555666537791424,0.020691001670885768,adamw,False,,onehot
absolute,17,4,gelu,0.0,True,0.04971119989616797,0.06900551565184672,0.023502579645842743,adamw,False,,onehot
absolute,51,5,leakyrelu,0.1,True,0.016813729809798072,0.06486156737163654,0.025643245265671064,adamw,False,,onehot
absolute,56,4,gelu,0.1,True,0.03776329090690608,0.051849648727287104,0.0022485754858243287,adamw,False,,onehot
absolute,55,4,swish,0.1,True,0.03408688808014407,0.05098290571248757,0.01562812436750979,adamw,False,,onehot
absolute,61,4,swish,0.2,True,0.03346385218329272,0.05475176169723225,0.018046231470996318,adamw,False,,onehot
absolute,55,4,swish,0.1,True,0.035706943758815474,0.05313454032162122,0.015957552536872126,adamw,False,,onehot
absolute,53,4,swish,0.1,True,0.02998331820764525,0.056869369611356524,0.023276481545312186,adamw,False,,onehot
absolute,54,4,swish,0.1,True,0.04293236156330766,0.05877881017754609,0.018155944528345763,adamw,False,,onehot
absolute,58,4,mish,0.1,True,0.03895651101856848,0.054666363544141734,0.004554714406390182,adamw,False,,onehot
absolute,56,4,gelu,0.1,True,0.03287386216626697,0.05352235087914814,0.0072293100392701705,adamw,False,,onehot
absolute,50,5,swish,0.1,True,0.028105358289850533,0.05040689750747875,0.009790841375776814,adamw,False,,onehot
absolute,50,5,swish,0.0,True,0.026289814617507408,0.05720553344029085,0.015699660033015858,adamw,False,,onehot
absolute,47,5,swish,0.1,True,0.028620879822571037,0.053792467880727085,0.01249457334612991,adamw,False,,onehot
absolute,59,5,swish,0.1,True,0.02416984052420388,0.0626907232205979,0.01255358496508306,adamw,False,,onehot
absolute,57,5,swish,0.2,True,0.021095914107620125,0.059175392914945724,0.01986811408293547,adamw,False,,onehot
absolute,51,5,gelu,0.1,True,0.0447735853464011,0.05333576757558346,0.009835507803261041,adamw,False,,onehot
absolute,52,3,swish,0.1,True,0.0357485798132161,0.05358414359033601,0.02274446723759941,adamw,False,,onehot
absolute,54,4,gelu,0.1,True,0.010853183609174142,0.052882859494371534,0.01963870629599757,adamw,False,,onehot
absolute,50,5,gelu,0.1,True,0.04032364591597287,0.06313352183247233,0.00908843049706783,adamw,False,,onehot
absolute,49,4,gelu,0.1,True,0.030145280543133306,0.05004528991383648,0.011558052335521086,adamw,False,,onehot
absolute,33,4,mish,0.1,True,0.03010386187093918,0.053543547027826335,0.017936332473307837,adamw,False,,onehot
absolute,48,5,gelu,0.1,True,0.012921178184008763,0.05513980048320588,0.021658546174593247,adamw,False,,onehot
absolute,55,4,gelu,0.1,True,0.02789617749254432,0.05231798216215607,0.012286737732715795,adamw,False,,onehot
absolute,47,4,swish,0.0,True,0.01915438644525655,0.057258781378117886,0.031590941823480365,adamw,False,,onehot
absolute,60,4,gelu,0.1,True,0.02246616963226788,0.055066955467339015,0.01866549455779998,adamw,False,,onehot
absolute,49,4,gelu,0.1,True,0.03414654509452238,0.060614916292989436,0.02159362336765033,adamw,False,,onehot
absolute,52,4,gelu,0.1,True,0.03701793380669268,0.05025134580778011,0.008632141202914011,adamw,False,,onehot
absolute,53,4,gelu,0.1,True,0.03152994134263164,0.05558919534978789,0.018803393466393644,adamw,False,,onehot
absolute,51,4,gelu,0.1,True,0.03637694508577118,0.05074249360377468,0.009806865315538378,adamw,False,,onehot
absolute,49,4,gelu,0.2,True,0.04299626766996068,0.05856370863160885,0.008742193006896775,adamw,False,,onehot
absolute,51,5,gelu,0.1,True,0.0380592125473545,0.047795340531899835,0.0070047207597299325,adamw,False,,onehot
absolute,45,5,gelu,0.1,True,0.046732364314632666,0.05915885646610845,0.006622708702175082,adamw,False,,onehot
absolute,53,5,gelu,0.1,True,0.0377497384217603,0.05664103268640223,0.003788097476243745,adamw,False,,onehot
absolute,58,5,gelu,0.1,True,0.02567249910250449,0.05021069727437135,0.014081228659917741,adamw,False,,onehot
absolute,62,5,gelu,0.1,True,0.0255512297547314,0.05257754825317915,0.014693832217039253,adamw,False,,onehot
absolute,59,5,gelu,0.1,True,0.027564606973902152,0.05569915230958716,0.006726159933939152,adamw,False,,onehot
absolute,58,5,gelu,0.1,True,0.030727265934393087,0.05522502231548245,0.014318335478134372,adamw,False,,onehot
absolute,50,5,gelu,0.1,True,0.041491045184788224,0.05856460612982654,0.007500884274443423,adamw,False,,onehot
absolute,56,5,gelu,0.1,True,0.024849574329576442,0.06257238736794536,0.015436833615200434,adamw,False,,onehot
absolute,51,5,gelu,0.2,True,0.04985607610940362,0.07748401855648314,0.011786919289289464,adamw,False,,onehot
absolute,54,5,gelu,0.1,True,0.032992010163842615,0.061787543563931215,0.02114774381714766,adamw,False,,onehot
absolute,57,5,leakyrelu,0.0,True,0.037561252408966836,0.06353397327676061,0.01888061485879438,adamw,False,,onehot
absolute,61,3,gelu,0.1,True,0.04404057057632175,0.0497300276379448,0.008829479312993117,adamw,False,,onehot
absolute,61,3,gelu,0.1,True,0.04148875272217663,0.049695214942315054,0.009145365027048028,adamw,False,,onehot
absolute,64,3,mish,0.1,True,0.044925309437525186,0.060104332334098086,0.02328855746672362,adamw,False,,onehot
absolute,62,3,gelu,0.1,True,0.041117873311099236,0.05595359725982827,0.01792035890889201,adamw,False,,onehot
absolute,61,3,gelu,0.1,True,0.045817429438652295,0.05595285256897257,0.015896630999742197,adamw,False,,onehot
absolute,63,3,gelu,0.1,True,0.0011202036878986896,0.06429326870213174,0.02008510781619577,adamw,False,,onehot
absolute,59,3,gelu,0.1,True,0.039144248542765166,0.05095678429004896,0.01049145603727643,adamw,False,,onehot
absolute,61,3,gelu,0.1,True,0.04236301050645578,0.0464085273966485,0.006821519466321218,adamw,False,,onehot
absolute,60,3,gelu,0.1,True,0.03537850920003568,0.047054806867586,0.007810355674466119,adamw,False,,onehot
absolute,60,3,gelu,0.1,True,0.03504668399183633,0.0611150923707046,0.02722862735925884,adamw,False,,onehot
absolute,61,3,gelu,0.1,True,0.04167096507313242,0.05393366608544599,0.018684660042637524,adamw,False,,onehot
absolute,62,3,gelu,0.1,True,0.03659574018267967,0.05009458506075607,0.013733787230395507,adamw,False,,onehot
absolute,63,3,gelu,0.1,True,0.037338053595318776,0.05287029703319148,0.017776556007617586,adamw,False,,onehot
absolute,61,3,gelu,0.1,True,0.0324283022376113,0.05788789863256767,0.02008608557891401,adamw,False,,onehot
absolute,64,3,gelu,0.1,True,0.043412206644158666,0.05774470768954796,0.017180495648505743,adamw,False,,onehot
absolute,62,3,gelu,0.1,True,0.035264237086371275,0.05296745087013529,0.01592739136401234,adamw,False,,onehot
absolute,60,3,gelu,0.1,True,0.0382011062055116,0.05502252413364477,0.017141575596205418,adamw,False,,onehot
absolute,58,3,gelu,0.1,True,0.04004275612008778,0.05887251975176393,0.025310327956766115,adamw,False,,onehot
absolute,61,3,gelu,0.1,True,0.04600123898225477,0.05228093297893247,0.010764666635153242,adamw,False,,onehot
absolute,59,3,gelu,0.1,True,0.049734194412032064,0.05059023828977401,0.014072083216585023,adamw,False,,onehot
absolute,62,3,gelu,0.1,True,0.032369923131255064,0.05166137686365678,0.017449877287023626,adamw,False,,onehot
absolute,60,3,gelu,0.1,True,0.03484180034008392,0.0627456350848738,0.029943875083076218,adamw,False,,onehot
absolute,58,3,gelu,0.0,True,0.030747754238520938,0.05685764343705992,0.020231740911494333,adamw,False,,onehot
absolute,63,3,gelu,0.1,True,0.03002436191753028,0.05894670505140474,0.021134340274873903,adamw,False,,onehot
absolute,52,3,mish,0.1,True,0.02748027587600152,0.04906233267235209,0.01488831526601051,adamw,False,,onehot
absolute,53,3,mish,0.1,True,0.04215714796745359,0.04972539831497192,0.014724693325546169,adamw,False,,onehot
absolute,52,3,mish,0.1,True,0.04091236128088286,0.05549025198063996,0.015121115398399504,adamw,False,,onehot
absolute,52,3,mish,0.1,True,0.04237732031584497,0.05193991634010135,0.008936264363719273,adamw,False,,onehot
absolute,53,3,mish,0.1,True,0.0372677110604559,0.05735134660768169,0.023321713470305358,adamw,False,,onehot
absolute,53,3,mish,0.1,True,0.04530550348736696,0.05055194527224817,0.0131984293757192,adamw,False,,onehot
absolute,54,3,mish,0.1,True,0.026389098922774287,0.05079175033436635,0.02106264989867377,adamw,False,,onehot
absolute,41,3,mish,0.1,True,0.0357801881097105,0.0555942077143539,0.019175509477081985,adamw,False,,onehot
absolute,29,3,mish,0.1,True,0.04011524996378839,0.061728535942660874,0.020080716200344496,adamw,False,,onehot
absolute,59,3,mish,0.1,True,0.033762420324761504,0.048843872417755264,0.010570803733842308,adamw,False,,onehot
absolute,60,3,mish,0.1,True,0.028743274858964662,0.06042152862424621,0.026032678703685527,adamw,False,,onehot
absolute,62,3,mish,0.1,True,0.03404286167459618,0.04770611226572695,0.016086380280382694,adamw,False,,onehot
absolute,61,3,mish,0.1,True,0.03291735529486585,0.059583162850386936,0.017768031090144198,adamw,False,,onehot
absolute,59,3,mish,0.1,True,0.031644401316453144,0.05775343807481035,0.026982773055159184,adamw,False,,onehot
absolute,63,3,mish,0.1,True,0.028898933296358512,0.058211498379131386,0.022210765100875537,adamw,False,,onehot
absolute,62,3,mish,0.1,True,0.034104930709184945,0.06047760533243798,0.029013925889380964,adamw,False,,onehot
absolute,57,3,mish,0.1,True,0.04356064978823021,0.049233838491725,0.010563467139715756,adamw,False,,onehot
absolute,61,3,mish,0.1,True,0.04537956119681524,0.057403323788101285,0.0220266624213947,adamw,False,,onehot
absolute,55,3,mish,0.1,True,0.043073652227733385,0.055563777573080016,0.008141451190609227,adamw,False,,onehot
absolute,57,3,mish,0.1,True,0.04022992969359726,0.0540660694131226,0.012794217293994195,adamw,False,,onehot
absolute,60,3,mish,0.1,True,0.03901602578348853,0.0493209269458341,0.01718010111531074,adamw,False,,onehot
absolute,60,3,mish,0.1,True,0.03858560506124988,0.05852754773324759,0.02597028040504144,adamw,False,,onehot
absolute,62,3,mish,0.1,True,0.04730220935225216,0.05418563580400628,0.01958245836834429,adamw,False,,onehot
absolute,64,3,mish,0.1,True,0.04285319892400257,0.051873804496426604,0.019921794799543195,adamw,False,,onehot
absolute,59,3,mish,0.1,True,0.03580881786259138,0.051778590113207804,0.016347636744211084,adamw,False,,onehot
absolute,12,3,mish,0.1,True,0.03870309335033425,0.05539170021914276,0.01954212051823899,adamw,False,,onehot
absolute,61,3,mish,0.1,True,0.04296584070851574,0.052436523441136126,0.015619195868615585,adamw,False,,onehot
absolute,56,3,mish,0.1,True,0.04738231108234491,0.05284193447186715,0.012087411187373566,adamw,False,,onehot
absolute,60,3,mish,0.1,True,0.0344140866566456,0.05798443747015576,0.03148050847307283,adamw,False,,onehot
absolute,58,3,leakyrelu,0.1,True,0.039285138445864135,0.05482991237823266,0.015622283175953296,adamw,False,,onehot
absolute,58,3,mish,0.1,True,0.036157313476572916,0.05117654050218158,0.010551997637013642,adamw,False,,onehot
absolute,57,3,mish,0.1,True,0.031334728279082284,0.05627467136991848,0.017369947661167357,adamw,False,,onehot
absolute,59,3,gelu,0.1,True,0.005850072479570948,0.06385146346520118,0.0227523863638056,adamw,False,,onehot
absolute,51,3,gelu,0.1,True,0.02705618594101041,0.053811353300198025,0.01817790550841867,adamw,False,,onehot
absolute,62,3,mish,0.1,True,0.041079960631459946,0.05406758653245188,0.013817979765843558,adamw,False,,onehot
absolute,55,3,gelu,0.1,True,0.02381013052979101,0.058607642903946176,0.021265294449566503,adamw,False,,onehot
absolute,61,3,gelu,0.1,True,0.03698358617481337,0.05325405580955078,0.014254121579238303,adamw,False,,onehot
absolute,60,3,gelu,0.1,True,0.03339593596950825,0.056029383000159895,0.018358913145095745,adamw,False,,onehot
absolute,54,3,mish,0.1,True,0.044659050686711305,0.05804063258320592,0.023253673478402813,adamw,False,,onehot
absolute,52,4,gelu,0.1,True,0.0369734870205358,0.05304126537017583,0.014446214093540547,adamw,False,,onehot
absolute,53,4,gelu,0.1,True,0.039412624459935104,0.04859226580865012,0.006010689410978634,adamw,False,,onehot
absolute,51,4,gelu,0.1,True,0.04195973709559074,0.05247523160108752,0.007083849817755692,adamw,False,,onehot
absolute,53,4,gelu,0.1,True,0.039296680993979656,0.04928926497143609,0.013212286866086395,adamw,False,,onehot
absolute,53,4,gelu,0.1,True,0.0392698247953031,0.0490958175387216,0.007914044516664439,adamw,False,,onehot
absolute,53,4,gelu,0.1,True,0.03946748071316925,0.059875205091688,0.022765538530164952,adamw,False,,onehot
absolute,54,4,gelu,0.1,True,0.04675392367994271,0.054516454750056884,0.007799556070612557,adamw,False,,onehot
absolute,52,4,gelu,0.1,True,0.04253284405027877,0.04744719536869802,0.00484264232845339,adamw,False,,onehot
absolute,48,4,gelu,0.1,True,0.03991807432795408,0.054731721181538295,0.012407341083746248,adamw,False,,onehot
absolute,52,4,mish,0.1,True,0.0430746925416583,0.051866366095805264,0.011734300711266356,adamw,False,,onehot
absolute,53,4,gelu,0.1,True,0.043578585752647565,0.056101003392129416,0.006487018851960454,adamw,False,,onehot
absolute,53,4,gelu,0.1,True,0.04973660939264403,0.05429112661205925,0.009132620789940735,adamw,False,,onehot
absolute,50,4,gelu,0.1,True,0.007331386427499064,0.0579967416846631,0.019891151332071744,adamw,False,,onehot
absolute,52,4,gelu,0.1,True,0.03850839666082837,0.057929115024881524,0.02107261781110624,adamw,False,,onehot
absolute,54,4,gelu,0.1,True,0.04091903555205978,0.05624916893152558,0.01471940659918602,adamw,False,,onehot
absolute,51,4,gelu,0.1,True,0.034967058541538816,0.056439426530946836,0.01677400777333246,adamw,False,,onehot
absolute,55,4,gelu,0.1,True,0.0447091624838042,0.06003924798744543,0.008762459058388539,adamw,False,,onehot
absolute,53,4,gelu,0.1,True,0.03869386408549142,0.055173698242604687,0.011087318410662378,adamw,False,,onehot
absolute,49,4,leakyrelu,0.1,True,0.03420191793550182,0.057220805072471424,0.014552965632099587,adamw,False,,onehot
absolute,51,4,mish,0.1,True,0.0032638923602147448,0.060782034206919924,0.02149913536469424,adamw,False,,onehot
absolute,54,4,gelu,0.1,True,0.03749051461060002,0.05790651524936029,0.01607248014013674,adamw,False,,onehot
absolute,52,4,gelu,0.1,True,0.04237468967895877,0.050937587449132266,0.007465559318881011,adamw,False,,onehot
absolute,22,3,gelu,0.1,True,0.03709015319490838,0.06592905345768171,0.028957003859063413,adamw,False,,onehot
absolute,63,4,gelu,0.1,True,0.031399486727831716,0.05413861966326124,0.017439482917308315,adamw,False,,onehot
absolute,54,3,gelu,0.1,True,0.04068906190705112,0.05072193404445513,0.011380787781004736,adamw,False,,onehot
absolute,62,4,gelu,0.2,True,0.046824987194291935,0.07232820224970872,0.010946550433417052,adamw,False,,onehot
absolute,55,3,mish,0.1,True,0.035147905788464225,0.049753540863460656,0.009465503744479868,adamw,False,,onehot
absolute,56,3,mish,0.1,True,0.03261760853072712,0.051183991792869615,0.014652277932024541,adamw,False,,onehot
absolute,55,4,mish,0.1,True,0.03459276674140041,0.05465518865876741,0.013031349296695123,adamw,False,,onehot
absolute,53,3,mish,0.1,True,0.04044183989576409,0.05229408025826071,0.015604299816910656,adamw,False,,onehot
absolute,52,4,mish,0.1,True,0.030047392772472488,0.05642999846629376,0.018460555512134283,adamw,False,,onehot
absolute,50,3,mish,0.1,True,0.043237477535150136,0.05335154366161969,0.01350848997499548,adamw,False,,onehot
absolute,56,4,mish,0.1,True,0.03639102621278184,0.05702287467161207,0.010653220152198441,adamw,False,,onehot
absolute,54,3,mish,0.1,True,0.04580976781146767,0.05890193062926405,0.02230743391148632,adamw,False,,onehot
absolute,55,4,gelu,0.1,True,0.0023747975076328985,0.06178355808071434,0.019111198986708086,adamw,False,,onehot
absolute,57,3,mish,0.1,True,0.03904633246650782,0.056445851627568364,0.014223756450746246,adamw,False,,onehot
absolute,60,4,gelu,0.2,True,0.034345658108269006,0.05809301860232706,0.010369942495792107,adamw,False,,onehot
absolute,51,3,gelu,0.1,True,0.04990186154069237,0.05223117096019673,0.011294613767069498,adamw,False,,onehot
absolute,53,4,mish,0.1,True,0.04135474803940178,0.05658915679179648,0.013330582132338491,adamw,False,,onehot
absolute,53,3,gelu,0.1,True,0.04439441417107698,0.056485787693841036,0.016907922765248683,adamw,False,,onehot
absolute,35,4,gelu,0.1,True,0.029330930620197117,0.060019004290697765,0.01979614526186711,adamw,False,,onehot
absolute,50,3,mish,0.1,True,0.03268576803296139,0.055022824233900994,0.02176137223910855,adamw,False,,onehot
absolute,61,4,gelu,0.1,True,0.037580684263406966,0.05625068730238773,0.0046146504313636615,adamw,False,,onehot
absolute,59,3,gelu,0.1,True,0.039816067036966836,0.053528685933927116,0.01773579088250064,adamw,False,,onehot
absolute,55,4,mish,0.1,True,0.034870317116419344,0.054727518104700085,0.014934041596366368,adamw,False,,onehot
absolute,52,3,gelu,0.1,True,0.04342640493803245,0.05398398238907404,0.009593201091599902,adamw,False,,onehot
absolute,54,5,leakyrelu,0.1,True,0.038362615352496736,0.05276131420164206,0.008533171676386323,adamw,False,,onehot
absolute,56,3,gelu,0.1,True,0.04636977996496336,0.05440258809122036,0.009228669264505177,adamw,False,,onehot
absolute,48,4,gelu,0.2,True,0.031777254602234524,0.05243460059323618,0.00883796704224687,adamw,False,,onehot
absolute,51,4,mish,0.1,True,0.03555289543372822,0.054307694756293136,0.015368386062357782,adamw,False,,onehot
absolute,59,3,gelu,0.1,True,0.041685788852551565,0.061737131419586935,0.028327901775775908,adamw,False,,onehot
absolute,60,5,gelu,0.1,True,0.03967805359266358,0.07141898895547782,0.02407598463753563,adamw,False,,onehot
absolute,57,4,mish,0.1,True,0.029785720460474924,0.0570641446062136,0.021002004189037426,adamw,False,,onehot
absolute,55,3,gelu,0.1,True,0.03723322051789567,0.053081491515108235,0.011105906911352293,adamw,False,,onehot
absolute,52,4,gelu,0.1,True,0.046502455397009035,0.05699663980591992,0.010259603917228022,adamw,False,,onehot
absolute,53,3,mish,0.1,True,0.033477148109143824,0.05155371959755478,0.01043399494268185,adamw,False,,onehot
absolute,61,4,gelu,0.1,True,0.04274265432249694,0.05954475625667713,0.01200672530971198,adamw,False,,onehot
absolute,58,3,gelu,0.1,True,0.027807634273016302,0.05155797429927207,0.013369398322881976,adamw,False,,onehot
absolute,53,5,mish,0.1,True,0.03603176268202847,0.05432559379529976,0.009461241946147716,adamw,False,,onehot
absolute,49,4,gelu,0.1,True,0.040009737134731216,0.051081714219839716,0.012575344863865546,adamw,False,,onehot
absolute,54,3,gelu,0.2,True,0.044110841137737465,0.05773878175872173,0.009399538750283373,adamw,False,,onehot
absolute,59,4,mish,0.1,True,0.03165850606163141,0.04950622115784367,0.009338213441302376,adamw,False,,onehot
absolute,59,3,mish,0.1,True,0.031049104254729062,0.05573374427050504,0.02074978406835851,adamw,False,,onehot
absolute,60,4,mish,0.1,True,0.032820414468301896,0.053490844507593664,0.014273545887667868,adamw,False,,onehot
absolute,58,3,mish,0.1,True,0.028778679098886564,0.04986791546162633,0.017412132010395088,adamw,False,,onehot
absolute,59,3,mish,0.1,True,0.027847486784718628,0.05824547639607626,0.026408614742749383,adamw,False,,onehot
absolute,58,3,mish,0.1,True,0.025984205291700483,0.05663500595014241,0.026627974896464245,adamw,False,,onehot
absolute,61,3,mish,0.1,True,0.02956319642081448,0.0522195491130635,0.014523001196101181,adamw,False,,onehot
absolute,62,3,mish,0.1,True,0.035676067760438794,0.05241324904098645,0.010759627468942415,adamw,False,,onehot
absolute,60,3,mish,0.1,True,0.03789912685684418,0.05601228218717695,0.013605474707989458,adamw,False,,onehot
absolute,57,3,mish,0.1,True,0.034314630618893754,0.04906094242883687,0.008416967986513122,adamw,False,,onehot
absolute,57,3,mish,0.1,True,0.033583483734643496,0.052243589128160434,0.015297813420255947,adamw,False,,onehot
absolute,58,3,mish,0.0,True,0.03835095457357887,0.05656709765692576,0.023122978426144195,adamw,False,,onehot
absolute,58,3,mish,0.1,True,0.041223965899858696,0.05692035434843305,0.014598563674652896,adamw,False,,onehot
absolute,43,3,mish,0.2,True,0.035730266166839636,0.05482504747098337,0.014279131373400181,adamw,False,,onehot
absolute,59,3,mish,0.1,True,0.004086266377248593,0.05786483431247388,0.01629735569638461,adamw,False,,onehot
absolute,57,3,mish,0.1,True,0.033894596006457084,0.05543283611908032,0.019209779660788292,adamw,False,,onehot
absolute,63,5,mish,0.1,True,0.049948711572292914,0.08054596546244422,0.02330236894489349,adamw,False,,onehot
absolute,60,3,mish,0.1,True,0.041015059762630285,0.049431295316862925,0.010185903435564116,adamw,False,,onehot
absolute,34,3,mish,0.1,True,0.01459376597215205,0.049998965381743234,0.013840112069943157,adamw,False,,continuous
absolute,22,3,leakyrelu,0.1,True,0.015004977804383562,0.057683206877902425,0.02223509455601162,adamw,False,,continuous
absolute,58,3,leakyrelu,0.0,True,0.0034359876405443,0.072520014110764,0.030110388532612605,adamw,False,,continuous
absolute,48,3,swish,0.2,True,0.0031538543346632656,0.0684493662998018,0.02089777504112549,adamw,False,,continuous
absolute,27,5,gelu,0.2,True,0.015447864946702776,0.059240419120714816,0.019367879157585085,adamw,False,,continuous
absolute,17,4,gelu,0.0,True,0.0017122429972348044,0.0709406385330652,0.01949342589852843,adamw,False,,continuous
absolute,19,3,swish,0.0,True,0.0039153250012812285,0.0628728669140686,0.016892602321016578,adamw,False,,continuous
absolute,26,5,mish,0.1,True,0.0025275614890233325,0.06450660002577865,0.020171832233310743,adamw,False,,continuous
absolute,59,5,gelu,0.0,True,0.037939008868394686,0.0595812521530357,0.01617355532755899,adamw,False,,continuous
absolute,48,3,swish,0.1,True,0.0016260452863829356,0.06468758455445485,0.019630065596642786,adamw,False,,continuous
absolute,35,4,mish,0.1,True,0.009624288802378131,0.055687066291406906,0.012438049153841509,adamw,False,,continuous
absolute,34,4,mish,0.1,True,0.011111971003259159,0.051300018276171734,0.012229289042665265,adamw,False,,continuous
absolute,37,4,mish,0.1,True,0.031735897180839176,0.05731080059956909,0.017067043070739158,adamw,False,,continuous
absolute,45,4,mish,0.1,True,0.007069272387326349,0.05699221046356469,0.01865040893718336,adamw,False,,continuous
absolute,32,4,mish,0.1,True,0.018221384924905302,0.051250274969513517,0.015456904256860169,adamw,False,,continuous
absolute,12,3,mish,0.1,True,0.02614146952088173,0.06292822832550693,0.0213154854970607,adamw,False,,continuous
absolute,31,4,mish,0.2,True,0.02075185883581801,0.052464442865599266,0.014199836418566003,adamw,False,,continuous
absolute,42,4,mish,0.1,True,0.04966377157300191,0.053956589672775376,0.004405398884765628,adamw,False,,continuous
absolute,40,3,leakyrelu,0.1,True,0.005945179039508771,0.06118593038051271,0.022408632759924312,adamw,False,,continuous
absolute,52,5,mish,0.2,True,0.019128261820242642,0.05466556599689798,0.009165628612592168,adamw,False,,continuous
absolute,31,4,mish,0.1,True,0.010146342983749834,0.05111717052676713,0.013890378372833414,adamw,False,,continuous
absolute,29,4,mish,0.1,True,0.009859870406446428,0.054079614496996935,0.013696815640573469,adamw,False,,continuous
absolute,24,4,mish,0.1,True,0.005600456574605251,0.056852345079403274,0.015355783743355719,adamw,False,,continuous
absolute,33,4,mish,0.1,True,0.014572545645694502,0.05903079096688533,0.01925616592755646,adamw,False,,continuous
absolute,39,4,mish,0.1,True,0.0010146218902639859,0.07111114558672557,0.025087663550441845,adamw,False,,continuous
absolute,32,3,mish,0.1,True,0.010759092624171568,0.05798118642088328,0.017134293965329846,adamw,False,,continuous
absolute,22,4,swish,0.1,True,0.02127052358072404,0.05669159557282005,0.031664756874284626,adamw,False,,continuous
absolute,42,4,leakyrelu,0.1,True,0.004868561301796857,0.06277852126499622,0.0295423004647309,adamw,False,,continuous
absolute,28,5,gelu,0.0,True,0.008412979393215513,0.07079287810397702,0.02790192315522076,adamw,False,,continuous
absolute,36,3,leakyrelu,0.2,True,0.012439467267879072,0.0638442244061262,0.025781442479279174,adamw,False,,continuous
absolute,21,3,mish,0.1,True,0.01661645735047271,0.0606391418836413,0.020322084649983068,adamw,False,,continuous
absolute,34,4,mish,0.1,True,0.012916850184932079,0.048867100269942,0.013666241878253564,adamw,False,,continuous
absolute,30,4,mish,0.1,True,0.024365157772861603,0.048887382162534264,0.007356404469630119,adamw,False,,continuous
absolute,30,4,mish,0.1,True,0.023921265750875317,0.056165885568659486,0.02592484061536511,adamw,False,,continuous
absolute,25,4,mish,0.1,True,0.013405874797771666,0.051692508715085767,0.010770029052811764,adamw,False,,continuous
absolute,37,3,leakyrelu,0.0,True,0.00749543009505023,0.06469179571947314,0.031025775086296305,adamw,False,,continuous
absolute,28,4,gelu,0.2,True,0.02630639949499624,0.05767389842343594,0.015357744879649962,adamw,False,,continuous
absolute,16,3,swish,0.1,True,0.03305513261248368,0.05647799058563165,0.024431259458634,adamw,False,,continuous
absolute,23,5,mish,0.0,True,0.014526355243903841,0.051434246540869664,0.009868323803924871,adamw,False,,continuous
absolute,52,4,gelu,0.1,True,0.00842619907823567,0.05970399561141757,0.022745050963696167,adamw,False,,continuous
absolute,42,3,swish,0.1,True,0.04112481586373262,0.050718279448667455,0.007232271265296856,adamw,False,,continuous
absolute,44,3,swish,0.1,True,0.04943826783277045,0.05072149757559465,0.011238519315040524,adamw,False,,continuous
absolute,63,3,swish,0.1,True,0.04952643442519505,0.04971507009300356,0.0054600678590998215,adamw,False,,continuous
absolute,62,3,swish,0.1,True,0.033530367921862245,0.044253568512914634,0.004864545619970131,adamw,False,,continuous
absolute,56,3,swish,0.1,True,0.0314229417158969,0.05205561579559671,0.017651334694478066,adamw,False,,continuous
absolute,64,3,swish,0.1,True,0.0413070240170559,0.052784853082523474,0.00871432260679712,adamw,False,,continuous
absolute,64,3,swish,0.0,True,0.029789154691704237,0.06075813749139504,0.023955739776974138,adamw,False,,continuous
absolute,61,3,swish,0.1,True,0.03878012175624953,0.0580009581102638,0.017062542042252767,adamw,False,,continuous
absolute,57,3,swish,0.2,True,0.02306599924799822,0.05444167624028691,0.015385741384457197,adamw,False,,continuous
absolute,60,3,swish,0.1,True,0.01776304136497359,0.0562543649572977,0.015101069128765547,adamw,False,,continuous
absolute,53,5,swish,0.1,True,0.027653703168713614,0.053973744904904086,0.005864111112913161,adamw,False,,continuous
absolute,62,3,swish,0.1,True,0.04291804897451351,0.05026958315329273,0.011938945405167793,adamw,False,,continuous
absolute,62,3,swish,0.1,True,0.03653656301790405,0.0499135176130588,0.014380653511994553,adamw,False,,continuous
absolute,54,3,swish,0.1,True,0.034948172720616406,0.05631180731033617,0.016679927322616733,adamw,False,,continuous
absolute,59,3,swish,0.1,True,0.04836736600894033,0.054265561297368266,0.01860888165016889,adamw,False,,continuous
absolute,50,3,swish,0.1,True,0.03595564565142092,0.05363380207145184,0.010579358529624062,adamw,False,,continuous
absolute,34,3,mish,0.1,True,0.01982714456234438,0.05467266211835318,0.01377475049336633,adamw,False,,continuous
absolute,62,3,gelu,0.1,True,0.02485524424064636,0.05052805159705248,0.01363908297673256,adamw,False,,continuous
absolute,56,5,mish,0.1,True,0.028996549427562263,0.05404996739626335,0.01297709856202276,adamw,False,,continuous
absolute,48,3,leakyrelu,0.2,True,0.016236042817548483,0.05567875430134785,0.025207368092574248,adamw,False,,continuous
absolute,26,4,mish,0.1,True,0.012459107418928616,0.058653602331185474,0.017696514607333458,adamw,False,,continuous
absolute,63,3,swish,0.1,True,0.04408005384635027,0.05470929385812261,0.0137113683004401,adamw,False,,continuous
absolute,59,3,swish,0.1,True,0.043848469171794066,0.05419299051910054,0.01373695941421106,adamw,False,,continuous
absolute,62,3,swish,0.1,True,0.03544661595338966,0.053076643384061886,0.013865891674327478,adamw,False,,continuous
absolute,35,3,swish,0.1,True,0.02159669924892116,0.05348372851432824,0.014050412025510151,adamw,False,,continuous
absolute,58,3,swish,0.1,True,0.031827871662337755,0.055660080381112066,0.02080232889040438,adamw,False,,continuous
absolute,61,4,mish,0.0,True,0.037917664664293235,0.0651550322342053,0.031412603095645614,adamw,False,,continuous
absolute,38,3,mish,0.1,True,0.002453153931001123,0.061303048500043075,0.018575417164129613,adamw,False,,continuous
absolute,33,4,swish,0.1,True,0.044572523583100834,0.04906629053020552,0.0097250039103664,adamw,False,,continuous
absolute,33,4,mish,0.1,True,0.02685603940508749,0.055926601737246326,0.01601731402339902,adamw,False,,continuous
absolute,40,4,leakyrelu,0.1,True,0.046115512726694716,0.058880746240570235,0.013244829393455141,adamw,False,,continuous
absolute,30,4,swish,0.1,True,0.03453502347573783,0.05318442378199243,0.01150785637717848,adamw,False,,continuous
absolute,32,4,swish,0.1,True,0.03955092978312138,0.04848517960294981,0.012409722864922292,adamw,False,,continuous
absolute,32,4,swish,0.1,True,0.038550889703728164,0.0524373200942948,0.02047748330982281,adamw,False,,continuous
absolute,35,4,swish,0.1,True,0.029628096368568668,0.049885625338452325,0.011918032150925186,adamw,False,,continuous
absolute,36,4,swish,0.1,True,0.03009403927974501,0.051523426619547306,0.014454400725352697,adamw,False,,continuous
absolute,28,4,swish,0.1,True,0.023131511667014843,0.05366205849391133,0.01604378095579174,adamw,False,,continuous
absolute,34,4,swish,0.2,True,0.03265238561347235,0.04991821540366928,0.006932680128925724,adamw,False,,continuous
absolute,30,4,swish,0.1,True,0.04937544269249392,0.05828922491950945,0.02593405024551079,adamw,False,,continuous
absolute,37,4,swish,0.1,True,0.04078871202644418,0.05128222993169485,0.007408450813349331,adamw,False,,continuous
absolute,40,4,gelu,0.0,True,0.0278405987260944,0.05735585501752979,0.02021136916959411,adamw,False,,continuous
absolute,35,4,swish,0.2,True,0.03285047593230673,0.055571106928701486,0.015644665078009684,adamw,False,,continuous
absolute,33,4,swish,0.2,True,0.037323538429582005,0.048946444756892936,0.012289312072604204,adamw,False,,continuous
absolute,31,4,swish,0.2,True,0.037392785368554636,0.06116339762323333,0.0228007473892949,adamw,False,,continuous
absolute,33,4,swish,0.2,True,0.045905448901683465,0.06144582159234788,0.013224114723598676,adamw,False,,continuous
absolute,28,4,swish,0.2,True,0.02500212011628415,0.056304032150869085,0.016979575693477217,adamw,False,,continuous
absolute,37,4,swish,0.1,True,0.04289353870946295,0.05262966498297974,0.005428371911537571,adamw,False,,continuous
absolute,32,4,swish,0.1,True,0.029542602879465755,0.05190605221570967,0.014629519378641357,adamw,False,,continuous
absolute,25,4,swish,0.1,True,0.04042086957691742,0.046268453304929916,0.005576151810318293,adamw,False,,continuous
absolute,19,4,swish,0.2,True,0.04036538957179733,0.06098000997595905,0.022163838101847442,adamw,False,,continuous
absolute,25,4,leakyrelu,0.1,True,0.018466162261157614,0.04709188301837881,0.006899720734124636,adamw,False,,continuous
absolute,26,4,leakyrelu,0.1,True,0.018625274351217958,0.05608035457514169,0.025428244421810155,adamw,False,,continuous
absolute,24,4,leakyrelu,0.1,True,0.027432097140782333,0.050854727169875526,0.01313648182007439,adamw,False,,continuous
absolute,29,4,leakyrelu,0.1,True,0.016866839532114188,0.05276647140652426,0.017478360508389724,adamw,False,,continuous
absolute,20,4,leakyrelu,0.1,True,0.022550039196040296,0.0504470624242765,0.014433686816391568,adamw,False,,continuous
absolute,23,4,gelu,0.1,True,0.049791022728510936,0.06025653915736263,0.023506810519274505,adamw,False,,continuous
absolute,27,5,swish,0.1,True,0.03454655868948367,0.06215111321187845,0.018147974309634617,adamw,False,,continuous
absolute,34,4,leakyrelu,0.1,True,0.015111632049347191,0.06003323029661242,0.028215686739700787,adamw,False,,continuous
absolute,30,4,swish,0.0,True,0.02524938760795169,0.057070893623548384,0.018220053624355668,adamw,False,,continuous
absolute,15,4,swish,0.1,True,0.03072575437401745,0.051759343569855135,0.013836629874331905,adamw,False,,continuous
absolute,25,4,mish,0.1,True,0.02032698760105257,0.04915700261782452,0.008333659299310523,adamw,True,,continuous
absolute,25,4,mish,0.1,True,0.02011501551488953,0.06494324392385953,0.02426558400499228,adamw,True,,continuous
absolute,21,4,mish,0.1,True,0.014027630631284921,0.056489776271388174,0.016186359060793718,adamw,True,,continuous
absolute,25,4,mish,0.1,True,0.01125514998963653,0.05724980623692672,0.018283305103316046,adamw,True,,continuous
absolute,27,4,mish,0.1,True,0.020851728645068856,0.05576120699015983,0.012874923319280956,adamw,True,,continuous
absolute,31,4,mish,0.1,True,0.001024934617952917,0.07371517822624449,0.01961726705252884,adamw,True,,continuous
absolute,33,4,swish,0.1,True,0.04467551430380926,0.04844358720391047,0.011614970218167958,adamw,True,,continuous
absolute,23,5,mish,0.1,True,0.04595380644123556,0.054202030783788886,0.0073264818152854435,adamw,True,,continuous
absolute,29,4,swish,0.2,True,0.04058822745841579,0.05158008888559669,0.006331102803793625,adamw,True,,continuous
absolute,33,4,leakyrelu,0.1,True,0.0376144558485424,0.062101083520107465,0.01211434913016854,adamw,True,,continuous
absolute,45,4,swish,0.1,True,0.04492016299263545,0.05080148011562309,0.009284597412011148,adamw,True,,continuous
absolute,35,4,swish,0.1,True,0.03285472651431708,0.05268767326530538,0.017543690397000714,adamw,True,,continuous
absolute,39,4,swish,0.1,True,0.039900538837467935,0.05607483341647725,0.014647085890210713,adamw,True,,continuous
absolute,36,4,swish,0.1,True,0.035567454281652484,0.04885775508769792,0.013950289615681264,adamw,True,,continuous
absolute,27,4,swish,0.1,True,0.03668289215259099,0.061078661140800426,0.017912573469690614,adamw,True,,continuous
absolute,32,4,swish,0.1,True,0.043800860520681384,0.05442523275057142,0.017845208272689636,adamw,True,,continuous
absolute,36,4,mish,0.1,True,0.04766572499282334,0.05163123178842997,0.003450766087024695,adamw,True,,continuous
absolute,31,4,swish,0.1,True,0.017610293040412013,0.054662292020810084,0.013948393271012915,adamw,True,,continuous
absolute,34,4,gelu,0.1,True,0.006503747597328976,0.05450403583199813,0.013084322802160995,adamw,True,,continuous
absolute,38,4,swish,0.0,True,0.0334500991241646,0.05809559088078248,0.02083866153158153,adamw,True,,continuous
absolute,29,5,mish,0.1,True,0.041835977276517736,0.05472938792665897,0.008494354668995896,adamw,True,,continuous
absolute,35,4,swish,0.1,True,0.02893983144692801,0.0575929998333815,0.01925578316540973,adamw,True,,continuous
absolute,36,4,swish,0.1,True,0.02413929606789919,0.05613926692578023,0.016344437792163734,adamw,True,,continuous
absolute,33,4,swish,0.1,True,0.030959259534656964,0.052684529780416815,0.010453617135017015,adamw,True,,continuous
absolute,38,4,swish,0.1,True,0.0040009747124071715,0.05520763911884846,0.010609499719166963,adamw,True,,continuous
absolute,32,4,swish,0.2,True,0.03763165712858405,0.051316512844363296,0.006795318193171959,adamw,True,,continuous
absolute,36,4,swish,0.1,True,0.02666052038661101,0.05304142203166708,0.010090896215501551,adamw,True,,continuous
absolute,33,4,swish,0.1,True,0.03429775592019696,0.0559046058445891,0.017493032902137155,adamw,True,,continuous
absolute,24,4,swish,0.1,True,0.02138937885521653,0.05303537160005787,0.012305391502798805,adamw,True,,continuous
absolute,31,4,leakyrelu,0.1,True,0.008867155515318382,0.062325189582516025,0.027481325508164654,adamw,True,,continuous
absolute,30,4,mish,0.1,True,0.04039504856207419,0.0466612339331327,0.006592372036646705,adamw,True,,continuous
absolute,29,4,mish,0.1,True,0.03950807293813434,0.05486343973876222,0.01585787107208771,adamw,True,,continuous
absolute,34,4,mish,0.1,True,0.04344507754606603,0.05049350942473582,0.01142584273871161,adamw,True,,continuous
absolute,26,4,mish,0.1,True,0.046194355696836144,0.057823785452756064,0.017605374366490144,adamw,True,,continuous
absolute,30,4,mish,0.1,True,0.03668596115860612,0.0551650768271726,0.014660150583137363,adamw,True,,continuous
absolute,22,4,mish,0.1,True,0.03070736469143495,0.052881918615579546,0.014850468166123369,adamw,True,,continuous
absolute,34,4,swish,0.2,True,0.01912615399002425,0.04748491600076149,0.011965105584567587,adamw,True,,continuous
absolute,64,4,swish,0.2,True,0.018847038429365567,0.04761720206843774,0.010894183472007914,adamw,True,,continuous
absolute,28,4,swish,0.2,True,0.016758969674990257,0.0615656114069117,0.020240614351542032,adamw,True,,continuous
absolute,32,4,mish,0.2,True,0.019668685182340443,0.05806433989757381,0.018079552829784167,adamw,True,,continuous
absolute,30,4,swish,0.2,True,0.018486600652952045,0.05650726923459003,0.019027316208813785,adamw,True,,continuous
absolute,64,4,swish,0.2,True,0.022445324500136258,0.05306490059163582,0.010576495620071808,adamw,True,,continuous
absolute,62,4,swish,0.2,True,0.014821039779810447,0.058558537078617766,0.017738579755123794,adamw,True,,continuous
absolute,63,3,swish,0.2,True,0.015484418868190547,0.0536339671937089,0.013315211408370798,adamw,True,,continuous
absolute,33,4,swish,0.2,True,0.04091148241825345,0.05644345926011581,0.015514320770618413,adamw,True,,continuous
absolute,24,4,swish,0.2,True,0.012727403303124578,0.05850509921441621,0.02120027460386115,adamw,True,,continuous
absolute,60,5,leakyrelu,0.2,True,0.04998782414986482,0.07817772921113568,0.012189839470025408,adamw,True,,continuous
absolute,61,4,gelu,0.2,True,0.03536263074263209,0.0550442225382906,0.00629952253829836,adamw,True,,continuous
absolute,64,3,mish,0.0,True,0.01869508015607038,0.05339065235534887,0.010422776424118752,adamw,True,,continuous
absolute,34,4,swish,0.1,True,0.023946430778878584,0.05349519708295362,0.015311136462101275,adamw,True,,continuous
absolute,37,4,swish,0.1,True,0.042928535099910035,0.05206103900825239,0.007820525708221636,adamw,True,,continuous
absolute,34,4,swish,0.1,True,0.027687250900870247,0.05236386007013122,0.013136035045412796,adamw,True,,continuous
absolute,35,4,swish,0.1,True,0.025923305485374592,0.057426958998401764,0.013194442214985568,adamw,True,,continuous
absolute,31,4,swish,0.1,True,0.02040965385139251,0.058482446170947375,0.015239413714803843,adamw,True,,continuous
absolute,36,4,swish,0.1,True,0.03872655510939593,0.05427143097308307,0.015644198691018362,adamw,True,,continuous
absolute,32,4,swish,0.1,True,0.032317923607029626,0.04989320485538668,0.01450856866094155,adamw,True,,continuous
absolute,26,4,mish,0.1,True,0.035035111701641544,0.059618771439341876,0.01872204057933149,adamw,True,,continuous
absolute,35,4,swish,0.2,True,0.046191270682453336,0.058343638973614026,0.010298133210831008,adamw,True,,continuous
absolute,33,3,swish,0.1,True,0.022750673568482992,0.059187313414742176,0.02386513470387415,adamw,True,,continuous
absolute,37,4,leakyrelu,0.1,True,0.011508553011156634,0.05461658020648755,0.017015010408902614,adamw,True,,continuous
absolute,27,4,swish,0.1,True,0.029443203814039805,0.05328567368885645,0.015532608475515616,adamw,True,,continuous
absolute,32,4,swish,0.1,True,0.031663960549371595,0.047077972561443054,0.012363557714498076,adamw,True,,continuous
absolute,31,4,swish,0.1,True,0.039252459254680135,0.05496059748342928,0.014219661248445953,adamw,True,,continuous
absolute,33,4,swish,0.1,True,0.032985699241034394,0.05499892403447682,0.021009360017311227,adamw,True,,continuous
absolute,63,4,swish,0.1,True,0.04356279151975935,0.051637588498829864,0.011736863475409537,adamw,True,,continuous
absolute,39,4,swish,0.1,True,0.035993377529485365,0.05357669143743903,0.00762207097221675,adamw,True,,continuous
absolute,30,4,mish,0.1,True,0.01631524685964766,0.04522428937061442,0.007862373033836129,adamw,True,,continuous
absolute,29,4,mish,0.1,True,0.0184803523904914,0.04628090019929478,0.01084273606482322,adamw,True,,continuous
absolute,29,4,mish,0.1,True,0.017623112977092337,0.055153624467927376,0.014004704897838626,adamw,True,,continuous
absolute,30,4,mish,0.1,True,0.016112286861306994,0.05812616995717236,0.0173843101062713,adamw,True,,continuous
absolute,28,4,mish,0.2,True,0.019236498724991745,0.05276116090002934,0.008803822751670064,adamw,True,,continuous
absolute,32,4,mish,0.1,True,0.016792482201085153,0.048947881333605066,0.010573489131209129,adamw,True,,continuous
absolute,32,4,mish,0.1,True,0.017273008574120476,0.04801903954631469,0.009300774726229477,adamw,True,,continuous
absolute,31,4,mish,0.1,True,0.0139079889820683,0.05362720115645166,0.013124501681713491,adamw,True,,continuous
absolute,32,4,mish,0.1,True,0.016070535567715736,0.0588727301070886,0.019884942010305242,adamw,True,,continuous
absolute,32,4,mish,0.1,True,0.01642127680435469,0.05649879394823114,0.01739347952057026,adamw,True,,continuous
absolute,29,4,mish,0.1,True,0.017178696928408448,0.05989008137139455,0.020159611267600474,adamw,True,,continuous
absolute,31,4,mish,0.0,True,0.013246536430929984,0.05960610480217129,0.017950107833688597,adamw,True,,continuous
absolute,34,4,mish,0.1,True,0.014788366891824131,0.04864992468022865,0.012278155234646884,adamw,True,,continuous
absolute,30,4,mish,0.1,True,0.015117026937453829,0.05610116726499628,0.01929935951539922,adamw,True,,continuous
absolute,34,4,mish,0.1,True,0.017830147716456586,0.05764670895799093,0.022226111920056853,adamw,True,,continuous
absolute,33,4,mish,0.1,True,0.014436455474861429,0.05645575947755822,0.01865393513537229,adamw,True,,continuous
absolute,32,4,mish,0.1,True,0.019418694965269188,0.05186195007104055,0.013809195006869172,adamw,True,,continuous
absolute,34,4,mish,0.1,True,0.01816081619250084,0.05227656261242351,0.014411361464196266,adamw,True,,continuous
absolute,35,4,mish,0.1,True,0.021506732101640585,0.05804922316395555,0.02604054285302823,adamw,True,,continuous
absolute,30,5,mish,0.1,True,0.015970841681872745,0.06270554470101225,0.02476975603869941,adamw,True,,continuous
absolute,33,4,mish,0.2,True,0.014266756044400076,0.059945243406938874,0.013187789024811544,adamw,True,,continuous
absolute,31,4,mish,0.1,True,0.012486526682606157,0.05550169788617789,0.01602988697418444,adamw,True,,continuous
absolute,34,4,gelu,0.1,True,0.017074647740805457,0.05552632884683919,0.017542117097705156,adamw,True,,continuous
absolute,29,4,mish,0.1,True,0.019528789660312573,0.054850182751500234,0.016630344096858537,adamw,True,,continuous
absolute,32,4,leakyrelu,0.1,True,0.015407269299477604,0.06037370334580421,0.017047000483111283,adamw,True,,continuous
absolute,25,4,mish,0.1,True,0.02134958514119128,0.05506536267404434,0.018204390159076204,adamw,True,,continuous
absolute,28,4,mish,0.1,True,0.0204368745268991,0.05423914481952288,0.01740890272452465,adamw,True,,continuous
absolute,23,4,mish,0.1,True,0.01827085797405671,0.05798991121824459,0.0189279288099131,adamw,True,,continuous
absolute,27,4,mish,0.1,True,0.03954809025969861,0.04787394628069984,0.010437184103869145,adamw,True,,continuous
absolute,27,4,mish,0.1,True,0.040866441755918026,0.05085919549011567,0.012607514581917462,adamw,True,,continuous
absolute,31,4,mish,0.2,True,0.03740384731096979,0.05496937886352612,0.010955329292556671,adamw,True,,continuous
absolute,29,4,mish,0.1,True,0.040884186856641684,0.05576888890403501,0.016405838663447574,adamw,True,,continuous
absolute,33,4,mish,0.1,True,0.04422305518590711,0.045727755204457085,0.006709799544627333,adamw,True,,continuous
absolute,30,4,mish,0.1,True,0.0346261942241322,0.05389538257599091,0.014131993578076376,adamw,True,,continuous
absolute,26,4,mish,0.1,True,0.01335407754368341,0.056306270896697486,0.013154118542392805,adamw,True,,continuous
absolute,33,4,mish,0.1,True,0.0461014334784287,0.0576458163237825,0.01073720599104417,adamw,True,,continuous
absolute,35,4,mish,0.1,True,0.04331413372126017,0.0551842006979418,0.011736432068993032,adamw,True,,continuous
absolute,32,4,mish,0.1,True,0.03714197348564073,0.05087937272017762,0.00933450006700468,adamw,True,,continuous
absolute,36,4,swish,0.1,True,0.040792687782917086,0.05678883800783373,0.008637016055606754,adamw,True,,continuous
absolute,33,4,leakyrelu,0.1,True,0.03885270909801608,0.06815346146776939,0.02511227303095725,adamw,True,,continuous
absolute,28,4,mish,0.2,True,0.04644315593989707,0.057643003152100525,0.009657113625230244,adamw,True,,continuous
absolute,31,4,swish,0.1,True,0.04991751329133216,0.05145005288417746,0.007623149156155902,adamw,True,,continuous
absolute,34,4,swish,0.1,True,0.01677737028322784,0.05151335765149969,0.009076596824796413,adamw,True,,continuous
absolute,32,4,mish,0.1,True,0.002469353042412809,0.06417575013186295,0.016823672286303864,adamw,True,,continuous
absolute,35,4,swish,0.0,True,0.005346459671409775,0.06125838523280276,0.02091020147910477,adamw,True,,continuous
absolute,25,4,mish,0.1,True,0.017055712431275627,0.05925939216264783,0.016472628998642366,adamw,True,,continuous
absolute,25,4,mish,0.1,True,0.018801156977435785,0.05474767849013978,0.011280655253973922,adamw,True,,continuous
absolute,27,4,mish,0.1,True,0.02004670024012129,0.05655570992991515,0.017290387905335887,adamw,True,,continuous
absolute,50,4,mish,0.1,True,0.04313603811330942,0.058722481410574776,0.009088920474298113,adamw,True,,continuous
absolute,30,4,mish,0.1,True,0.02315649987632162,0.047090986420595976,0.010357855851103579,adamw,True,,continuous
absolute,30,4,mish,0.1,True,0.024511990319682344,0.05527489307944655,0.015372000230112553,adamw,True,,continuous
absolute,31,5,swish,0.2,True,0.03599055344183608,0.05486308838377037,0.005691695395874614,adamw,True,,continuous
absolute,33,4,mish,0.1,True,0.031307179998211705,0.055062346706311625,0.01593280472735134,adamw,True,,continuous
absolute,29,4,swish,0.1,True,0.02340354689520689,0.05134466135234808,0.016816722296229308,adamw,True,,continuous
absolute,34,4,gelu,0.1,True,0.01575951249227067,0.060493943181528426,0.01728939731780833,adamw,True,,continuous
absolute,24,4,mish,0.1,True,0.02055878035700075,0.05852263658856829,0.02366856657209284,adamw,True,,continuous
absolute,32,4,mish,0.1,True,0.01782049520981858,0.05283480515451884,0.008919516065833594,adamw,True,,continuous
absolute,30,4,mish,0.1,True,0.02189773856559184,0.053669081516884334,0.017178008326250657,adamw,True,,continuous
absolute,28,4,mish,0.1,True,0.018798381153196417,0.05175047779019757,0.012055111130575516,adamw,True,,continuous
absolute,27,4,mish,0.1,True,0.040577634409115264,0.05084287770277505,0.013802620038461085,adamw,True,,continuous
absolute,33,4,leakyrelu,0.1,True,0.04368893681107626,0.06860211878601928,0.017750344664359298,adamw,True,,continuous
absolute,34,4,swish,0.2,True,0.03350946169764978,0.05563153496106092,0.006879191397738196,adamw,True,,continuous
absolute,31,4,mish,0.1,True,0.03787930936152828,0.06287217307952128,0.02750801771593496,adamw,True,,continuous
absolute,26,4,swish,0.1,True,0.021605803508457647,0.0558047673495287,0.01949403349347727,adamw,True,,continuous
absolute,32,4,mish,0.1,True,0.007413366932681623,0.06380463352602457,0.0211906605714444,adamw,True,,continuous
absolute,61,3,swish,0.1,True,0.0479738270347272,0.053715934003731536,0.004882929279028882,adamw,True,,continuous
absolute,63,3,swish,0.1,True,0.04511566042919477,0.05103970580124778,0.006468437493295598,adamw,True,,continuous
absolute,30,3,swish,0.1,True,0.04219998112856057,0.05077631276982898,0.011280884451231356,adamw,True,,continuous
absolute,36,3,swish,0.1,True,0.019218782591375,0.056322786301613526,0.015218314942948662,adamw,True,,continuous
absolute,32,4,swish,0.1,True,0.01540169914742807,0.05815070333180405,0.018624595167296733,adamw,True,,continuous
absolute,24,3,mish,0.1,True,0.039420828010396924,0.04792015021167752,0.009865944581219305,adamw,True,,continuous
absolute,23,3,mish,0.1,True,0.03862885171017468,0.05493853058421733,0.015430079963902572,adamw,True,,continuous
absolute,24,4,mish,0.2,True,0.03552723310136988,0.05904448272181445,0.011573243023872163,adamw,True,,continuous
absolute,22,4,mish,0.1,True,0.017639706183286512,0.05292550339322901,0.014114911134893824,adamw,True,,continuous
absolute,25,4,mish,0.1,True,0.032847750441066734,0.04886577078010555,0.011262026929039359,adamw,True,,continuous
absolute,25,4,mish,0.1,True,0.0021455762381120775,0.06372320578623036,0.01623407614852914,adamw,True,,continuous
absolute,26,4,mish,0.1,True,0.032007902750970214,0.05483718687890075,0.02537994842667895,adamw,True,,continuous
absolute,24,4,mish,0.1,True,0.0275713226093218,0.051222707367078665,0.014804612240935537,adamw,True,,continuous
absolute,23,4,mish,0.1,True,0.03382858226988091,0.053480700786802136,0.013795485749396716,adamw,True,,continuous
absolute,25,4,mish,0.1,True,0.03918234663984885,0.05989256374964282,0.019916093528792558,adamw,True,,continuous
absolute,33,4,mish,0.1,True,0.036074099682500624,0.05162079778417232,0.010564065164242504,adamw,True,,continuous
absolute,27,4,mish,0.1,True,0.04129333480015188,0.04760463423823567,0.00896929029178079,adamw,True,,continuous
absolute,28,4,mish,0.1,True,0.042346822943544964,0.04692350906473045,0.0076566458006686626,adamw,True,,continuous
absolute,27,4,mish,0.1,True,0.04024166207031577,0.055981135398371795,0.017572583912880253,adamw,True,,continuous
